"STATION","NAME","DATE","PRCP","SNOW","SNWD","TAVG","TMAX","TMIN","WT01","WT02","WT03","WT04","WT05","WT06","WT08"
"USW00094290","SEATTLE SAND POINT WEATHER FORECAST OFFICE, WA US","2018-01-01","0.00","0.0","0.0",,"44","31",,,,,,,
"USW00094290","SEATTLE SAND POINT WEATHER FORECAST OFFICE, WA US","2018-01-02","0.00","0.0","0.0",,"45","34",,,,,,,
"USW00094290","SEATTLE SAND POINT WEATHER FORECAST OFFICE, WA US","2018-01-03","0.00","0.0","0.0",,"49","32",,,,,,,
"USW00094290","SEATTLE SAND POINT WEATHER FORECAST OFFICE, WA US","2018-01-04","0.09","0.0","0.0",,"46","34",,,,,,,
"USW00094290","SEATTLE SAND POINT WEATHER FORECAST OFFICE, WA US","2018-01-05","0.36","0.0","0.0",,"51","44","    1",,,,,,
"USW00094290","SEATTLE SAND POINT WEATHER FORECAST OFFICE, WA US","2018-01-06","0.45","0.0","0.0",,"47","43","    1",,,,,,
"USW00094290","SEATTLE SAND POINT WEATHER FORECAST OFFICE, WA US","2018-01-07","0.55","0.0","0.0",,"45","42","    1",,,,,,
"USW00094290","SEATTLE SAND POINT WEATHER FORECAST OFFICE, WA US","2018-01-08","0.15","0.0","0.0",,"48","44","    1",,,,,,
"USW00094290","SEATTLE SAND POINT WEATHER FORECAST OFFICE, WA US","2018-01-09","0.69","0.0","0.0",,"46","40","    1",,,,,,
"USW00094290","SEATTLE SAND POINT WEATHER FORECAST OFFICE, WA US","2018-01-10","0.12","0.0","0.0",,"46","41",,,,,,,
"USW00094290","SEATTLE SAND POINT WEATHER FORECAST OFFICE, WA US","2018-01-11","0.93","0.0","0.0",,"50","41",,,,,,,
"USW00094290","SEATTLE SAND POINT WEATHER FORECAST OFFICE, WA US","2018-01-12","0.15","0.0","0.0",,"52","47",,,,,,,
"USW00094290","SEATTLE SAND POINT WEATHER FORECAST OFFICE, WA US","2018-01-13","0.01","0.0","0.0",,"56","44",,,,,,,
"USW00094290","SEATTLE SAND POINT WEATHER FORECAST OFFICE, WA US","2018-01-14","0.00","0.0","0.0",,"58","40",,,,,,,
"USW00094290","SEATTLE SAND POINT WEATHER FORECAST OFFICE, WA US","2018-01-15","0.10","0.0","0.0",,"64","38",,,,,,,
"USW00094290","SEATTLE SAND POINT WEATHER FORECAST OFFICE, WA US","2018-01-16","0.18","0.0","0.0",,"55","44",,,,,,,
"USW00094290","SEATTLE SAND POINT WEATHER FORECAST OFFICE, WA US","2018-01-17","0.49","0.0","0.0",,"55","42","    1",,,,,,
"USW00094290","SEATTLE SAND POINT WEATHER FORECAST OFFICE, WA US","2018-01-18","0.79","0.0","0.0",,"51","39","    1",,,,,,
"USW00094290","SEATTLE SAND POINT WEATHER FORECAST OFFICE, WA US","2018-01-19","0.02","0.0","0.0",,"46","38",,,,,,,
"USW00094290","SEATTLE SAND POINT WEATHER FORECAST OFFICE, WA US","2018-01-20","0.04","0.0","0.0",,"50","41",,,,,,,
"USW00094290","SEATTLE SAND POINT WEATHER FORECAST OFFICE, WA US","2018-01-21","0.26","0.0","0.0",,"51","41",,,,,,,
"USW00094290","SEATTLE SAND POINT WEATHER FORECAST OFFICE, WA US","2018-01-22","0.12","0.0","0.0",,"48","41",,,,,,,
"USW00094290","SEATTLE SAND POINT WEATHER FORECAST OFFICE, WA US","2018-01-23","0.83","0.0","0.0",,"47","40",,,,,,,
"USW00094290","SEATTLE SAND POINT WEATHER FORECAST OFFICE, WA US","2018-01-24","0.36","0.0","0.0",,"50","42",,,,,,,
"USW00094290","SEATTLE SAND POINT WEATHER FORECAST OFFICE, WA US","2018-01-25","0.09","0.0","0.0",,"44","40",,,,,,,
"USW00094290","SEATTLE SAND POINT WEATHER FORECAST OFFICE, WA US","2018-01-26","0.13","0.0","0.0",,"43","39",,,,,,,
"USW00094290","SEATTLE SAND POINT WEATHER FORECAST OFFICE, WA US","2018-01-27","0.50","0.0","0.0",,"49","40",,,,,,,
"USW00094290","SEATTLE SAND POINT WEATHER FORECAST OFFICE, WA US","2018-01-28","0.06","0.0","0.0",,"53","43",,,,,,,
"USW00094290","SEATTLE SAND POINT WEATHER FORECAST OFFICE, WA US","2018-01-29","0.89","0.0","0.0",,"49","42",,,,,,,
"USW00094290","SEATTLE SAND POINT WEATHER FORECAST OFFICE, WA US","2018-01-30","0.06","0.0","0.0",,"50","41",,,,,,,
"USW00094290","SEATTLE SAND POINT WEATHER FORECAST OFFICE, WA US","2018-01-31","0.00","0.0","0.0",,"46","41",,,,,,,
"USW00094290","SEATTLE SAND POINT WEATHER FORECAST OFFICE, WA US","2018-02-01","0.51","0.0","0.0",,"46","43","    1",,,,,,
"USW00094290","SEATTLE SAND POINT WEATHER FORECAST OFFICE, WA US","2018-02-02","0.10","0.0","0.0",,"54","44",,,,,,,
"USW00094290","SEATTLE SAND POINT WEATHER FORECAST OFFICE, WA US","2018-02-03","0.52","0.0","0.0",,"50","48","    1",,,,,,
"USW00094290","SEATTLE SAND POINT WEATHER FORECAST OFFICE, WA US","2018-02-04","0.03","0.0","0.0",,"57","48","    1",,,,,,
"USW00094290","SEATTLE SAND POINT WEATHER FORECAST OFFICE, WA US","2018-02-05","0.15","0.0","0.0",,"51","45","    1",,,,,,
"USW00094290","SEATTLE SAND POINT WEATHER FORECAST OFFICE, WA US","2018-02-06","0.11","0.0","0.0",,"48","44",,,,,,,
"USW00094290","SEATTLE SAND POINT WEATHER FORECAST OFFICE, WA US","2018-02-07","0.01","0.0","0.0",,"52","46",,,,,,,
"USW00094290","SEATTLE SAND POINT WEATHER FORECAST OFFICE, WA US","2018-02-08","0.14","0.0","0.0",,"53","44",,,,,,,
"USW00094290","SEATTLE SAND POINT WEATHER FORECAST OFFICE, WA US","2018-02-09","0.05","0.0","0.0",,"47","39",,,,,,,
"USW00094290","SEATTLE SAND POINT WEATHER FORECAST OFFICE, WA US","2018-02-10","0.00","0.0","0.0",,"47","30",,,,,,,
"USW00094290","SEATTLE SAND POINT WEATHER FORECAST OFFICE, WA US","2018-02-11","0.00","0.0","0.0",,"47","34",,,,,,,
"USW00094290","SEATTLE SAND POINT WEATHER FORECAST OFFICE, WA US","2018-02-12","0.00","0.0","0.0",,"47","31",,,,,,,
"USW00094290","SEATTLE SAND POINT WEATHER FORECAST OFFICE, WA US","2018-02-13","0.20","0.0","0.0",,"46","27",,,,,,,
"USW00094290","SEATTLE SAND POINT WEATHER FORECAST OFFICE, WA US","2018-02-14","0.16","0.0","0.0",,"43","38",,,,,,,
"USW00094290","SEATTLE SAND POINT WEATHER FORECAST OFFICE, WA US","2018-02-15","0.00","0.0","0.0",,"45","36",,,,,,,
"USW00094290","SEATTLE SAND POINT WEATHER FORECAST OFFICE, WA US","2018-02-16","0.23","0.0","0.0",,"47","41",,,,,,,
"USW00094290","SEATTLE SAND POINT WEATHER FORECAST OFFICE, WA US","2018-02-17","0.17","0.0","0.0",,"52","40",,,,,,,
"USW00094290","SEATTLE SAND POINT WEATHER FORECAST OFFICE, WA US","2018-02-18","0.00","0.0","0.0",,"44","32",,,,,,,
"USW00094290","SEATTLE SAND POINT WEATHER FORECAST OFFICE, WA US","2018-02-19","0.00","0.0","0.0",,"38","28",,,,,,,
"USW00094290","SEATTLE SAND POINT WEATHER FORECAST OFFICE, WA US","2018-02-20","0.00","0.0","0.0",,"38","29",,,,,,,
"USW00094290","SEATTLE SAND POINT WEATHER FORECAST OFFICE, WA US","2018-02-21","0.06","0.8","0.0",,"36","26",,,,,,,
"USW00094290","SEATTLE SAND POINT WEATHER FORECAST OFFICE, WA US","2018-02-22","0.00","0.0","1.0",,"40","27",,,,,,,
"USW00094290","SEATTLE SAND POINT WEATHER FORECAST OFFICE, WA US","2018-02-23","0.00","0.0","0.0",,"39","27",,,,,,,
"USW00094290","SEATTLE SAND POINT WEATHER FORECAST OFFICE, WA US","2018-02-24","0.08","0.0","0.0",,"45","35",,,,,,,
"USW00094290","SEATTLE SAND POINT WEATHER FORECAST OFFICE, WA US","2018-02-25","0.30","0.0","0.0",,"44","34",,,,,,,
"USW00094290","SEATTLE SAND POINT WEATHER FORECAST OFFICE, WA US","2018-02-26","0.00","0.0","0.0",,"47","32",,,,,,,
"USW00094290","SEATTLE SAND POINT WEATHER FORECAST OFFICE, WA US","2018-02-27","0.16","0.0","0.0",,"45","38",,,,,,,
"USW00094290","SEATTLE SAND POINT WEATHER FORECAST OFFICE, WA US","2018-02-28","0.46","0.0","0.0",,"46","39",,,,,,,
"USW00094290","SEATTLE SAND POINT WEATHER FORECAST OFFICE, WA US","2018-03-01","0.02","0.0","0.0",,"53","38",,,,,,,
"USW00094290","SEATTLE SAND POINT WEATHER FORECAST OFFICE, WA US","2018-03-02","0.26","0.0","0.0",,"46","38",,,,,,,
"USW00094290","SEATTLE SAND POINT WEATHER FORECAST OFFICE, WA US","2018-03-03","0.00","0.0","0.0",,"51","34",,,,,,,
"USW00094290","SEATTLE SAND POINT WEATHER FORECAST OFFICE, WA US","2018-03-04","0.03","0.0","0.0",,"47","32",,,,,,,
"USW00094290","SEATTLE SAND POINT WEATHER FORECAST OFFICE, WA US","2018-03-05","0.08","0.0","0.0",,"47","38",,,,,,,
"USW00094290","SEATTLE SAND POINT WEATHER FORECAST OFFICE, WA US","2018-03-06","0.00","0.0","0.0",,"53","35",,,,,,,
"USW00094290","SEATTLE SAND POINT WEATHER FORECAST OFFICE, WA US","2018-03-07","0.06","0.0","0.0",,"49","34",,,,,,,
"USW00094290","SEATTLE SAND POINT WEATHER FORECAST OFFICE, WA US","2018-03-08","0.40","0.0","0.0",,"51","41",,,,,,,
"USW00094290","SEATTLE SAND POINT WEATHER FORECAST OFFICE, WA US","2018-03-09","0.00","0.0","0.0",,"53","38",,,,,,,
"USW00094290","SEATTLE SAND POINT WEATHER FORECAST OFFICE, WA US","2018-03-10","0.00","0.0","0.0",,"60","33",,,,,,,
"USW00094290","SEATTLE SAND POINT WEATHER FORECAST OFFICE, WA US","2018-03-11","0.00","0.0","0.0",,"67","37",,,,,,,
"USW00094290","SEATTLE SAND POINT WEATHER FORECAST OFFICE, WA US","2018-03-12","0.00","0.0","0.0",,"71","40",,,,,,,
"USW00094290","SEATTLE SAND POINT WEATHER FORECAST OFFICE, WA US","2018-03-13","0.22","0.0","0.0",,"63","44",,,,,,,
"USW00094290","SEATTLE SAND POINT WEATHER FORECAST OFFICE, WA US","2018-03-14","0.01","0.0","0.0",,"55","37",,,,,,,
"USW00094290","SEATTLE SAND POINT WEATHER FORECAST OFFICE, WA US","2018-03-15","0.00","0.0","0.0",,"58","33",,,,,,,
"USW00094290","SEATTLE SAND POINT WEATHER FORECAST OFFICE, WA US","2018-03-16","0.00","0.0","0.0",,"56","36",,,,,,,
"USW00094290","SEATTLE SAND POINT WEATHER FORECAST OFFICE, WA US","2018-03-17","0.00","0.0","0.0",,"54","34",,,,,,,
"USW00094290","SEATTLE SAND POINT WEATHER FORECAST OFFICE, WA US","2018-03-18","0.00","0.0","0.0",,"55","40",,,,,,,
"USW00094290","SEATTLE SAND POINT WEATHER FORECAST OFFICE, WA US","2018-03-19","0.00","0.0","0.0",,"55","36",,,,,,,
"USW00094290","SEATTLE SAND POINT WEATHER FORECAST OFFICE, WA US","2018-03-20","0.00","0.0","0.0",,"56","37",,,,,,,
"USW00094290","SEATTLE SAND POINT WEATHER FORECAST OFFICE, WA US","2018-03-21","0.10","0.0","0.0",,"60","34",,,,,,,
"USW00094290","SEATTLE SAND POINT WEATHER FORECAST OFFICE, WA US","2018-03-22","0.44","0.0","0.0",,"47","37","    1",,,,,,
"USW00094290","SEATTLE SAND POINT WEATHER FORECAST OFFICE, WA US","2018-03-23","0.52","0.0","0.0",,"49","35","    1",,,,,,
"USW00094290","SEATTLE SAND POINT WEATHER FORECAST OFFICE, WA US","2018-03-24","0.24","0.0","0.0",,"51","36",,,,,,,
"USW00094290","SEATTLE SAND POINT WEATHER FORECAST OFFICE, WA US","2018-03-25","0.00","0.0","0.0",,"54","34",,,,,,,
"USW00094290","SEATTLE SAND POINT WEATHER FORECAST OFFICE, WA US","2018-03-26","0.03","0.0","0.0",,"47","42",,,,,,,
"USW00094290","SEATTLE SAND POINT WEATHER FORECAST OFFICE, WA US","2018-03-27","0.05","0.0","0.0",,"53","44","    1",,,,,,
"USW00094290","SEATTLE SAND POINT WEATHER FORECAST OFFICE, WA US","2018-03-28","0.01","0.0","0.0",,"53","42",,,,,,,
"USW00094290","SEATTLE SAND POINT WEATHER FORECAST OFFICE, WA US","2018-03-29","0.00","0.0","0.0",,"58","44",,,,,,,
"USW00094290","SEATTLE SAND POINT WEATHER FORECAST OFFICE, WA US","2018-03-30","0.02","0.0","0.0",,"59","46",,,,,,,
"USW00094290","SEATTLE SAND POINT WEATHER FORECAST OFFICE, WA US","2018-03-31","0.00","0.0","0.0",,"60","42",,,,,,,
"USW00094290","SEATTLE SAND POINT WEATHER FORECAST OFFICE, WA US","2018-04-01","0.20","0.0","0.0",,"47","37",,,"    1","    1",,,
"USW00094290","SEATTLE SAND POINT WEATHER FORECAST OFFICE, WA US","2018-04-02","0.01","0.0","0.0",,"54","35",,,,,,,
"USW00094290","SEATTLE SAND POINT WEATHER FORECAST OFFICE, WA US","2018-04-03","0.00","0.0","0.0",,"49","40",,,,,,,
"USW00094290","SEATTLE SAND POINT WEATHER FORECAST OFFICE, WA US","2018-04-04","0.36","0.0","0.0",,"47","41",,,,,,,
"USW00094290","SEATTLE SAND POINT WEATHER FORECAST OFFICE, WA US","2018-04-05","0.19","0.0","0.0",,"54","44","    1",,,,,,
"USW00094290","SEATTLE SAND POINT WEATHER FORECAST OFFICE, WA US","2018-04-06","0.02","0.0","0.0",,"65","44","    1",,,,,,
"USW00094290","SEATTLE SAND POINT WEATHER FORECAST OFFICE, WA US","2018-04-07","0.79","0.0","0.0",,"61","46","    1",,,,,,
"USW00094290","SEATTLE SAND POINT WEATHER FORECAST OFFICE, WA US","2018-04-08","0.14","0.0","0.0",,"53","46","    1",,,,,,
"USW00094290","SEATTLE SAND POINT WEATHER FORECAST OFFICE, WA US","2018-04-09","0.00","0.0","0.0",,"62","42",,,,,,,
"USW00094290","SEATTLE SAND POINT WEATHER FORECAST OFFICE, WA US","2018-04-10","0.20","0.0","0.0",,"62","45",,,,,,,
"USW00094290","SEATTLE SAND POINT WEATHER FORECAST OFFICE, WA US","2018-04-11","0.66","0.0","0.0",,"55","40","    1",,,,,,
"USW00094290","SEATTLE SAND POINT WEATHER FORECAST OFFICE, WA US","2018-04-12","0.33","0.0","0.0",,"54","40","    1",,,,,,
"USW00094290","SEATTLE SAND POINT WEATHER FORECAST OFFICE, WA US","2018-04-13","0.39","0.0","0.0",,"52","43","    1",,,,,,
"USW00094290","SEATTLE SAND POINT WEATHER FORECAST OFFICE, WA US","2018-04-14","1.67","0.0","0.0",,"52","46","    1",,,,,,
"USW00094290","SEATTLE SAND POINT WEATHER FORECAST OFFICE, WA US","2018-04-15","0.15","0.0","0.0",,"52","44","    1",,,,,,
"USW00094290","SEATTLE SAND POINT WEATHER FORECAST OFFICE, WA US","2018-04-16","0.20","0.0","0.0",,"49","42",,,,,,,
"USW00094290","SEATTLE SAND POINT WEATHER FORECAST OFFICE, WA US","2018-04-17","0.02","0.0","0.0",,"56","43",,,,,,,
"USW00094290","SEATTLE SAND POINT WEATHER FORECAST OFFICE, WA US","2018-04-18","0.00","0.0","0.0",,"57","43",,,,,,,
"USW00094290","SEATTLE SAND POINT WEATHER FORECAST OFFICE, WA US","2018-04-19","0.00","0.0","0.0",,"62","39",,,,,,,
"USW00094290","SEATTLE SAND POINT WEATHER FORECAST OFFICE, WA US","2018-04-20","0.00","0.0","0.0",,"63","41",,,,,,,
"USW00094290","SEATTLE SAND POINT WEATHER FORECAST OFFICE, WA US","2018-04-21","0.02","0.0","0.0",,"58","45",,,,,,,
"USW00094290","SEATTLE SAND POINT WEATHER FORECAST OFFICE, WA US","2018-04-22","0.00","0.0","0.0",,"58","39",,,,,,,
"USW00094290","SEATTLE SAND POINT WEATHER FORECAST OFFICE, WA US","2018-04-23","0.00","0.0","0.0",,"66","41",,,,,,,
"USW00094290","SEATTLE SAND POINT WEATHER FORECAST OFFICE, WA US","2018-04-24","0.00","0.0","0.0",,"73","44",,,,,,,
"USW00094290","SEATTLE SAND POINT WEATHER FORECAST OFFICE, WA US","2018-04-25","0.00","0.0","0.0",,"72","45",,,,,,,
"USW00094290","SEATTLE SAND POINT WEATHER FORECAST OFFICE, WA US","2018-04-26","0.00","0.0","0.0",,"75","48",,,,,,,
"USW00094290","SEATTLE SAND POINT WEATHER FORECAST OFFICE, WA US","2018-04-27","0.00","0.0","0.0",,"62","49",,,,,,,
"USW00094290","SEATTLE SAND POINT WEATHER FORECAST OFFICE, WA US","2018-04-28","0.39","0.0","0.0",,"54","48",,,,,,,
"USW00094290","SEATTLE SAND POINT WEATHER FORECAST OFFICE, WA US","2018-04-29","0.01","0.0","0.0",,"60","48",,,,,,,
"USW00094290","SEATTLE SAND POINT WEATHER FORECAST OFFICE, WA US","2018-04-30","0.00","0.0","0.0",,"58","48",,,,,,,
"USW00094290","SEATTLE SAND POINT WEATHER FORECAST OFFICE, WA US","2018-05-01","0.00","0.0","0.0",,"62","49",,,,,,,
"USW00094290","SEATTLE SAND POINT WEATHER FORECAST OFFICE, WA US","2018-05-02","0.00","0.0","0.0",,"69","43",,,,,,,
"USW00094290","SEATTLE SAND POINT WEATHER FORECAST OFFICE, WA US","2018-05-03","0.00","0.0","0.0",,"76","49",,,,,,,
"USW00094290","SEATTLE SAND POINT WEATHER FORECAST OFFICE, WA US","2018-05-04","0.00","0.0","0.0",,"64","52",,,,,,,
"USW00094290","SEATTLE SAND POINT WEATHER FORECAST OFFICE, WA US","2018-05-05","0.02","0.0","0.0",,"68","48",,,,,,,
"USW00094290","SEATTLE SAND POINT WEATHER FORECAST OFFICE, WA US","2018-05-06","0.00","0.0","0.0",,"76","53",,,,,,,
"USW00094290","SEATTLE SAND POINT WEATHER FORECAST OFFICE, WA US","2018-05-07","0.00","0.0","0.0",,"69","53",,,,,,,
"USW00094290","SEATTLE SAND POINT WEATHER FORECAST OFFICE, WA US","2018-05-08","0.01","0.0","0.0",,"78","51",,,"    1",,,,
"USW00094290","SEATTLE SAND POINT WEATHER FORECAST OFFICE, WA US","2018-05-09","0.00","0.0","0.0",,"68","53",,,,,,,
"USW00094290","SEATTLE SAND POINT WEATHER FORECAST OFFICE, WA US","2018-05-10","0.00","0.0","0.0",,"63","51",,,,,,,
"USW00094290","SEATTLE SAND POINT WEATHER FORECAST OFFICE, WA US","2018-05-11","0.00","0.0","0.0",,"68","51",,,,,,,
"USW00094290","SEATTLE SAND POINT WEATHER FORECAST OFFICE, WA US","2018-05-12","0.00","0.0","0.0",,"72","49",,,,,,,
"USW00094290","SEATTLE SAND POINT WEATHER FORECAST OFFICE, WA US","2018-05-13","0.00","0.0","0.0",,"82","53",,,,,,,
"USW00094290","SEATTLE SAND POINT WEATHER FORECAST OFFICE, WA US","2018-05-14","0.00","0.0","0.0",,"83","56",,,,,,,
"USW00094290","SEATTLE SAND POINT WEATHER FORECAST OFFICE, WA US","2018-05-15","0.00","0.0","0.0",,"71","55",,,,,,,
"USW00094290","SEATTLE SAND POINT WEATHER FORECAST OFFICE, WA US","2018-05-16","0.00","0.0","0.0",,"70","54",,,,,,,
"USW00094290","SEATTLE SAND POINT WEATHER FORECAST OFFICE, WA US","2018-05-17","0.00","0.0","0.0",,"66","54",,,,,,,
"USW00094290","SEATTLE SAND POINT WEATHER FORECAST OFFICE, WA US","2018-05-18","0.00","0.0","0.0",,"64","54",,,,,,,
"USW00094290","SEATTLE SAND POINT WEATHER FORECAST OFFICE, WA US","2018-05-19","0.19","0.0","0.0",,"74","55",,,,,,,
"USW00094290","SEATTLE SAND POINT WEATHER FORECAST OFFICE, WA US","2018-05-20","0.01","0.0","0.0",,"64","54",,,,,,,
"USW00094290","SEATTLE SAND POINT WEATHER FORECAST OFFICE, WA US","2018-05-21","0.00","0.0","0.0",,"71","52",,,,,,,
"USW00094290","SEATTLE SAND POINT WEATHER FORECAST OFFICE, WA US","2018-05-22","0.00","0.0","0.0",,"76","50",,,,,,,
"USW00094290","SEATTLE SAND POINT WEATHER FORECAST OFFICE, WA US","2018-05-23","0.00","0.0","0.0",,"79","52",,,,,,,
"USW00094290","SEATTLE SAND POINT WEATHER FORECAST OFFICE, WA US","2018-05-24","0.00","0.0","0.0",,"70","54",,,,,,,
"USW00094290","SEATTLE SAND POINT WEATHER FORECAST OFFICE, WA US","2018-05-25","0.00","0.0","0.0",,"66","51",,,,,,,
"USW00094290","SEATTLE SAND POINT WEATHER FORECAST OFFICE, WA US","2018-05-26","0.01","0.0","0.0",,"66","52",,,,,,,
"USW00094290","SEATTLE SAND POINT WEATHER FORECAST OFFICE, WA US","2018-05-27","0.00","0.0","0.0",,"73","49",,,,,,,
"USW00094290","SEATTLE SAND POINT WEATHER FORECAST OFFICE, WA US","2018-05-28","0.00","0.0","0.0",,"71","49",,,,,,,
"USW00094290","SEATTLE SAND POINT WEATHER FORECAST OFFICE, WA US","2018-05-29","0.03","0.0","0.0",,"65","51",,,,,,,
"USW00094290","SEATTLE SAND POINT WEATHER FORECAST OFFICE, WA US","2018-05-30","0.01","0.0","0.0",,"67","50",,,,,,,
"USW00094290","SEATTLE SAND POINT WEATHER FORECAST OFFICE, WA US","2018-05-31","0.02","0.0","0.0",,"64","49",,,,,,,
"USW00094290","SEATTLE SAND POINT WEATHER FORECAST OFFICE, WA US","2018-06-01","0.00","0.0","0.0",,"67","49",,,,,,,
"USW00094290","SEATTLE SAND POINT WEATHER FORECAST OFFICE, WA US","2018-06-02","0.00","0.0","0.0",,"74","52",,,,,,,
"USW00094290","SEATTLE SAND POINT WEATHER FORECAST OFFICE, WA US","2018-06-03","0.01","0.0","0.0",,"64","52",,,,,,,
"USW00094290","SEATTLE SAND POINT WEATHER FORECAST OFFICE, WA US","2018-06-04","0.05","0.0","0.0",,"65","49",,,,,,,
"USW00094290","SEATTLE SAND POINT WEATHER FORECAST OFFICE, WA US","2018-06-05","0.00","0.0","0.0",,"71","47",,,,,,,
"USW00094290","SEATTLE SAND POINT WEATHER FORECAST OFFICE, WA US","2018-06-06","0.00","0.0","0.0",,"73","52",,,,,,,
"USW00094290","SEATTLE SAND POINT WEATHER FORECAST OFFICE, WA US","2018-06-07","0.00","0.0","0.0",,"67","54",,,,,,,
"USW00094290","SEATTLE SAND POINT WEATHER FORECAST OFFICE, WA US","2018-06-08","0.20","0.0","0.0",,"64","52",,,,,,,
"USW00094290","SEATTLE SAND POINT WEATHER FORECAST OFFICE, WA US","2018-06-09","0.16","0.0","0.0",,"65","50",,,,,,,
"USW00094290","SEATTLE SAND POINT WEATHER FORECAST OFFICE, WA US","2018-06-10","0.07","0.0","0.0",,"63","49",,,,,,,
"USW00094290","SEATTLE SAND POINT WEATHER FORECAST OFFICE, WA US","2018-06-11","0.00","0.0","0.0",,"68","48",,,,,,,
"USW00094290","SEATTLE SAND POINT WEATHER FORECAST OFFICE, WA US","2018-06-12","0.00","0.0","0.0",,"68","49",,,,,,,
"USW00094290","SEATTLE SAND POINT WEATHER FORECAST OFFICE, WA US","2018-06-13","0.79","0.0","0.0",,"68","51","    1",,,,,,
"USW00094290","SEATTLE SAND POINT WEATHER FORECAST OFFICE, WA US","2018-06-14","0.01","0.0","0.0",,"67","53",,,,,,,
"USW00094290","SEATTLE SAND POINT WEATHER FORECAST OFFICE, WA US","2018-06-15","0.00","0.0","0.0",,"72","50",,,,,,,
"USW00094290","SEATTLE SAND POINT WEATHER FORECAST OFFICE, WA US","2018-06-16","0.00","0.0","0.0",,"77","51",,,,,,,
"USW00094290","SEATTLE SAND POINT WEATHER FORECAST OFFICE, WA US","2018-06-17","0.00","0.0","0.0",,"82","56",,,,,,,
"USW00094290","SEATTLE SAND POINT WEATHER FORECAST OFFICE, WA US","2018-06-18","0.00","0.0","0.0",,"87","57",,,,,,,
"USW00094290","SEATTLE SAND POINT WEATHER FORECAST OFFICE, WA US","2018-06-19","0.00","0.0","0.0",,"84","58",,,,,,,
"USW00094290","SEATTLE SAND POINT WEATHER FORECAST OFFICE, WA US","2018-06-20","0.00","0.0","0.0",,"85","61",,,,,,,
"USW00094290","SEATTLE SAND POINT WEATHER FORECAST OFFICE, WA US","2018-06-21","0.00","0.0","0.0",,"71","56",,,,,,,
"USW00094290","SEATTLE SAND POINT WEATHER FORECAST OFFICE, WA US","2018-06-22","0.13","0.0","0.0",,"69","55","    1",,,,,,
"USW00094290","SEATTLE SAND POINT WEATHER FORECAST OFFICE, WA US","2018-06-23","0.01","0.0","0.0",,"72","56",,,,,,,
"USW00094290","SEATTLE SAND POINT WEATHER FORECAST OFFICE, WA US","2018-06-24","0.14","0.0","0.0",,"75","54","    1",,"    1",,,,
"USW00094290","SEATTLE SAND POINT WEATHER FORECAST OFFICE, WA US","2018-06-25","0.10","0.0","0.0",,"68","54","    1",,,,,,
"USW00094290","SEATTLE SAND POINT WEATHER FORECAST OFFICE, WA US","2018-06-26","0.06","0.0","0.0",,"71","54","    1",,,,,,
"USW00094290","SEATTLE SAND POINT WEATHER FORECAST OFFICE, WA US","2018-06-27","0.00","0.0","0.0",,"68","52",,,,,,,
"USW00094290","SEATTLE SAND POINT WEATHER FORECAST OFFICE, WA US","2018-06-28","0.00","0.0","0.0",,"67","55",,,,,,,
"USW00094290","SEATTLE SAND POINT WEATHER FORECAST OFFICE, WA US","2018-06-29","0.01","0.0","0.0",,"69","57",,,,,,,
"USW00094290","SEATTLE SAND POINT WEATHER FORECAST OFFICE, WA US","2018-06-30","0.02","0.0","0.0",,"65","58",,,,,,,
"USW00094290","SEATTLE SAND POINT WEATHER FORECAST OFFICE, WA US","2018-07-01","0.02","0.0","0.0",,"67","56",,,,,,,
"USW00094290","SEATTLE SAND POINT WEATHER FORECAST OFFICE, WA US","2018-07-02","0.00","0.0","0.0",,"69","53",,,,,,,
"USW00094290","SEATTLE SAND POINT WEATHER FORECAST OFFICE, WA US","2018-07-03","0.00","0.0","0.0",,"75","50",,,,,,,
"USW00094290","SEATTLE SAND POINT WEATHER FORECAST OFFICE, WA US","2018-07-04","0.00","0.0","0.0",,"76","56",,,,,,,
"USW00094290","SEATTLE SAND POINT WEATHER FORECAST OFFICE, WA US","2018-07-05","0.00","0.0","0.0",,"86","58",,,,,,,
"USW00094290","SEATTLE SAND POINT WEATHER FORECAST OFFICE, WA US","2018-07-06","0.00","0.0","0.0",,"80","62",,,,,,,
"USW00094290","SEATTLE SAND POINT WEATHER FORECAST OFFICE, WA US","2018-07-07","0.00","0.0","0.0",,"76","60",,,,,,,
"USW00094290","SEATTLE SAND POINT WEATHER FORECAST OFFICE, WA US","2018-07-08","0.00","0.0","0.0",,"78","55",,,,,,,
"USW00094290","SEATTLE SAND POINT WEATHER FORECAST OFFICE, WA US","2018-07-09","0.00","0.0","0.0",,"76","57",,,,,,,
"USW00094290","SEATTLE SAND POINT WEATHER FORECAST OFFICE, WA US","2018-07-10","0.00","0.0","0.0",,"75","58","    1",,,,,,
"USW00094290","SEATTLE SAND POINT WEATHER FORECAST OFFICE, WA US","2018-07-11","0.00","0.0","0.0",,"79","57",,,,,,,
"USW00094290","SEATTLE SAND POINT WEATHER FORECAST OFFICE, WA US","2018-07-12","0.00","0.0","0.0",,"85","58",,,,,,,
"USW00094290","SEATTLE SAND POINT WEATHER FORECAST OFFICE, WA US","2018-07-13","0.00","0.0","0.0",,"84","61",,,,,,,
"USW00094290","SEATTLE SAND POINT WEATHER FORECAST OFFICE, WA US","2018-07-14","0.00","0.0","0.0",,"84","60",,,,,,,
"USW00094290","SEATTLE SAND POINT WEATHER FORECAST OFFICE, WA US","2018-07-15","0.00","0.0","0.0",,"89","61",,,,,,,
"USW00094290","SEATTLE SAND POINT WEATHER FORECAST OFFICE, WA US","2018-07-16","0.00","0.0","0.0",,"89","60",,,,,,,
"USW00094290","SEATTLE SAND POINT WEATHER FORECAST OFFICE, WA US","2018-07-17","0.00","0.0","0.0",,"86","60",,,,,,,
"USW00094290","SEATTLE SAND POINT WEATHER FORECAST OFFICE, WA US","2018-07-18","0.00","0.0","0.0",,"76","59",,,,,,,
"USW00094290","SEATTLE SAND POINT WEATHER FORECAST OFFICE, WA US","2018-07-19","0.00","0.0","0.0",,"69","58",,,,,,,
"USW00094290","SEATTLE SAND POINT WEATHER FORECAST OFFICE, WA US","2018-07-20","0.00","0.0","0.0",,"74","57",,,,,,,
"USW00094290","SEATTLE SAND POINT WEATHER FORECAST OFFICE, WA US","2018-07-21","0.00","0.0","0.0",,"78","52",,,,,,,
"USW00094290","SEATTLE SAND POINT WEATHER FORECAST OFFICE, WA US","2018-07-22","0.00","0.0","0.0",,"85","57",,,,,,,
"USW00094290","SEATTLE SAND POINT WEATHER FORECAST OFFICE, WA US","2018-07-23","0.00","0.0","0.0",,"86","61",,,,,,,
"USW00094290","SEATTLE SAND POINT WEATHER FORECAST OFFICE, WA US","2018-07-24","0.00","0.0","0.0",,"86","62",,,,,,,
"USW00094290","SEATTLE SAND POINT WEATHER FORECAST OFFICE, WA US","2018-07-25","0.00","0.0","0.0",,"88","59",,,,,,,
"USW00094290","SEATTLE SAND POINT WEATHER FORECAST OFFICE, WA US","2018-07-26","0.00","0.0","0.0",,"92","63",,,,,,,
"USW00094290","SEATTLE SAND POINT WEATHER FORECAST OFFICE, WA US","2018-07-27","0.00","0.0","0.0",,"88","59",,,,,,,
"USW00094290","SEATTLE SAND POINT WEATHER FORECAST OFFICE, WA US","2018-07-28","0.00","0.0","0.0",,"84","61",,,,,,,
"USW00094290","SEATTLE SAND POINT WEATHER FORECAST OFFICE, WA US","2018-07-29","0.00","0.0","0.0",,"91","64",,,,,,,
"USW00094290","SEATTLE SAND POINT WEATHER FORECAST OFFICE, WA US","2018-07-30","0.00","0.0","0.0",,"89","64",,,,,,,"    1"
"USW00094290","SEATTLE SAND POINT WEATHER FORECAST OFFICE, WA US","2018-07-31","0.00","0.0","0.0",,"81","61",,,,,,,
"USW00094290","SEATTLE SAND POINT WEATHER FORECAST OFFICE, WA US","2018-08-01","0.00","0.0","0.0",,"76","60",,,,,,,
"USW00094290","SEATTLE SAND POINT WEATHER FORECAST OFFICE, WA US","2018-08-02","0.01","0.0","0.0",,"69","58","    1",,,,,,
"USW00094290","SEATTLE SAND POINT WEATHER FORECAST OFFICE, WA US","2018-08-03","0.09","0.0","0.0",,"75","58",,,,,,,
"USW00094290","SEATTLE SAND POINT WEATHER FORECAST OFFICE, WA US","2018-08-04","0.00","0.0","0.0",,"80","56",,,,,,,
"USW00094290","SEATTLE SAND POINT WEATHER FORECAST OFFICE, WA US","2018-08-05","0.00","0.0","0.0",,"84","59",,,,,,,
"USW00094290","SEATTLE SAND POINT WEATHER FORECAST OFFICE, WA US","2018-08-06","0.00","0.0","0.0",,"85","59",,,,,,,"    1"
"USW00094290","SEATTLE SAND POINT WEATHER FORECAST OFFICE, WA US","2018-08-07","0.00","0.0","0.0",,"89","62",,,,,,,
"USW00094290","SEATTLE SAND POINT WEATHER FORECAST OFFICE, WA US","2018-08-08","0.00","0.0","0.0",,"90","62",,,,,,,
"USW00094290","SEATTLE SAND POINT WEATHER FORECAST OFFICE, WA US","2018-08-09","0.00","0.0","0.0",,"90","64",,,,,,,
"USW00094290","SEATTLE SAND POINT WEATHER FORECAST OFFICE, WA US","2018-08-10","0.00","0.0","0.0",,"85","63",,,,,,,
"USW00094290","SEATTLE SAND POINT WEATHER FORECAST OFFICE, WA US","2018-08-11","0.01","0.0","0.0",,"76","62",,,,,,,
"USW00094290","SEATTLE SAND POINT WEATHER FORECAST OFFICE, WA US","2018-08-12","0.00","0.0","0.0",,"73","58",,,,,,,
"USW00094290","SEATTLE SAND POINT WEATHER FORECAST OFFICE, WA US","2018-08-13","0.00","0.0","0.0",,"78","56",,,,,,,"    1"
"USW00094290","SEATTLE SAND POINT WEATHER FORECAST OFFICE, WA US","2018-08-14","0.00","0.0","0.0",,"83","58",,,,,,,"    1"
"USW00094290","SEATTLE SAND POINT WEATHER FORECAST OFFICE, WA US","2018-08-15","0.00","0.0","0.0",,"84","58",,,,,,,"    1"
"USW00094290","SEATTLE SAND POINT WEATHER FORECAST OFFICE, WA US","2018-08-16","0.00","0.0","0.0",,"72","58",,,,,,,"    1"
"USW00094290","SEATTLE SAND POINT WEATHER FORECAST OFFICE, WA US","2018-08-17","0.00","0.0","0.0",,"75","56",,,,,,,"    1"
"USW00094290","SEATTLE SAND POINT WEATHER FORECAST OFFICE, WA US","2018-08-18","0.00","0.0","0.0",,"81","55",,,,,,,"    1"
"USW00094290","SEATTLE SAND POINT WEATHER FORECAST OFFICE, WA US","2018-08-19","0.00","0.0","0.0",,"77","58",,,,,,,"    1"
"USW00094290","SEATTLE SAND POINT WEATHER FORECAST OFFICE, WA US","2018-08-20","0.00","0.0","0.0",,"80","57",,,,,,,"    1"
"USW00094290","SEATTLE SAND POINT WEATHER FORECAST OFFICE, WA US","2018-08-21","0.00","0.0","0.0",,"89","63",,,,,,,"    1"
"USW00094290","SEATTLE SAND POINT WEATHER FORECAST OFFICE, WA US","2018-08-22","0.00","0.0","0.0",,"87","58",,,,,,,"    1"
"USW00094290","SEATTLE SAND POINT WEATHER FORECAST OFFICE, WA US","2018-08-23","0.00","0.0","0.0",,"75","57",,,,,,,"    1"
"USW00094290","SEATTLE SAND POINT WEATHER FORECAST OFFICE, WA US","2018-08-24","0.00","0.0","0.0",,"73","57",,,,,,,"    1"
"USW00094290","SEATTLE SAND POINT WEATHER FORECAST OFFICE, WA US","2018-08-25","0.01","0.0","0.0",,"63","53","    1",,,,,,"    1"
"USW00094290","SEATTLE SAND POINT WEATHER FORECAST OFFICE, WA US","2018-08-26","0.09","0.0","0.0",,"66","57","    1",,,,,,
"USW00094290","SEATTLE SAND POINT WEATHER FORECAST OFFICE, WA US","2018-08-27","0.00","0.0","0.0",,"77","56",,,,,,,
"USW00094290","SEATTLE SAND POINT WEATHER FORECAST OFFICE, WA US","2018-08-28","0.00","0.0","0.0",,"82","53",,,,,,,"    1"
"USW00094290","SEATTLE SAND POINT WEATHER FORECAST OFFICE, WA US","2018-08-29","0.00","0.0","0.0",,"78","56",,,,,,,
"USW00094290","SEATTLE SAND POINT WEATHER FORECAST OFFICE, WA US","2018-08-30","0.00","0.0","0.0",,"76","60",,,,,,,
"USW00094290","SEATTLE SAND POINT WEATHER FORECAST OFFICE, WA US","2018-08-31","0.07","0.0","0.0",,"72","57",,,,,,,
"USW00094290","SEATTLE SAND POINT WEATHER FORECAST OFFICE, WA US","2018-09-01","0.00","0.0","0.0",,"73","58",,,,,,,
"USW00094290","SEATTLE SAND POINT WEATHER FORECAST OFFICE, WA US","2018-09-02","0.00","0.0","0.0",,"76","51",,,,,,,
"USW00094290","SEATTLE SAND POINT WEATHER FORECAST OFFICE, WA US","2018-09-03","0.00","0.0","0.0",,"75","58",,,,,,,
"USW00094290","SEATTLE SAND POINT WEATHER FORECAST OFFICE, WA US","2018-09-04","0.00","0.0","0.0",,"75","50",,,,,,,
"USW00094290","SEATTLE SAND POINT WEATHER FORECAST OFFICE, WA US","2018-09-05","0.00","0.0","0.0",,"79","53",,,,,,,
"USW00094290","SEATTLE SAND POINT WEATHER FORECAST OFFICE, WA US","2018-09-06","0.00","0.0","0.0",,"84","53",,,,,,,
"USW00094290","SEATTLE SAND POINT WEATHER FORECAST OFFICE, WA US","2018-09-07","0.07","0.0","0.0",,"76","56",,,,,,,
"USW00094290","SEATTLE SAND POINT WEATHER FORECAST OFFICE, WA US","2018-09-08","0.04","0.0","0.0",,"71","58",,,,,,,
"USW00094290","SEATTLE SAND POINT WEATHER FORECAST OFFICE, WA US","2018-09-09","0.15","0.0","0.0",,"76","58","    1",,,,,,
"USW00094290","SEATTLE SAND POINT WEATHER FORECAST OFFICE, WA US","2018-09-10","0.01","0.0","0.0",,"72","58",,,,,,,
"USW00094290","SEATTLE SAND POINT WEATHER FORECAST OFFICE, WA US","2018-09-11","0.01","0.0","0.0",,"72","58",,,,,,,
"USW00094290","SEATTLE SAND POINT WEATHER FORECAST OFFICE, WA US","2018-09-12","0.00","0.0","0.0",,"69","55",,,,,,,
"USW00094290","SEATTLE SAND POINT WEATHER FORECAST OFFICE, WA US","2018-09-13","0.06","0.0","0.0",,"71","56",,,,,,,
"USW00094290","SEATTLE SAND POINT WEATHER FORECAST OFFICE, WA US","2018-09-14","0.43","0.0","0.0",,"66","56",,,,,,,
"USW00094290","SEATTLE SAND POINT WEATHER FORECAST OFFICE, WA US","2018-09-15","0.11","0.0","0.0",,"67","54",,,,,,,
"USW00094290","SEATTLE SAND POINT WEATHER FORECAST OFFICE, WA US","2018-09-16","0.28","0.0","0.0",,"67","51",,,,,,,
"USW00094290","SEATTLE SAND POINT WEATHER FORECAST OFFICE, WA US","2018-09-17","0.01","0.0","0.0",,"67","51",,,,,,,
"USW00094290","SEATTLE SAND POINT WEATHER FORECAST OFFICE, WA US","2018-09-18","0.00","0.0","0.0",,"68","45",,,,,,,
"USW00094290","SEATTLE SAND POINT WEATHER FORECAST OFFICE, WA US","2018-09-19","0.01","0.0","0.0",,"69","47",,,,,,,
"USW00094290","SEATTLE SAND POINT WEATHER FORECAST OFFICE, WA US","2018-09-20","0.00","0.0","0.0",,"65","56",,,,,,,
"USW00094290","SEATTLE SAND POINT WEATHER FORECAST OFFICE, WA US","2018-09-21","0.10","0.0","0.0",,"73","59",,,,,,,
"USW00094290","SEATTLE SAND POINT WEATHER FORECAST OFFICE, WA US","2018-09-22","0.02","0.0","0.0",,"71","55",,,,,,,
"USW00094290","SEATTLE SAND POINT WEATHER FORECAST OFFICE, WA US","2018-09-23","0.01","0.0","0.0",,"66","50",,,,,,,
"USW00094290","SEATTLE SAND POINT WEATHER FORECAST OFFICE, WA US","2018-09-24","0.00","0.0","0.0",,"67","47",,,,,,,
"USW00094290","SEATTLE SAND POINT WEATHER FORECAST OFFICE, WA US","2018-09-25","0.00","0.0","0.0",,"69","49","    1",,,,,,
"USW00094290","SEATTLE SAND POINT WEATHER FORECAST OFFICE, WA US","2018-09-26","0.00","0.0","0.0",,"71","48","    1",,,,,,
"USW00094290","SEATTLE SAND POINT WEATHER FORECAST OFFICE, WA US","2018-09-27","0.00","0.0","0.0",,"72","51",,,,,,,
"USW00094290","SEATTLE SAND POINT WEATHER FORECAST OFFICE, WA US","2018-09-28","0.00","0.0","0.0",,"76","55",,,,,,,
"USW00094290","SEATTLE SAND POINT WEATHER FORECAST OFFICE, WA US","2018-09-29","0.08","0.0","0.0",,"70","50",,,,,,,
"USW00094290","SEATTLE SAND POINT WEATHER FORECAST OFFICE, WA US","2018-09-30","0.02","0.0","0.0",,"65","55",,,,,,,
"USW00094290","SEATTLE SAND POINT WEATHER FORECAST OFFICE, WA US","2018-10-01","0.24","0.0","0.0",,"62","57","    1",,,,,,
"USW00094290","SEATTLE SAND POINT WEATHER FORECAST OFFICE, WA US","2018-10-02","0.03","0.0","0.0",,"64","46",,,,,,,
"USW00094290","SEATTLE SAND POINT WEATHER FORECAST OFFICE, WA US","2018-10-03","0.00","0.0","0.0",,"57","41","    1","    1",,,,,
"USW00094290","SEATTLE SAND POINT WEATHER FORECAST OFFICE, WA US","2018-10-04","0.00","0.0","0.0",,"61","44",,,,,,,
"USW00094290","SEATTLE SAND POINT WEATHER FORECAST OFFICE, WA US","2018-10-05","0.39","0.0","0.0",,"51","44",,,,,,,
"USW00094290","SEATTLE SAND POINT WEATHER FORECAST OFFICE, WA US","2018-10-06","0.00","0.0","0.0",,"58","48",,,,,,,
"USW00094290","SEATTLE SAND POINT WEATHER FORECAST OFFICE, WA US","2018-10-07","0.05","0.0","0.0",,"57","48","    1",,,,,,
"USW00094290","SEATTLE SAND POINT WEATHER FORECAST OFFICE, WA US","2018-10-08","0.43","0.0","0.0",,"56","52","    1",,,,,,
"USW00094290","SEATTLE SAND POINT WEATHER FORECAST OFFICE, WA US","2018-10-09","0.10","0.0","0.0",,"59","50",,,,,,,
"USW00094290","SEATTLE SAND POINT WEATHER FORECAST OFFICE, WA US","2018-10-10","0.00","0.0","0.0",,"65","48","    1",,,,,,
"USW00094290","SEATTLE SAND POINT WEATHER FORECAST OFFICE, WA US","2018-10-11","0.00","0.0","0.0",,"63","44","    1",,,,,,
"USW00094290","SEATTLE SAND POINT WEATHER FORECAST OFFICE, WA US","2018-10-12","0.00","0.0","0.0",,"62","45","    1",,,,,,
"USW00094290","SEATTLE SAND POINT WEATHER FORECAST OFFICE, WA US","2018-10-13","0.00","0.0","0.0",,"63","44",,,,,,,
"USW00094290","SEATTLE SAND POINT WEATHER FORECAST OFFICE, WA US","2018-10-14","0.00","0.0","0.0",,"67","42",,,,,,,
"USW00094290","SEATTLE SAND POINT WEATHER FORECAST OFFICE, WA US","2018-10-15","0.00","0.0","0.0",,"67","41",,,,,,,
"USW00094290","SEATTLE SAND POINT WEATHER FORECAST OFFICE, WA US","2018-10-16","0.00","0.0","0.0",,"73","42",,,,,,,
"USW00094290","SEATTLE SAND POINT WEATHER FORECAST OFFICE, WA US","2018-10-17","0.00","0.0","0.0",,"71","41",,,,,,,
"USW00094290","SEATTLE SAND POINT WEATHER FORECAST OFFICE, WA US","2018-10-18","0.00","0.0","0.0",,"68","43",,,,,,,
"USW00094290","SEATTLE SAND POINT WEATHER FORECAST OFFICE, WA US","2018-10-19","0.00","0.0","0.0",,"63","43","    1","    1",,,,,
"USW00094290","SEATTLE SAND POINT WEATHER FORECAST OFFICE, WA US","2018-10-20","0.00","0.0","0.0",,"58","45","    1","    1",,,,,
"USW00094290","SEATTLE SAND POINT WEATHER FORECAST OFFICE, WA US","2018-10-21","0.00","0.0","0.0",,"56","43","    1","    1",,,,,
"USW00094290","SEATTLE SAND POINT WEATHER FORECAST OFFICE, WA US","2018-10-22","0.00","0.0","0.0",,"57","44","    1","    1",,,,,
"USW00094290","SEATTLE SAND POINT WEATHER FORECAST OFFICE, WA US","2018-10-23","0.04","0.0","0.0",,"56","45","    1",,,,,,
"USW00094290","SEATTLE SAND POINT WEATHER FORECAST OFFICE, WA US","2018-10-24","0.00","0.0","0.0",,"62","52",,,,,,,
"USW00094290","SEATTLE SAND POINT WEATHER FORECAST OFFICE, WA US","2018-10-25","0.50","0.0","0.0",,"56","53",,,,,,,
"USW00094290","SEATTLE SAND POINT WEATHER FORECAST OFFICE, WA US","2018-10-26","0.23","0.0","0.0",,"63","52","    1",,,,,,
"USW00094290","SEATTLE SAND POINT WEATHER FORECAST OFFICE, WA US","2018-10-27","1.04","0.0","0.0",,"58","44","    1",,,,,,
"USW00094290","SEATTLE SAND POINT WEATHER FORECAST OFFICE, WA US","2018-10-28","0.25","0.0","0.0",,"58","49","    1",,,,,,
"USW00094290","SEATTLE SAND POINT WEATHER FORECAST OFFICE, WA US","2018-10-29","0.00","0.0","0.0",,"54","46",,,,,,,
"USW00094290","SEATTLE SAND POINT WEATHER FORECAST OFFICE, WA US","2018-10-30","0.11","0.0","0.0",,"55","48",,,,,,,
"USW00094290","SEATTLE SAND POINT WEATHER FORECAST OFFICE, WA US","2018-10-31","0.02","0.0","0.0",,"57","48",,,,,,,
"USW00094290","SEATTLE SAND POINT WEATHER FORECAST OFFICE, WA US","2018-11-01","0.07","0.0","0.0",,"62","56",,,,,,,
"USW00094290","SEATTLE SAND POINT WEATHER FORECAST OFFICE, WA US","2018-11-02","0.28","0.0","0.0",,"62","54","    1",,,,,,
"USW00094290","SEATTLE SAND POINT WEATHER FORECAST OFFICE, WA US","2018-11-03","0.23","0.0","0.0",,"55","53","    1",,,,,,
"USW00094290","SEATTLE SAND POINT WEATHER FORECAST OFFICE, WA US","2018-11-04","0.03","0.0","0.0",,"60","53",,,,,,,
"USW00094290","SEATTLE SAND POINT WEATHER FORECAST OFFICE, WA US","2018-11-05","0.01","0.0","0.0",,"59","49",,,,,,,
"USW00094290","SEATTLE SAND POINT WEATHER FORECAST OFFICE, WA US","2018-11-06","0.05","0.0","0.0",,"57","44",,,,,,,
"USW00094290","SEATTLE SAND POINT WEATHER FORECAST OFFICE, WA US","2018-11-07","0.01","0.0","0.0",,"53","39",,,,,,,
"USW00094290","SEATTLE SAND POINT WEATHER FORECAST OFFICE, WA US","2018-11-08","0.00","0.0","0.0",,"52","35","    1",,,,,,
"USW00094290","SEATTLE SAND POINT WEATHER FORECAST OFFICE, WA US","2018-11-09","0.08","0.0","0.0",,"44","36","    1",,,,,,
"USW00094290","SEATTLE SAND POINT WEATHER FORECAST OFFICE, WA US","2018-11-10","0.01","0.0","0.0",,"51","40","    1",,,,,,
"USW00094290","SEATTLE SAND POINT WEATHER FORECAST OFFICE, WA US","2018-11-11","0.00","0.0","0.0",,"50","34","    1",,,,,,
"USW00094290","SEATTLE SAND POINT WEATHER FORECAST OFFICE, WA US","2018-11-12","0.00","0.0","0.0",,"59","39",,,,,,,
"USW00094290","SEATTLE SAND POINT WEATHER FORECAST OFFICE, WA US","2018-11-13","0.00","0.0","0.0",,"56","35",,,,,,,
"USW00094290","SEATTLE SAND POINT WEATHER FORECAST OFFICE, WA US","2018-11-14","0.06","0.0","0.0",,"54","47",,,,,,,
"USW00094290","SEATTLE SAND POINT WEATHER FORECAST OFFICE, WA US","2018-11-15","0.01","0.0","0.0",,"57","49",,,,,,,
"USW00094290","SEATTLE SAND POINT WEATHER FORECAST OFFICE, WA US","2018-11-16","0.04","0.0","0.0",,"54","48","    1",,,,,,
"USW00094290","SEATTLE SAND POINT WEATHER FORECAST OFFICE, WA US","2018-11-17","0.00","0.0","0.0",,"54","40","    1",,,,,,
"USW00094290","SEATTLE SAND POINT WEATHER FORECAST OFFICE, WA US","2018-11-18","0.00","0.0","0.0",,"57","35",,,,,,,
"USW00094290","SEATTLE SAND POINT WEATHER FORECAST OFFICE, WA US","2018-11-19","0.00","0.0","0.0",,"54","34",,,,,,,
"USW00094290","SEATTLE SAND POINT WEATHER FORECAST OFFICE, WA US","2018-11-20","0.00","0.0","0.0",,"51","32","    1","    1",,,,,
"USW00094290","SEATTLE SAND POINT WEATHER FORECAST OFFICE, WA US","2018-11-21","0.13","0.0","0.0",,"52","40",,,,,,,
"USW00094290","SEATTLE SAND POINT WEATHER FORECAST OFFICE, WA US","2018-11-22","0.57","0.0","0.0",,"52","46",,,,,,,
"USW00094290","SEATTLE SAND POINT WEATHER FORECAST OFFICE, WA US","2018-11-23","0.44","0.0","0.0",,"49","42",,,,,,,
"USW00094290","SEATTLE SAND POINT WEATHER FORECAST OFFICE, WA US","2018-11-24","0.01","0.0","0.0",,"49","37",,,,,,,
"USW00094290","SEATTLE SAND POINT WEATHER FORECAST OFFICE, WA US","2018-11-25","0.00","0.0","0.0",,"49","35",,,,,,,
"USW00094290","SEATTLE SAND POINT WEATHER FORECAST OFFICE, WA US","2018-11-26","1.47","0.0","0.0",,"54","45","    1",,,,,,
"USW00094290","SEATTLE SAND POINT WEATHER FORECAST OFFICE, WA US","2018-11-27","0.43","0.0","0.0",,"58","48",,,"    1",,,,
"USW00094290","SEATTLE SAND POINT WEATHER FORECAST OFFICE, WA US","2018-11-28","0.25","0.0","0.0",,"50","47",,,,,,,
"USW00094290","SEATTLE SAND POINT WEATHER FORECAST OFFICE, WA US","2018-11-29","0.02","0.0","0.0",,"50","42",,,,,,,
"USW00094290","SEATTLE SAND POINT WEATHER FORECAST OFFICE, WA US","2018-11-30","0.13","0.0","0.0",,"50","41",,,,,,,
"USW00094290","SEATTLE SAND POINT WEATHER FORECAST OFFICE, WA US","2018-12-01","0.03","0.0","0.0",,"46","39",,,,,,,
"USW00094290","SEATTLE SAND POINT WEATHER FORECAST OFFICE, WA US","2018-12-02","0.08","0.0","0.0",,"45","39","    1","    1",,,,,
"USW00094290","SEATTLE SAND POINT WEATHER FORECAST OFFICE, WA US","2018-12-03","0.00","0.0","0.0",,"47","35","    1","    1",,,,,
"USW00094290","SEATTLE SAND POINT WEATHER FORECAST OFFICE, WA US","2018-12-04","0.00","0.0","0.0",,"47","32",,,,,,,
"USW00094290","SEATTLE SAND POINT WEATHER FORECAST OFFICE, WA US","2018-12-05","0.00","0.0","0.0",,"47","32",,,,,,,
"USW00094290","SEATTLE SAND POINT WEATHER FORECAST OFFICE, WA US","2018-12-06","0.00","0.0","0.0",,"48","29",,,,,,,
"USW00094290","SEATTLE SAND POINT WEATHER FORECAST OFFICE, WA US","2018-12-07","0.00","0.0","0.0",,"46","27",,,,,,,
"USW00094290","SEATTLE SAND POINT WEATHER FORECAST OFFICE, WA US","2018-12-08","0.00","0.0","0.0",,"47","38",,,,,,,
"USW00094290","SEATTLE SAND POINT WEATHER FORECAST OFFICE, WA US","2018-12-09","0.58","0.0","0.0",,"45","37",,,,,,,
"USW00094290","SEATTLE SAND POINT WEATHER FORECAST OFFICE, WA US","2018-12-10","0.02","0.0","0.0",,"50","43",,,,,,,
"USW00094290","SEATTLE SAND POINT WEATHER FORECAST OFFICE, WA US","2018-12-11","0.43","0.0","0.0",,"50","44","    1",,,,,,
"USW00094290","SEATTLE SAND POINT WEATHER FORECAST OFFICE, WA US","2018-12-12","0.05","0.0","0.0",,"48","38",,,,,,,
"USW00094290","SEATTLE SAND POINT WEATHER FORECAST OFFICE, WA US","2018-12-13","0.14","0.0","0.0",,"51","45",,,,,,,
"USW00094290","SEATTLE SAND POINT WEATHER FORECAST OFFICE, WA US","2018-12-14","0.01","0.0","0.0",,"56","41",,,,,,,
"USW00094290","SEATTLE SAND POINT WEATHER FORECAST OFFICE, WA US","2018-12-15","0.07","0.0","0.0",,"51","43",,,,,,,
"USW00094290","SEATTLE SAND POINT WEATHER FORECAST OFFICE, WA US","2018-12-16","0.57","0.0","0.0",,"54","45",,,,,,,
"USW00094290","SEATTLE SAND POINT WEATHER FORECAST OFFICE, WA US","2018-12-17","0.37","0.0","0.0",,"53","45",,,,,,,
"USW00094290","SEATTLE SAND POINT WEATHER FORECAST OFFICE, WA US","2018-12-18","0.60","0.0","0.0",,"53","47",,,,,,,
"USW00094290","SEATTLE SAND POINT WEATHER FORECAST OFFICE, WA US","2018-12-19","0.04","0.0","0.0",,"49","45",,,,,,,
"USW00094290","SEATTLE SAND POINT WEATHER FORECAST OFFICE, WA US","2018-12-20","0.28","0.0","0.0",,"56","39",,,,,,,
"USW00094290","SEATTLE SAND POINT WEATHER FORECAST OFFICE, WA US","2018-12-21","0.02","0.0","0.0",,"43","38",,,,,,,
"USW00094290","SEATTLE SAND POINT WEATHER FORECAST OFFICE, WA US","2018-12-22","0.32","0.0","0.0",,"47","38",,,,,,,
"USW00094290","SEATTLE SAND POINT WEATHER FORECAST OFFICE, WA US","2018-12-23","0.40","0.0","0.0",,"47","42",,,,,,,
"USW00094290","SEATTLE SAND POINT WEATHER FORECAST OFFICE, WA US","2018-12-24","0.00","0.0","0.0",,"52","40",,,,,,,
"USW00094290","SEATTLE SAND POINT WEATHER FORECAST OFFICE, WA US","2018-12-25","0.01","0.0","0.0",,"44","34",,,,,,,
"USW00094290","SEATTLE SAND POINT WEATHER FORECAST OFFICE, WA US","2018-12-26","0.08","0.0","0.0",,"42","39",,,,,,,
"USW00094290","SEATTLE SAND POINT WEATHER FORECAST OFFICE, WA US","2018-12-27","0.21","0.0","0.0",,"44","37","    1",,,,,,
"USW00094290","SEATTLE SAND POINT WEATHER FORECAST OFFICE, WA US","2018-12-28","0.50","0.0","0.0",,"48","38",,,,,,,
"USW00094290","SEATTLE SAND POINT WEATHER FORECAST OFFICE, WA US","2018-12-29","0.70","0.0","0.0",,"51","43",,,,,,,
"USW00094290","SEATTLE SAND POINT WEATHER FORECAST OFFICE, WA US","2018-12-30","0.12","0.0","0.0",,"49","35",,,"    1",,,,
"USW00094290","SEATTLE SAND POINT WEATHER FORECAST OFFICE, WA US","2018-12-31","0.00","0.0","0.0",,"44","32","    1","    1",,,,,
"USW00094290","SEATTLE SAND POINT WEATHER FORECAST OFFICE, WA US","2019-01-01","0.00","0.0","0.0",,"44","33",,,,,,,
"USW00094290","SEATTLE SAND POINT WEATHER FORECAST OFFICE, WA US","2019-01-02","0.01","0.0","0.0",,"47","33",,,,,,,
"USW00094290","SEATTLE SAND POINT WEATHER FORECAST OFFICE, WA US","2019-01-03","0.82","0.0","0.0",,"54","42","    1",,,,,,
"USW00094290","SEATTLE SAND POINT WEATHER FORECAST OFFICE, WA US","2019-01-04","0.10","0.0","0.0",,"53","45",,,,,,,
"USW00094290","SEATTLE SAND POINT WEATHER FORECAST OFFICE, WA US","2019-01-05","0.09","0.0","0.0",,"49","42",,,,,,,
"USW00094290","SEATTLE SAND POINT WEATHER FORECAST OFFICE, WA US","2019-01-06","0.45","0.0","0.0",,"48","37",,,,,,,
"USW00094290","SEATTLE SAND POINT WEATHER FORECAST OFFICE, WA US","2019-01-07","0.01","0.0","0.0",,"44","36",,,,,,,
"USW00094290","SEATTLE SAND POINT WEATHER FORECAST OFFICE, WA US","2019-01-08","0.08","0.0","0.0",,"47","36",,,,,,,
"USW00094290","SEATTLE SAND POINT WEATHER FORECAST OFFICE, WA US","2019-01-09","0.23","0.0","0.0",,"50","36",,,,,,,
"USW00094290","SEATTLE SAND POINT WEATHER FORECAST OFFICE, WA US","2019-01-10","0.11","0.0","0.0",,"52","36",,,,,,,
"USW00094290","SEATTLE SAND POINT WEATHER FORECAST OFFICE, WA US","2019-01-11","0.00","0.0","0.0",,"57","36",,,,,,,
"USW00094290","SEATTLE SAND POINT WEATHER FORECAST OFFICE, WA US","2019-01-12","0.00","0.0","0.0",,"58","34",,,,,,,
"USW00094290","SEATTLE SAND POINT WEATHER FORECAST OFFICE, WA US","2019-01-13","0.00","0.0","0.0",,"58","35",,,,,,,
"USW00094290","SEATTLE SAND POINT WEATHER FORECAST OFFICE, WA US","2019-01-14","0.00","0.0","0.0",,"57","35",,,,,,,
"USW00094290","SEATTLE SAND POINT WEATHER FORECAST OFFICE, WA US","2019-01-15","0.00","0.0","0.0",,"46","31",,,,,,,
"USW00094290","SEATTLE SAND POINT WEATHER FORECAST OFFICE, WA US","2019-01-16","0.00","0.0","0.0",,"53","32",,,,,,,
"USW00094290","SEATTLE SAND POINT WEATHER FORECAST OFFICE, WA US","2019-01-17","0.08","0.0","0.0",,"55","46",,,,,,,
"USW00094290","SEATTLE SAND POINT WEATHER FORECAST OFFICE, WA US","2019-01-18","0.22","0.0","0.0",,"52","44",,,,,,,
"USW00094290","SEATTLE SAND POINT WEATHER FORECAST OFFICE, WA US","2019-01-19","0.03","0.0","0.0",,"52","41",,,,,,,
"USW00094290","SEATTLE SAND POINT WEATHER FORECAST OFFICE, WA US","2019-01-20","0.00","0.0","0.0",,"47","34",,,,,,,
"USW00094290","SEATTLE SAND POINT WEATHER FORECAST OFFICE, WA US","2019-01-21","0.01","0.0","0.0",,"47","33",,,,,,,
"USW00094290","SEATTLE SAND POINT WEATHER FORECAST OFFICE, WA US","2019-01-22","0.43","0.0","0.0",,"48","41",,,,,,,
"USW00094290","SEATTLE SAND POINT WEATHER FORECAST OFFICE, WA US","2019-01-23","0.18","0.0","0.0",,"52","45",,,,,,,
"USW00094290","SEATTLE SAND POINT WEATHER FORECAST OFFICE, WA US","2019-01-24","0.02","0.0","0.0",,"49","42",,,,,,,
"USW00094290","SEATTLE SAND POINT WEATHER FORECAST OFFICE, WA US","2019-01-25","0.00","0.0","0.0",,"52","37",,,,,,,
"USW00094290","SEATTLE SAND POINT WEATHER FORECAST OFFICE, WA US","2019-01-26","0.00","0.0","0.0",,"51","36","    1",,,,,,
"USW00094290","SEATTLE SAND POINT WEATHER FORECAST OFFICE, WA US","2019-01-27","0.00","0.0","0.0",,"44","36","    1",,,,,,
"USW00094290","SEATTLE SAND POINT WEATHER FORECAST OFFICE, WA US","2019-01-28","0.00","0.0","0.0",,"53","37","    1","    1",,,,,
"USW00094290","SEATTLE SAND POINT WEATHER FORECAST OFFICE, WA US","2019-01-29","0.00","0.0","0.0",,"57","35",,,,,,,
"USW00094290","SEATTLE SAND POINT WEATHER FORECAST OFFICE, WA US","2019-01-30","0.00","0.0","0.0",,"47","31",,,,,,,
"USW00094290","SEATTLE SAND POINT WEATHER FORECAST OFFICE, WA US","2019-01-31","0.00","0.0","0.0",,"54","36",,,,,,,
"USW00094290","SEATTLE SAND POINT WEATHER FORECAST OFFICE, WA US","2019-02-01","0.51","0.0","0.0",,"49","45",,,,,,,
"USW00094290","SEATTLE SAND POINT WEATHER FORECAST OFFICE, WA US","2019-02-02","0.00","0.0","0.0",,"49","41",,,,,,,
"USW00094290","SEATTLE SAND POINT WEATHER FORECAST OFFICE, WA US","2019-02-03","0.06","0.6","0.0",,"43","32","    1",,,,,,
"USW00094290","SEATTLE SAND POINT WEATHER FORECAST OFFICE, WA US","2019-02-04","0.16","2.3","2.0",,"33","24",,,,,,,
"USW00094290","SEATTLE SAND POINT WEATHER FORECAST OFFICE, WA US","2019-02-05","0.00","0.0","3.1",,"34","18",,,,,,,
"USW00094290","SEATTLE SAND POINT WEATHER FORECAST OFFICE, WA US","2019-02-06","0.00","0.0","2.0",,"38","22",,,,,,,
"USW00094290","SEATTLE SAND POINT WEATHER FORECAST OFFICE, WA US","2019-02-07","0.00","0.0","1.2",,"40","23",,,,,,,
"USW00094290","SEATTLE SAND POINT WEATHER FORECAST OFFICE, WA US","2019-02-08","0.32","1.0","2.0",,"38","29","    1",,,,,,
"USW00094290","SEATTLE SAND POINT WEATHER FORECAST OFFICE, WA US","2019-02-09","0.16","2.6","3.1",,"34","27","    1",,,,,,
"USW00094290","SEATTLE SAND POINT WEATHER FORECAST OFFICE, WA US","2019-02-10","0.16","3.0","3.9",,"35","18","    1",,,,,,
"USW00094290","SEATTLE SAND POINT WEATHER FORECAST OFFICE, WA US","2019-02-11","0.74","1.9","3.9",,"36","29","    1",,,,,,
"USW00094290","SEATTLE SAND POINT WEATHER FORECAST OFFICE, WA US","2019-02-12","0.44","0.0","3.9",,"39","33","    1",,,,,,
"USW00094290","SEATTLE SAND POINT WEATHER FORECAST OFFICE, WA US","2019-02-13","0.00","0.0","1.2",,"40","33",,,,,,,
"USW00094290","SEATTLE SAND POINT WEATHER FORECAST OFFICE, WA US","2019-02-14","0.19","0.0","0.0",,"44","32",,,,,,,
"USW00094290","SEATTLE SAND POINT WEATHER FORECAST OFFICE, WA US","2019-02-15","0.03","0.0","0.0",,"48","37",,,,,,,
"USW00094290","SEATTLE SAND POINT WEATHER FORECAST OFFICE, WA US","2019-02-16","0.45","0.0","0.0",,"41","35",,,,,,,
"USW00094290","SEATTLE SAND POINT WEATHER FORECAST OFFICE, WA US","2019-02-17","0.00","0.0","0.0",,"44","32",,,,,,,
"USW00094290","SEATTLE SAND POINT WEATHER FORECAST OFFICE, WA US","2019-02-18","0.01","0.0","0.0",,"42","33",,,,,,,
"USW00094290","SEATTLE SAND POINT WEATHER FORECAST OFFICE, WA US","2019-02-19","0.25","0.0","0.0",,"43","38","    1",,,,,,
"USW00094290","SEATTLE SAND POINT WEATHER FORECAST OFFICE, WA US","2019-02-20","0.11","0.0","0.0",,"43","33",,,,,,,
"USW00094290","SEATTLE SAND POINT WEATHER FORECAST OFFICE, WA US","2019-02-21","0.00","0.0","0.0",,"48","30","    1",,,,,,
"USW00094290","SEATTLE SAND POINT WEATHER FORECAST OFFICE, WA US","2019-02-22","0.18","0.0","0.0",,"42","36",,,,,,,
"USW00094290","SEATTLE SAND POINT WEATHER FORECAST OFFICE, WA US","2019-02-23","0.20","0.0","0.0",,"45","38",,,,,,,
"USW00094290","SEATTLE SAND POINT WEATHER FORECAST OFFICE, WA US","2019-02-24","0.01","0.0","0.0",,"45","36",,,,,,,
"USW00094290","SEATTLE SAND POINT WEATHER FORECAST OFFICE, WA US","2019-02-25","0.00","0.0","0.0",,"44","31",,,,,,,
"USW00094290","SEATTLE SAND POINT WEATHER FORECAST OFFICE, WA US","2019-02-26","0.00","0.0","0.0",,"45","31",,,,,,,
"USW00094290","SEATTLE SAND POINT WEATHER FORECAST OFFICE, WA US","2019-02-27","0.00","0.0","0.0",,"44","32",,,,,,,
"USW00094290","SEATTLE SAND POINT WEATHER FORECAST OFFICE, WA US","2019-02-28","0.00","0.0","0.0",,"50","28",,,,,,,
"USW00094290","SEATTLE SAND POINT WEATHER FORECAST OFFICE, WA US","2019-03-01","0.00","0.0","0.0",,"50","33",,,,,,,
"USW00094290","SEATTLE SAND POINT WEATHER FORECAST OFFICE, WA US","2019-03-02","0.00","0.0","0.0",,"51","32",,,,,,,
"USW00094290","SEATTLE SAND POINT WEATHER FORECAST OFFICE, WA US","2019-03-03","0.00","0.0","0.0",,"49","33",,,,,,,
"USW00094290","SEATTLE SAND POINT WEATHER FORECAST OFFICE, WA US","2019-03-04","0.00","0.0","0.0",,"46","30",,,,,,,
"USW00094290","SEATTLE SAND POINT WEATHER FORECAST OFFICE, WA US","2019-03-05","0.00","0.0","0.0",,"49","29",,,,,,,
"USW00094290","SEATTLE SAND POINT WEATHER FORECAST OFFICE, WA US","2019-03-06","0.09","0.0","0.0",,"41","34","    1",,,,,,
"USW00094290","SEATTLE SAND POINT WEATHER FORECAST OFFICE, WA US","2019-03-07","0.22","0.1","0.0",,"45","33",,,,,,,
"USW00094290","SEATTLE SAND POINT WEATHER FORECAST OFFICE, WA US","2019-03-08","0.15","0.0","0.0",,"41","33",,,,,,,
"USW00094290","SEATTLE SAND POINT WEATHER FORECAST OFFICE, WA US","2019-03-09","0.00","0.0","0.0",,"49","30",,,,,,,
"USW00094290","SEATTLE SAND POINT WEATHER FORECAST OFFICE, WA US","2019-03-10","0.00","0.0","0.0",,"54","30",,,,,,,
"USW00094290","SEATTLE SAND POINT WEATHER FORECAST OFFICE, WA US","2019-03-11","0.21","0.0","0.0",,"50","30",,,,,,,
"USW00094290","SEATTLE SAND POINT WEATHER FORECAST OFFICE, WA US","2019-03-12","0.73","0.0","0.0",,"48","36","    1",,,,,,
"USW00094290","SEATTLE SAND POINT WEATHER FORECAST OFFICE, WA US","2019-03-13","0.00","0.0","0.0",,"53","37",,,,,,,
"USW00094290","SEATTLE SAND POINT WEATHER FORECAST OFFICE, WA US","2019-03-14","0.00","0.0","0.0",,"55","37",,,,,,,
"USW00094290","SEATTLE SAND POINT WEATHER FORECAST OFFICE, WA US","2019-03-15","0.00","0.0","0.0",,"61","39",,,,,,,
"USW00094290","SEATTLE SAND POINT WEATHER FORECAST OFFICE, WA US","2019-03-16","0.00","0.0","0.0",,"61","40",,,,,,,
"USW00094290","SEATTLE SAND POINT WEATHER FORECAST OFFICE, WA US","2019-03-17","0.00","0.0","0.0",,"61","39",,,,,,,
"USW00094290","SEATTLE SAND POINT WEATHER FORECAST OFFICE, WA US","2019-03-18","0.00","0.0","0.0",,"73","42",,,,,,,
"USW00094290","SEATTLE SAND POINT WEATHER FORECAST OFFICE, WA US","2019-03-19","0.00","0.0","0.0",,"77","42",,,,,,,
"USW00094290","SEATTLE SAND POINT WEATHER FORECAST OFFICE, WA US","2019-03-20","0.00","0.0","0.0",,"78","42",,,,,,,
"USW00094290","SEATTLE SAND POINT WEATHER FORECAST OFFICE, WA US","2019-03-21","0.00","0.0","0.0",,"61","46",,,,,,,
"USW00094290","SEATTLE SAND POINT WEATHER FORECAST OFFICE, WA US","2019-03-22","0.02","0.0","0.0",,"67","44",,,,,,,
"USW00094290","SEATTLE SAND POINT WEATHER FORECAST OFFICE, WA US","2019-03-23","0.00","0.0","0.0",,"61","42",,,,,,,
"USW00094290","SEATTLE SAND POINT WEATHER FORECAST OFFICE, WA US","2019-03-24","0.00","0.0","0.0",,"58","44",,,,,,,
"USW00094290","SEATTLE SAND POINT WEATHER FORECAST OFFICE, WA US","2019-03-25","0.15","0.0","0.0",,"62","42",,,,,,,
"USW00094290","SEATTLE SAND POINT WEATHER FORECAST OFFICE, WA US","2019-03-26","0.03","0.0","0.0",,"59","42",,,,,,,
"USW00094290","SEATTLE SAND POINT WEATHER FORECAST OFFICE, WA US","2019-03-27","0.00","0.0","0.0",,"56","38",,,,,,,
"USW00094290","SEATTLE SAND POINT WEATHER FORECAST OFFICE, WA US","2019-03-28","0.00","0.0","0.0",,"65","42",,,,,,,
"USW00094290","SEATTLE SAND POINT WEATHER FORECAST OFFICE, WA US","2019-03-29","0.00","0.0","0.0",,"62","41",,,,,,,
"USW00094290","SEATTLE SAND POINT WEATHER FORECAST OFFICE, WA US","2019-03-30","0.00","0.0","0.0",,"64","40",,,,,,,
"USW00094290","SEATTLE SAND POINT WEATHER FORECAST OFFICE, WA US","2019-03-31","0.00","0.0","0.0",,"66","42",,,,,,,
"USW00094290","SEATTLE SAND POINT WEATHER FORECAST OFFICE, WA US","2019-04-01","0.00","0.0","0.0",,"66","43",,,,,,,
"USW00094290","SEATTLE SAND POINT WEATHER FORECAST OFFICE, WA US","2019-04-02","0.00","0.0","0.0",,"67","45",,,,,,,
"USW00094290","SEATTLE SAND POINT WEATHER FORECAST OFFICE, WA US","2019-04-03","0.04","0.0","0.0",,"59","47",,,,,,,
"USW00094290","SEATTLE SAND POINT WEATHER FORECAST OFFICE, WA US","2019-04-04","0.04","0.0","0.0",,"66","40",,,,,,,
"USW00094290","SEATTLE SAND POINT WEATHER FORECAST OFFICE, WA US","2019-04-05","0.33","0.0","0.0",,"57","47",,,,,,,
"USW00094290","SEATTLE SAND POINT WEATHER FORECAST OFFICE, WA US","2019-04-06","0.26","0.0","0.0",,"58","45",,,,,,,
"USW00094290","SEATTLE SAND POINT WEATHER FORECAST OFFICE, WA US","2019-04-07","0.23","0.0","0.0",,"54","44",,,,,,,
"USW00094290","SEATTLE SAND POINT WEATHER FORECAST OFFICE, WA US","2019-04-08","0.05","0.0","0.0",,"61","45",,,,,,,
"USW00094290","SEATTLE SAND POINT WEATHER FORECAST OFFICE, WA US","2019-04-09","0.14","0.0","0.0",,"59","46",,,,,,,
"USW00094290","SEATTLE SAND POINT WEATHER FORECAST OFFICE, WA US","2019-04-10","0.07","0.0","0.0",,"54","46",,,,,,,
"USW00094290","SEATTLE SAND POINT WEATHER FORECAST OFFICE, WA US","2019-04-11","0.27","0.0","0.0",,"54","45",,,,,,,
"USW00094290","SEATTLE SAND POINT WEATHER FORECAST OFFICE, WA US","2019-04-12","0.09","0.0","0.0",,"58","47",,,,,,,
"USW00094290","SEATTLE SAND POINT WEATHER FORECAST OFFICE, WA US","2019-04-13","0.10","0.0","0.0",,"54","45","    1",,,,,,
"USW00094290","SEATTLE SAND POINT WEATHER FORECAST OFFICE, WA US","2019-04-14","0.00","0.0","0.0",,"53","44",,,,,,,
"USW00094290","SEATTLE SAND POINT WEATHER FORECAST OFFICE, WA US","2019-04-15","0.00","0.0","0.0",,"57","43",,,,,,,
"USW00094290","SEATTLE SAND POINT WEATHER FORECAST OFFICE, WA US","2019-04-16","0.11","0.0","0.0",,"58","41",,,,,,,
"USW00094290","SEATTLE SAND POINT WEATHER FORECAST OFFICE, WA US","2019-04-17","0.00","0.0","0.0",,"63","49",,,,,,,
"USW00094290","SEATTLE SAND POINT WEATHER FORECAST OFFICE, WA US","2019-04-18","0.16","0.0","0.0",,"63","51",,,,,,,
"USW00094290","SEATTLE SAND POINT WEATHER FORECAST OFFICE, WA US","2019-04-19","0.20","0.0","0.0",,"56","50",,,,,,,
"USW00094290","SEATTLE SAND POINT WEATHER FORECAST OFFICE, WA US","2019-04-20","0.00","0.0","0.0",,"59","44",,,,,,,
"USW00094290","SEATTLE SAND POINT WEATHER FORECAST OFFICE, WA US","2019-04-21","0.00","0.0","0.0",,"62","43",,,,,,,
"USW00094290","SEATTLE SAND POINT WEATHER FORECAST OFFICE, WA US","2019-04-22","0.11","0.0","0.0",,"57","44",,,,,,,
"USW00094290","SEATTLE SAND POINT WEATHER FORECAST OFFICE, WA US","2019-04-23","0.00","0.0","0.0",,"60","48",,,,,,,
"USW00094290","SEATTLE SAND POINT WEATHER FORECAST OFFICE, WA US","2019-04-24","0.00","0.0","0.0",,"62","45",,,,,,,
"USW00094290","SEATTLE SAND POINT WEATHER FORECAST OFFICE, WA US","2019-04-25","0.00","0.0","0.0",,"61","41",,,,,,,
"USW00094290","SEATTLE SAND POINT WEATHER FORECAST OFFICE, WA US","2019-04-26","0.00","0.0","0.0",,"63","43",,,,,,,
"USW00094290","SEATTLE SAND POINT WEATHER FORECAST OFFICE, WA US","2019-04-27","0.01","0.0","0.0",,"55","43",,,,,,,
"USW00094290","SEATTLE SAND POINT WEATHER FORECAST OFFICE, WA US","2019-04-28","0.00","0.0","0.0",,"59","37",,,,,,,
"USW00094290","SEATTLE SAND POINT WEATHER FORECAST OFFICE, WA US","2019-04-29","0.00","0.0","0.0",,"63","43",,,,,,,
"USW00094290","SEATTLE SAND POINT WEATHER FORECAST OFFICE, WA US","2019-04-30","0.00","0.0","0.0",,"66","40",,,,,,,
"USW00094290","SEATTLE SAND POINT WEATHER FORECAST OFFICE, WA US","2019-05-01","0.00","0.0","0.0",,"63","39",,,,,,,
"USW00094290","SEATTLE SAND POINT WEATHER FORECAST OFFICE, WA US","2019-05-02","0.00","0.0","0.0",,"61","47",,,,,,,
"USW00094290","SEATTLE SAND POINT WEATHER FORECAST OFFICE, WA US","2019-05-03","0.00","0.0","0.0",,"62","48",,,,,,,
"USW00094290","SEATTLE SAND POINT WEATHER FORECAST OFFICE, WA US","2019-05-04","0.00","0.0","0.0",,"66","44",,,,,,,
"USW00094290","SEATTLE SAND POINT WEATHER FORECAST OFFICE, WA US","2019-05-05","0.00","0.0","0.0",,"67","47",,,,,,,
"USW00094290","SEATTLE SAND POINT WEATHER FORECAST OFFICE, WA US","2019-05-06","0.00","0.0","0.0",,"71","47",,,,,,,
"USW00094290","SEATTLE SAND POINT WEATHER FORECAST OFFICE, WA US","2019-05-07","0.00","0.0","0.0",,"69","47",,,,,,,
"USW00094290","SEATTLE SAND POINT WEATHER FORECAST OFFICE, WA US","2019-05-08","0.00","0.0","0.0",,"71","48",,,,,,,
"USW00094290","SEATTLE SAND POINT WEATHER FORECAST OFFICE, WA US","2019-05-09","0.00","0.0","0.0",,"77","52",,,,,,,
"USW00094290","SEATTLE SAND POINT WEATHER FORECAST OFFICE, WA US","2019-05-10","0.00","0.0","0.0",,"83","50",,,,,,,
"USW00094290","SEATTLE SAND POINT WEATHER FORECAST OFFICE, WA US","2019-05-11","0.00","0.0","0.0",,"83","52",,,,,,,
"USW00094290","SEATTLE SAND POINT WEATHER FORECAST OFFICE, WA US","2019-05-12","0.00","0.0","0.0",,"66","51",,,,,,,
"USW00094290","SEATTLE SAND POINT WEATHER FORECAST OFFICE, WA US","2019-05-13","0.00","0.0","0.0",,"65","48",,,,,,,
"USW00094290","SEATTLE SAND POINT WEATHER FORECAST OFFICE, WA US","2019-05-14","0.08","0.0","0.0",,"63","51",,,,,,,
"USW00094290","SEATTLE SAND POINT WEATHER FORECAST OFFICE, WA US","2019-05-15","0.08","0.0","0.0",,"70","52",,,,,,,
"USW00094290","SEATTLE SAND POINT WEATHER FORECAST OFFICE, WA US","2019-05-16","0.40","0.0","0.0",,"62","53",,,,,,,
"USW00094290","SEATTLE SAND POINT WEATHER FORECAST OFFICE, WA US","2019-05-17","0.28","0.0","0.0",,"65","52",,,,,,,
"USW00094290","SEATTLE SAND POINT WEATHER FORECAST OFFICE, WA US","2019-05-18","0.00","0.0","0.0",,"70","51",,,,,,,
"USW00094290","SEATTLE SAND POINT WEATHER FORECAST OFFICE, WA US","2019-05-19","0.01","0.0","0.0",,"72","54",,,,,,,
"USW00094290","SEATTLE SAND POINT WEATHER FORECAST OFFICE, WA US","2019-05-20","0.32","0.0","0.0",,"59","50",,,,,,,
"USW00094290","SEATTLE SAND POINT WEATHER FORECAST OFFICE, WA US","2019-05-21","0.00","0.0","0.0",,"62","50",,,,,,,
"USW00094290","SEATTLE SAND POINT WEATHER FORECAST OFFICE, WA US","2019-05-22","0.00","0.0","0.0",,"74","50",,,,,,,
"USW00094290","SEATTLE SAND POINT WEATHER FORECAST OFFICE, WA US","2019-05-23","0.00","0.0","0.0",,"76","52",,,,,,,
"USW00094290","SEATTLE SAND POINT WEATHER FORECAST OFFICE, WA US","2019-05-24","0.00","0.0","0.0",,"59","52","    1",,,,,,
"USW00094290","SEATTLE SAND POINT WEATHER FORECAST OFFICE, WA US","2019-05-25","0.28","0.0","0.0",,"56","53","    1",,,,,,
"USW00094290","SEATTLE SAND POINT WEATHER FORECAST OFFICE, WA US","2019-05-26","0.00","0.0","0.0",,"73","53",,,,,,,
"USW00094290","SEATTLE SAND POINT WEATHER FORECAST OFFICE, WA US","2019-05-27","0.00","0.0","0.0",,"78","52",,,,,,,
"USW00094290","SEATTLE SAND POINT WEATHER FORECAST OFFICE, WA US","2019-05-28","0.00","0.0","0.0",,"66","55",,,,,,,
"USW00094290","SEATTLE SAND POINT WEATHER FORECAST OFFICE, WA US","2019-05-29","0.00","0.0","0.0",,"70","53",,,,,,,
"USW00094290","SEATTLE SAND POINT WEATHER FORECAST OFFICE, WA US","2019-05-30","0.00","0.0","0.0",,"75","53",,,,,,,
"USW00094290","SEATTLE SAND POINT WEATHER FORECAST OFFICE, WA US","2019-05-31","0.00","0.0","0.0",,"76","54",,,,,,,
"USW00094290","SEATTLE SAND POINT WEATHER FORECAST OFFICE, WA US","2019-06-01","0.00","0.0","0.0",,"75","52",,,,,,,
"USW00094290","SEATTLE SAND POINT WEATHER FORECAST OFFICE, WA US","2019-06-02","0.00","0.0","0.0",,"76","52",,,,,,,
"USW00094290","SEATTLE SAND POINT WEATHER FORECAST OFFICE, WA US","2019-06-03","0.00","0.0","0.0",,"69","53",,,,,,,
"USW00094290","SEATTLE SAND POINT WEATHER FORECAST OFFICE, WA US","2019-06-04","0.00","0.0","0.0",,"71","49",,,,,,,
"USW00094290","SEATTLE SAND POINT WEATHER FORECAST OFFICE, WA US","2019-06-05","0.00","0.0","0.0",,"68","50",,,,,,,
"USW00094290","SEATTLE SAND POINT WEATHER FORECAST OFFICE, WA US","2019-06-06","0.05","0.0","0.0",,"65","49",,,,,,,
"USW00094290","SEATTLE SAND POINT WEATHER FORECAST OFFICE, WA US","2019-06-07","0.01","0.0","0.0",,"62","48",,,,,,,
"USW00094290","SEATTLE SAND POINT WEATHER FORECAST OFFICE, WA US","2019-06-08","0.00","0.0","0.0",,"69","51",,,,,,,
"USW00094290","SEATTLE SAND POINT WEATHER FORECAST OFFICE, WA US","2019-06-09","0.00","0.0","0.0",,"72","49",,,,,,,
"USW00094290","SEATTLE SAND POINT WEATHER FORECAST OFFICE, WA US","2019-06-10","0.00","0.0","0.0",,"76","53",,,,,,,
"USW00094290","SEATTLE SAND POINT WEATHER FORECAST OFFICE, WA US","2019-06-11","0.00","0.0","0.0",,"81","52",,,,,,,
"USW00094290","SEATTLE SAND POINT WEATHER FORECAST OFFICE, WA US","2019-06-12","0.00","0.0","0.0",,"91","58",,,,,,,
"USW00094290","SEATTLE SAND POINT WEATHER FORECAST OFFICE, WA US","2019-06-13","0.00","0.0","0.0",,"80","56",,,,,,,
"USW00094290","SEATTLE SAND POINT WEATHER FORECAST OFFICE, WA US","2019-06-14","0.00","0.0","0.0",,"69","54",,,,,,,
"USW00094290","SEATTLE SAND POINT WEATHER FORECAST OFFICE, WA US","2019-06-15","0.00","0.0","0.0",,"74","53",,,,,,,
"USW00094290","SEATTLE SAND POINT WEATHER FORECAST OFFICE, WA US","2019-06-16","0.00","0.0","0.0",,"76","53",,,,,,,
"USW00094290","SEATTLE SAND POINT WEATHER FORECAST OFFICE, WA US","2019-06-17","0.00","0.0","0.0",,"76","55",,,,,,,
"USW00094290","SEATTLE SAND POINT WEATHER FORECAST OFFICE, WA US","2019-06-18","0.01","0.0","0.0",,"64","56","    1",,,,,,
"USW00094290","SEATTLE SAND POINT WEATHER FORECAST OFFICE, WA US","2019-06-19","0.24","0.0","0.0",,"66","52",,,,,,,
"USW00094290","SEATTLE SAND POINT WEATHER FORECAST OFFICE, WA US","2019-06-20","0.35","0.0","0.0",,"69","50",,,,,,,
"USW00094290","SEATTLE SAND POINT WEATHER FORECAST OFFICE, WA US","2019-06-21","0.00","0.0","0.0",,"71","53",,,,,,,
"USW00094290","SEATTLE SAND POINT WEATHER FORECAST OFFICE, WA US","2019-06-22","0.00","0.0","0.0",,"64","51",,,,,,,
"USW00094290","SEATTLE SAND POINT WEATHER FORECAST OFFICE, WA US","2019-06-23","0.02","0.0","0.0",,"62","52",,,,,,,
"USW00094290","SEATTLE SAND POINT WEATHER FORECAST OFFICE, WA US","2019-06-24","0.04","0.0","0.0",,"70","52",,,,,,,
"USW00094290","SEATTLE SAND POINT WEATHER FORECAST OFFICE, WA US","2019-06-25","0.00","0.0","0.0",,"73","47",,,,,,,
"USW00094290","SEATTLE SAND POINT WEATHER FORECAST OFFICE, WA US","2019-06-26","0.00","0.0","0.0",,"72","54",,,,,,,
"USW00094290","SEATTLE SAND POINT WEATHER FORECAST OFFICE, WA US","2019-06-27","0.06","0.0","0.0",,"71","55",,,,,,,
"USW00094290","SEATTLE SAND POINT WEATHER FORECAST OFFICE, WA US","2019-06-28","0.00","0.0","0.0",,"72","55",,,,,,,
"USW00094290","SEATTLE SAND POINT WEATHER FORECAST OFFICE, WA US","2019-06-29","0.00","0.0","0.0",,"75","52",,,,,,,
"USW00094290","SEATTLE SAND POINT WEATHER FORECAST OFFICE, WA US","2019-06-30","0.00","0.0","0.0",,"76","50",,,,,,,
"USW00094290","SEATTLE SAND POINT WEATHER FORECAST OFFICE, WA US","2019-07-01","0.00","0.0","0.0",,"78","54",,,,,,,
"USW00094290","SEATTLE SAND POINT WEATHER FORECAST OFFICE, WA US","2019-07-02","0.07","0.0","0.0",,"60","56",,,,,,,
"USW00094290","SEATTLE SAND POINT WEATHER FORECAST OFFICE, WA US","2019-07-03","0.09","0.0","0.0",,"68","56","    1",,,,,,
"USW00094290","SEATTLE SAND POINT WEATHER FORECAST OFFICE, WA US","2019-07-04","0.00","0.0","0.0",,"71","58",,,,,,,
"USW00094290","SEATTLE SAND POINT WEATHER FORECAST OFFICE, WA US","2019-07-05","0.03","0.0","0.0",,"69","56",,,,,,,
"USW00094290","SEATTLE SAND POINT WEATHER FORECAST OFFICE, WA US","2019-07-06","0.00","0.0","0.0",,"72","55",,,,,,,
"USW00094290","SEATTLE SAND POINT WEATHER FORECAST OFFICE, WA US","2019-07-07","0.22","0.0","0.0",,"67","57",,,,,,,
"USW00094290","SEATTLE SAND POINT WEATHER FORECAST OFFICE, WA US","2019-07-08","0.01","0.0","0.0",,"74","56",,,,,,,
"USW00094290","SEATTLE SAND POINT WEATHER FORECAST OFFICE, WA US","2019-07-09","0.14","0.0","0.0",,"74","56",,,,,,,
"USW00094290","SEATTLE SAND POINT WEATHER FORECAST OFFICE, WA US","2019-07-10","0.24","0.0","0.0",,"70","61",,,,,,,
"USW00094290","SEATTLE SAND POINT WEATHER FORECAST OFFICE, WA US","2019-07-11","0.00","0.0","0.0",,"75","58",,,,,,,
"USW00094290","SEATTLE SAND POINT WEATHER FORECAST OFFICE, WA US","2019-07-12","0.00","0.0","0.0",,"77","58",,,,,,,
"USW00094290","SEATTLE SAND POINT WEATHER FORECAST OFFICE, WA US","2019-07-13","0.00","0.0","0.0",,"75","59",,,,,,,
"USW00094290","SEATTLE SAND POINT WEATHER FORECAST OFFICE, WA US","2019-07-14","0.00","0.0","0.0",,"77","57",,,,,,,
"USW00094290","SEATTLE SAND POINT WEATHER FORECAST OFFICE, WA US","2019-07-15","0.02","0.0","0.0",,"70","60",,,,,,,
"USW00094290","SEATTLE SAND POINT WEATHER FORECAST OFFICE, WA US","2019-07-16","0.00","0.0","0.0",,"79","63",,,,,,,
"USW00094290","SEATTLE SAND POINT WEATHER FORECAST OFFICE, WA US","2019-07-17","0.14","0.0","0.0",,"70","58",,,,,,,
"USW00094290","SEATTLE SAND POINT WEATHER FORECAST OFFICE, WA US","2019-07-18","0.42","0.0","0.0",,"70","55",,,,,,,
"USW00094290","SEATTLE SAND POINT WEATHER FORECAST OFFICE, WA US","2019-07-19","0.07","0.0","0.0",,"72","55",,,,,,,
"USW00094290","SEATTLE SAND POINT WEATHER FORECAST OFFICE, WA US","2019-07-20","0.00","0.0","0.0",,"75","53",,,,,,,
"USW00094290","SEATTLE SAND POINT WEATHER FORECAST OFFICE, WA US","2019-07-21","0.00","0.0","0.0",,"87","53",,,,,,,
"USW00094290","SEATTLE SAND POINT WEATHER FORECAST OFFICE, WA US","2019-07-22","0.00","0.0","0.0",,"79","55",,,,,,,
"USW00094290","SEATTLE SAND POINT WEATHER FORECAST OFFICE, WA US","2019-07-23","0.00","0.0","0.0",,"70","58",,,,,,,
"USW00094290","SEATTLE SAND POINT WEATHER FORECAST OFFICE, WA US","2019-07-24","0.00","0.0","0.0",,"76","58",,,,,,,
"USW00094290","SEATTLE SAND POINT WEATHER FORECAST OFFICE, WA US","2019-07-25","0.00","0.0","0.0",,"79","56",,,,,,,
"USW00094290","SEATTLE SAND POINT WEATHER FORECAST OFFICE, WA US","2019-07-26","0.00","0.0","0.0",,"87","56",,,,,,,
"USW00094290","SEATTLE SAND POINT WEATHER FORECAST OFFICE, WA US","2019-07-27","0.05","0.0","0.0",,"72","59",,,,,,,
"USW00094290","SEATTLE SAND POINT WEATHER FORECAST OFFICE, WA US","2019-07-28","0.00","0.0","0.0",,"76","55",,,,,,,
"USW00094290","SEATTLE SAND POINT WEATHER FORECAST OFFICE, WA US","2019-07-29","0.00","0.0","0.0",,"82","57",,,,,,,
"USW00094290","SEATTLE SAND POINT WEATHER FORECAST OFFICE, WA US","2019-07-30","0.00","0.0","0.0",,"73","56",,,,,,,
"USW00094290","SEATTLE SAND POINT WEATHER FORECAST OFFICE, WA US","2019-07-31","0.00","0.0","0.0",,"79","54",,,,,,,
"USW00094290","SEATTLE SAND POINT WEATHER FORECAST OFFICE, WA US","2019-08-01","0.00","0.0","0.0",,"85","60",,,,,,,
"USW00094290","SEATTLE SAND POINT WEATHER FORECAST OFFICE, WA US","2019-08-02","0.26","0.0","0.0",,"75","63",,,,,,,
"USW00094290","SEATTLE SAND POINT WEATHER FORECAST OFFICE, WA US","2019-08-03","0.00","0.0","0.0",,"77","58",,,,,,,
"USW00094290","SEATTLE SAND POINT WEATHER FORECAST OFFICE, WA US","2019-08-04","0.00","0.0","0.0",,"83","59",,,,,,,
"USW00094290","SEATTLE SAND POINT WEATHER FORECAST OFFICE, WA US","2019-08-05","0.00","0.0","0.0",,"82","60",,,,,,,
"USW00094290","SEATTLE SAND POINT WEATHER FORECAST OFFICE, WA US","2019-08-06","0.00","0.0","0.0",,"86","57",,,,,,,
"USW00094290","SEATTLE SAND POINT WEATHER FORECAST OFFICE, WA US","2019-08-07","0.00","0.0","0.0",,"78","58",,,,,,,
"USW00094290","SEATTLE SAND POINT WEATHER FORECAST OFFICE, WA US","2019-08-08","0.00","0.0","0.0",,"70","61",,,,,,,
"USW00094290","SEATTLE SAND POINT WEATHER FORECAST OFFICE, WA US","2019-08-09","0.00","0.0","0.0",,"75","62",,,,,,,
"USW00094290","SEATTLE SAND POINT WEATHER FORECAST OFFICE, WA US","2019-08-10","0.68","0.0","0.0",,"74","60",,,,,,,
"USW00094290","SEATTLE SAND POINT WEATHER FORECAST OFFICE, WA US","2019-08-11","0.02","0.0","0.0",,"72","60","    1",,,,,,
"USW00094290","SEATTLE SAND POINT WEATHER FORECAST OFFICE, WA US","2019-08-12","0.00","0.0","0.0",,"79","61",,,,,,,
"USW00094290","SEATTLE SAND POINT WEATHER FORECAST OFFICE, WA US","2019-08-13","0.00","0.0","0.0",,"83","60",,,,,,,
"USW00094290","SEATTLE SAND POINT WEATHER FORECAST OFFICE, WA US","2019-08-14","0.00","0.0","0.0",,"82","61",,,,,,,
"USW00094290","SEATTLE SAND POINT WEATHER FORECAST OFFICE, WA US","2019-08-15","0.00","0.0","0.0",,"80","60",,,,,,,
"USW00094290","SEATTLE SAND POINT WEATHER FORECAST OFFICE, WA US","2019-08-16","0.00","0.0","0.0",,"71","61",,,,,,,
"USW00094290","SEATTLE SAND POINT WEATHER FORECAST OFFICE, WA US","2019-08-17","0.00","0.0","0.0",,"74","61",,,,,,,
"USW00094290","SEATTLE SAND POINT WEATHER FORECAST OFFICE, WA US","2019-08-18","0.00","0.0","0.0",,"77","59",,,,,,,
"USW00094290","SEATTLE SAND POINT WEATHER FORECAST OFFICE, WA US","2019-08-19","0.00","0.0","0.0",,"75","61",,,,,,,
"USW00094290","SEATTLE SAND POINT WEATHER FORECAST OFFICE, WA US","2019-08-20","0.00","0.0","0.0",,"83","55",,,,,,,
"USW00094290","SEATTLE SAND POINT WEATHER FORECAST OFFICE, WA US","2019-08-21","0.20","0.0","0.0",,"69","58",,,,,,,
"USW00094290","SEATTLE SAND POINT WEATHER FORECAST OFFICE, WA US","2019-08-22","0.00","0.0","0.0",,"72","57",,,,,,,
"USW00094290","SEATTLE SAND POINT WEATHER FORECAST OFFICE, WA US","2019-08-23","0.00","0.0","0.0",,"73","55",,,,,,,
"USW00094290","SEATTLE SAND POINT WEATHER FORECAST OFFICE, WA US","2019-08-24","0.00","0.0","0.0",,"76","56",,,,,,,
"USW00094290","SEATTLE SAND POINT WEATHER FORECAST OFFICE, WA US","2019-08-25","0.00","0.0","0.0",,"75","59",,,,,,,
"USW00094290","SEATTLE SAND POINT WEATHER FORECAST OFFICE, WA US","2019-08-26","0.00","0.0","0.0",,"77","55",,,,,,,
"USW00094290","SEATTLE SAND POINT WEATHER FORECAST OFFICE, WA US","2019-08-27","0.00","0.0","0.0",,"82","59",,,,,,,
"USW00094290","SEATTLE SAND POINT WEATHER FORECAST OFFICE, WA US","2019-08-28","0.00","0.0","0.0",,"87","58",,,,,,,
"USW00094290","SEATTLE SAND POINT WEATHER FORECAST OFFICE, WA US","2019-08-29","0.17","0.0","0.0",,"81","60",,,,,,,
"USW00094290","SEATTLE SAND POINT WEATHER FORECAST OFFICE, WA US","2019-08-30","0.00","0.0","0.0",,"78","64",,,,,,,
"USW00094290","SEATTLE SAND POINT WEATHER FORECAST OFFICE, WA US","2019-08-31","0.00","0.0","0.0",,"80","61",,,,,,,
"USW00094290","SEATTLE SAND POINT WEATHER FORECAST OFFICE, WA US","2019-09-01","0.00","0.0","0.0",,"79","62",,,,,,,
"USW00094290","SEATTLE SAND POINT WEATHER FORECAST OFFICE, WA US","2019-09-02","0.00","0.0","0.0",,"77","58",,,,,,,
"USW00094290","SEATTLE SAND POINT WEATHER FORECAST OFFICE, WA US","2019-09-03","0.00","0.0","0.0",,"80","58",,,,,,,
"USW00094290","SEATTLE SAND POINT WEATHER FORECAST OFFICE, WA US","2019-09-04","0.00","0.0","0.0",,"76","61",,,,,,,
"USW00094290","SEATTLE SAND POINT WEATHER FORECAST OFFICE, WA US","2019-09-05","0.00","0.0","0.0",,"79","56",,,,,,,
"USW00094290","SEATTLE SAND POINT WEATHER FORECAST OFFICE, WA US","2019-09-06","0.00","0.0","0.0",,"80","59",,,,,,,
"USW00094290","SEATTLE SAND POINT WEATHER FORECAST OFFICE, WA US","2019-09-07","0.54","0.0","0.0",,"68","60",,,"    1",,,,
"USW00094290","SEATTLE SAND POINT WEATHER FORECAST OFFICE, WA US","2019-09-08","0.11","0.0","0.0",,"70","59",,,,,,,
"USW00094290","SEATTLE SAND POINT WEATHER FORECAST OFFICE, WA US","2019-09-09","0.17","0.0","0.0",,"67","59",,,,,,,
"USW00094290","SEATTLE SAND POINT WEATHER FORECAST OFFICE, WA US","2019-09-10","0.79","0.0","0.0",,"71","59",,,,,,,
"USW00094290","SEATTLE SAND POINT WEATHER FORECAST OFFICE, WA US","2019-09-11","0.00","0.0","0.0",,"73","55",,,,,,,
"USW00094290","SEATTLE SAND POINT WEATHER FORECAST OFFICE, WA US","2019-09-12","0.12","0.0","0.0",,"79","57",,,"    1",,,,
"USW00094290","SEATTLE SAND POINT WEATHER FORECAST OFFICE, WA US","2019-09-13","0.00","0.0","0.0",,"71","62",,,,,,,
"USW00094290","SEATTLE SAND POINT WEATHER FORECAST OFFICE, WA US","2019-09-14","0.13","0.0","0.0",,"67","59",,,,,,,
"USW00094290","SEATTLE SAND POINT WEATHER FORECAST OFFICE, WA US","2019-09-15","0.49","0.0","0.0",,"62","57",,,,,,,
"USW00094290","SEATTLE SAND POINT WEATHER FORECAST OFFICE, WA US","2019-09-16","0.00","0.0","0.0",,"70","54",,,,,,,
"USW00094290","SEATTLE SAND POINT WEATHER FORECAST OFFICE, WA US","2019-09-17","0.22","0.0","0.0",,"62","55",,,,,,,
"USW00094290","SEATTLE SAND POINT WEATHER FORECAST OFFICE, WA US","2019-09-18","0.23","0.0","0.0",,"67","53",,,,,,,
"USW00094290","SEATTLE SAND POINT WEATHER FORECAST OFFICE, WA US","2019-09-19","0.01","0.0","0.0",,"69","51",,,,,,,
"USW00094290","SEATTLE SAND POINT WEATHER FORECAST OFFICE, WA US","2019-09-20","0.00","0.0","0.0",,"69","56",,,,,,,
"USW00094290","SEATTLE SAND POINT WEATHER FORECAST OFFICE, WA US","2019-09-21","0.00","0.0","0.0",,"69","56",,,,,,,
"USW00094290","SEATTLE SAND POINT WEATHER FORECAST OFFICE, WA US","2019-09-22","0.47","0.0","0.0",,"64","57",,,,,,,
"USW00094290","SEATTLE SAND POINT WEATHER FORECAST OFFICE, WA US","2019-09-23","0.15","0.0","0.0",,"61","56",,,,,,,
"USW00094290","SEATTLE SAND POINT WEATHER FORECAST OFFICE, WA US","2019-09-24","0.02","0.0","0.0",,"69","57",,,,,,,
"USW00094290","SEATTLE SAND POINT WEATHER FORECAST OFFICE, WA US","2019-09-25","0.00","0.0","0.0",,"69","52",,,,,,,
"USW00094290","SEATTLE SAND POINT WEATHER FORECAST OFFICE, WA US","2019-09-26","0.04","0.0","0.0",,"69","58","    1",,,,,,
"USW00094290","SEATTLE SAND POINT WEATHER FORECAST OFFICE, WA US","2019-09-27","0.07","0.0","0.0",,"63","47",,,,,,,
"USW00094290","SEATTLE SAND POINT WEATHER FORECAST OFFICE, WA US","2019-09-28","0.05","0.0","0.0",,"60","46",,,,,,,
"USW00094290","SEATTLE SAND POINT WEATHER FORECAST OFFICE, WA US","2019-09-29","0.25","0.0","0.0",,"56","44",,,,,,,
"USW00094290","SEATTLE SAND POINT WEATHER FORECAST OFFICE, WA US","2019-09-30","0.00","0.0","0.0",,"61","40",,,,,,,
"USW00094290","SEATTLE SAND POINT WEATHER FORECAST OFFICE, WA US","2019-10-01","0.00","0.0","0.0",,"64","38",,,,,,,
"USW00094290","SEATTLE SAND POINT WEATHER FORECAST OFFICE, WA US","2019-10-02","0.00","0.0","0.0",,"65","41",,,,,,,
"USW00094290","SEATTLE SAND POINT WEATHER FORECAST OFFICE, WA US","2019-10-03","0.04","0.0","0.0",,"65","52",,,,,,,
"USW00094290","SEATTLE SAND POINT WEATHER FORECAST OFFICE, WA US","2019-10-04","0.04","0.0","0.0",,"63","51",,,,,,,
"USW00094290","SEATTLE SAND POINT WEATHER FORECAST OFFICE, WA US","2019-10-05","0.00","0.0","0.0",,"64","50",,,,,,,
"USW00094290","SEATTLE SAND POINT WEATHER FORECAST OFFICE, WA US","2019-10-06","0.00","0.0","0.0",,"65","46","    1",,,,,,
"USW00094290","SEATTLE SAND POINT WEATHER FORECAST OFFICE, WA US","2019-10-07","0.01","0.0","0.0",,"64","47",,,,,,,
"USW00094290","SEATTLE SAND POINT WEATHER FORECAST OFFICE, WA US","2019-10-08","0.20","0.0","0.0",,"51","39",,,,,,,
"USW00094290","SEATTLE SAND POINT WEATHER FORECAST OFFICE, WA US","2019-10-09","0.00","0.0","0.0",,"52","37","    1",,,,,,
"USW00094290","SEATTLE SAND POINT WEATHER FORECAST OFFICE, WA US","2019-10-10","0.00","0.0","0.0",,"59","37",,,,,,,
"USW00094290","SEATTLE SAND POINT WEATHER FORECAST OFFICE, WA US","2019-10-11","0.00","0.0","0.0",,"69","42",,,,,,,
"USW00094290","SEATTLE SAND POINT WEATHER FORECAST OFFICE, WA US","2019-10-12","0.00","0.0","0.0",,"61","42",,,,,,,
"USW00094290","SEATTLE SAND POINT WEATHER FORECAST OFFICE, WA US","2019-10-13","0.00","0.0","0.0",,"60","46",,,,,,,
"USW00094290","SEATTLE SAND POINT WEATHER FORECAST OFFICE, WA US","2019-10-14","0.00","0.0","0.0",,"61","45",,,,,,,
"USW00094290","SEATTLE SAND POINT WEATHER FORECAST OFFICE, WA US","2019-10-15","0.00","0.0","0.0",,"60","46",,,,,,,
"USW00094290","SEATTLE SAND POINT WEATHER FORECAST OFFICE, WA US","2019-10-16","0.22","0.0","0.0",,"59","50","    1",,,,,,
"USW00094290","SEATTLE SAND POINT WEATHER FORECAST OFFICE, WA US","2019-10-17","0.09","0.0","0.0",,"59","51",,,,,,,
"USW00094290","SEATTLE SAND POINT WEATHER FORECAST OFFICE, WA US","2019-10-18","0.25","0.0","0.0",,"53","49",,,,,,,
"USW00094290","SEATTLE SAND POINT WEATHER FORECAST OFFICE, WA US","2019-10-19","0.48","0.0","0.0",,"51","45",,,,,,,
"USW00094290","SEATTLE SAND POINT WEATHER FORECAST OFFICE, WA US","2019-10-20","0.22","0.0","0.0",,"52","48","    1",,,,,,
"USW00094290","SEATTLE SAND POINT WEATHER FORECAST OFFICE, WA US","2019-10-21","0.46","0.0","0.0",,"59","52","    1",,,,,,
"USW00094290","SEATTLE SAND POINT WEATHER FORECAST OFFICE, WA US","2019-10-22","0.13","0.0","0.0",,"59","45",,,,,,,
"USW00094290","SEATTLE SAND POINT WEATHER FORECAST OFFICE, WA US","2019-10-23","0.00","0.0","0.0",,"57","42","    1",,,,,,
"USW00094290","SEATTLE SAND POINT WEATHER FORECAST OFFICE, WA US","2019-10-24","0.00","0.0","0.0",,"61","44",,,,,,,
"USW00094290","SEATTLE SAND POINT WEATHER FORECAST OFFICE, WA US","2019-10-25","0.47","0.0","0.0",,"57","46",,,"    1",,"    1",,
"USW00094290","SEATTLE SAND POINT WEATHER FORECAST OFFICE, WA US","2019-10-26","0.00","0.0","0.0",,"54","40",,,,,,,
"USW00094290","SEATTLE SAND POINT WEATHER FORECAST OFFICE, WA US","2019-10-27","0.00","0.0","0.0",,"56","36",,,,,,,
"USW00094290","SEATTLE SAND POINT WEATHER FORECAST OFFICE, WA US","2019-10-28","0.00","0.0","0.0",,"53","34","    1",,,,,,
"USW00094290","SEATTLE SAND POINT WEATHER FORECAST OFFICE, WA US","2019-10-29","0.00","0.0","0.0",,"50","36",,,,,,,
"USW00094290","SEATTLE SAND POINT WEATHER FORECAST OFFICE, WA US","2019-10-30","0.00","0.0","0.0",,"54","34",,,,,,,
"USW00094290","SEATTLE SAND POINT WEATHER FORECAST OFFICE, WA US","2019-10-31","0.00","0.0","0.0",,"54","35",,,,,,,
"USW00094290","SEATTLE SAND POINT WEATHER FORECAST OFFICE, WA US","2019-11-01","0.00","0.0","0.0",,"57","37",,,,,,,
"USW00094290","SEATTLE SAND POINT WEATHER FORECAST OFFICE, WA US","2019-11-02","0.00","0.0","0.0",,"59","40","    1",,,,,,
"USW00094290","SEATTLE SAND POINT WEATHER FORECAST OFFICE, WA US","2019-11-03","0.00","0.0","0.0",,"57","37",,,,,,,
"USW00094290","SEATTLE SAND POINT WEATHER FORECAST OFFICE, WA US","2019-11-04","0.00","0.0","0.0",,"56","39",,,,,,,
"USW00094290","SEATTLE SAND POINT WEATHER FORECAST OFFICE, WA US","2019-11-05","0.00","0.0","0.0",,"56","38","    1","    1",,,,,
"USW00094290","SEATTLE SAND POINT WEATHER FORECAST OFFICE, WA US","2019-11-06","0.00","0.0","0.0",,"56","40",,,,,,,
"USW00094290","SEATTLE SAND POINT WEATHER FORECAST OFFICE, WA US","2019-11-07","0.00","0.0","0.0",,"59","36",,,,,,,
"USW00094290","SEATTLE SAND POINT WEATHER FORECAST OFFICE, WA US","2019-11-08","0.00","0.0","0.0",,"62","37",,,,,,,
"USW00094290","SEATTLE SAND POINT WEATHER FORECAST OFFICE, WA US","2019-11-09","0.31","0.0","0.0",,"52","49","    1",,,,,,
"USW00094290","SEATTLE SAND POINT WEATHER FORECAST OFFICE, WA US","2019-11-10","0.04","0.0","0.0",,"54","49","    1",,,,,,
"USW00094290","SEATTLE SAND POINT WEATHER FORECAST OFFICE, WA US","2019-11-11","0.00","0.0","0.0",,"59","46","    1",,,,,,
"USW00094290","SEATTLE SAND POINT WEATHER FORECAST OFFICE, WA US","2019-11-12","0.25","0.0","0.0",,"52","47",,,,,,,
"USW00094290","SEATTLE SAND POINT WEATHER FORECAST OFFICE, WA US","2019-11-13","0.00","0.0","0.0",,"56","47",,,,,,,
"USW00094290","SEATTLE SAND POINT WEATHER FORECAST OFFICE, WA US","2019-11-14","0.00","0.0","0.0",,"53","43","    1",,,,,,
"USW00094290","SEATTLE SAND POINT WEATHER FORECAST OFFICE, WA US","2019-11-15","0.19","0.0","0.0",,"57","47",,,,,,,
"USW00094290","SEATTLE SAND POINT WEATHER FORECAST OFFICE, WA US","2019-11-16","0.07","0.0","0.0",,"53","49",,,,,,,
"USW00094290","SEATTLE SAND POINT WEATHER FORECAST OFFICE, WA US","2019-11-17","0.24","0.0","0.0",,"57","51","    1",,,,,,
"USW00094290","SEATTLE SAND POINT WEATHER FORECAST OFFICE, WA US","2019-11-18","0.40","0.0","0.0",,"51","48","    1",,,,,,
"USW00094290","SEATTLE SAND POINT WEATHER FORECAST OFFICE, WA US","2019-11-19","0.11","0.0","0.0",,"52","40","    1",,,,,,
"USW00094290","SEATTLE SAND POINT WEATHER FORECAST OFFICE, WA US","2019-11-20","0.00","0.0","0.0",,"50","37",,,,,,,
"USW00094290","SEATTLE SAND POINT WEATHER FORECAST OFFICE, WA US","2019-11-21","0.00","0.0","0.0",,"49","35",,,,,,,
"USW00094290","SEATTLE SAND POINT WEATHER FORECAST OFFICE, WA US","2019-11-22","0.00","0.0","0.0",,"43","37","    1",,,,,,
"USW00094290","SEATTLE SAND POINT WEATHER FORECAST OFFICE, WA US","2019-11-23","0.01","0.0","0.0",,"53","37",,,,,,,
"USW00094290","SEATTLE SAND POINT WEATHER FORECAST OFFICE, WA US","2019-11-24","0.08","0.0","0.0",,"53","39",,,,,,,
"USW00094290","SEATTLE SAND POINT WEATHER FORECAST OFFICE, WA US","2019-11-25","0.06","0.0","0.0",,"45","38",,,,,,,
"USW00094290","SEATTLE SAND POINT WEATHER FORECAST OFFICE, WA US","2019-11-26","0.01","0.0","0.0",,"45","36",,,,,,,
"USW00094290","SEATTLE SAND POINT WEATHER FORECAST OFFICE, WA US","2019-11-27","0.00","0.0","0.0",,"47","36",,,,,,,
"USW00094290","SEATTLE SAND POINT WEATHER FORECAST OFFICE, WA US","2019-11-28","0.00","0.0","0.0",,"45","33",,,,,,,
"USW00094290","SEATTLE SAND POINT WEATHER FORECAST OFFICE, WA US","2019-11-29","0.00","0.0","0.0",,"43","28",,,,,,,
"USW00094290","SEATTLE SAND POINT WEATHER FORECAST OFFICE, WA US","2019-11-30","0.00","0.0","0.0",,"47","28",,,,,,,
"USW00094290","SEATTLE SAND POINT WEATHER FORECAST OFFICE, WA US","2019-12-01","0.02","0.0","0.0",,"45","37",,,,,,,
"USW00094290","SEATTLE SAND POINT WEATHER FORECAST OFFICE, WA US","2019-12-02","0.00","0.0","0.0",,"49","41",,,,,,,
"USW00094290","SEATTLE SAND POINT WEATHER FORECAST OFFICE, WA US","2019-12-03","0.00","0.0","0.0",,"53","43",,,,,,,
"USW00094290","SEATTLE SAND POINT WEATHER FORECAST OFFICE, WA US","2019-12-04","0.01","0.0","0.0",,"51","46",,,,,,,
"USW00094290","SEATTLE SAND POINT WEATHER FORECAST OFFICE, WA US","2019-12-05","0.00","0.0","0.0",,"50","44",,,,,,,
"USW00094290","SEATTLE SAND POINT WEATHER FORECAST OFFICE, WA US","2019-12-06","0.00","0.0","0.0",,"52","44",,,,,,,
"USW00094290","SEATTLE SAND POINT WEATHER FORECAST OFFICE, WA US","2019-12-07","0.37","0.0","0.0",,"49","46","    1",,,,,,
"USW00094290","SEATTLE SAND POINT WEATHER FORECAST OFFICE, WA US","2019-12-08","0.02","0.0","0.0",,"51","44","    1",,,,,,
"USW00094290","SEATTLE SAND POINT WEATHER FORECAST OFFICE, WA US","2019-12-09","0.00","0.0","0.0",,"44","40","    1",,,,,,
"USW00094290","SEATTLE SAND POINT WEATHER FORECAST OFFICE, WA US","2019-12-10","0.16","0.0","0.0",,"45","40","    1",,,,,,
"USW00094290","SEATTLE SAND POINT WEATHER FORECAST OFFICE, WA US","2019-12-11","0.33","0.0","0.0",,"49","44",,,,,,,
"USW00094290","SEATTLE SAND POINT WEATHER FORECAST OFFICE, WA US","2019-12-12","0.09","0.0","0.0",,"50","46",,,,,,,
"USW00094290","SEATTLE SAND POINT WEATHER FORECAST OFFICE, WA US","2019-12-13","0.01","0.0","0.0",,"49","43",,,,,,,
"USW00094290","SEATTLE SAND POINT WEATHER FORECAST OFFICE, WA US","2019-12-14","0.33","0.0","0.0",,"44","39","    1",,,,,,
"USW00094290","SEATTLE SAND POINT WEATHER FORECAST OFFICE, WA US","2019-12-15","0.20","0.0","0.0",,"44","37",,,,,,,
"USW00094290","SEATTLE SAND POINT WEATHER FORECAST OFFICE, WA US","2019-12-16","0.00","0.0","0.0",,"46","38",,,,,,,
"USW00094290","SEATTLE SAND POINT WEATHER FORECAST OFFICE, WA US","2019-12-17","0.00","0.0","0.0",,"47","37",,,,,,,
"USW00094290","SEATTLE SAND POINT WEATHER FORECAST OFFICE, WA US","2019-12-18","0.23","0.0","0.0",,"47","38",,,,,,,
"USW00094290","SEATTLE SAND POINT WEATHER FORECAST OFFICE, WA US","2019-12-19","1.39","0.0","0.0",,"53","41",,,,,,,
"USW00094290","SEATTLE SAND POINT WEATHER FORECAST OFFICE, WA US","2019-12-20","2.64","0.0","0.0",,"53","46",,,,,,,
"USW00094290","SEATTLE SAND POINT WEATHER FORECAST OFFICE, WA US","2019-12-21","0.89","0.0","0.0",,"50","42","    1",,,,,,
"USW00094290","SEATTLE SAND POINT WEATHER FORECAST OFFICE, WA US","2019-12-22","0.15","0.0","0.0",,"44","40",,,,,,,
"USW00094290","SEATTLE SAND POINT WEATHER FORECAST OFFICE, WA US","2019-12-23","0.31","0.0","0.0",,"46","37",,,,,,,
"USW00094290","SEATTLE SAND POINT WEATHER FORECAST OFFICE, WA US","2019-12-24","0.02","0.0","0.0",,"41","35",,,,,,,
"USW00094290","SEATTLE SAND POINT WEATHER FORECAST OFFICE, WA US","2019-12-25","0.00","0.0","0.0",,"44","34",,,,,,,
"USW00094290","SEATTLE SAND POINT WEATHER FORECAST OFFICE, WA US","2019-12-26","0.02","0.0","0.0",,"40","30",,,,,,,
"USW00094290","SEATTLE SAND POINT WEATHER FORECAST OFFICE, WA US","2019-12-27","0.01","0.0","0.0",,"44","37",,,,,,,
"USW00094290","SEATTLE SAND POINT WEATHER FORECAST OFFICE, WA US","2019-12-28","0.02","0.0","0.0",,"47","40",,,,,,,
"USW00094290","SEATTLE SAND POINT WEATHER FORECAST OFFICE, WA US","2019-12-29","0.00","0.0","0.0",,"52","41",,,,,,,
"USW00094290","SEATTLE SAND POINT WEATHER FORECAST OFFICE, WA US","2019-12-30","0.04","0.0","0.0",,"48","42",,,,,,,
"USW00094290","SEATTLE SAND POINT WEATHER FORECAST OFFICE, WA US","2019-12-31","0.05","0.0","0.0",,"54","46","    1",,,,,,
"USW00094290","SEATTLE SAND POINT WEATHER FORECAST OFFICE, WA US","2020-01-01","0.55","0.0","0.0",,"54","43","    1",,,,,,
"USW00094290","SEATTLE SAND POINT WEATHER FORECAST OFFICE, WA US","2020-01-02","0.21","0.0","0.0",,"50","40",,,,,,,
"USW00094290","SEATTLE SAND POINT WEATHER FORECAST OFFICE, WA US","2020-01-03","0.11","0.0","0.0",,"59","46",,,,,,,
"USW00094290","SEATTLE SAND POINT WEATHER FORECAST OFFICE, WA US","2020-01-04","0.00","0.0","0.0",,"48","41",,,,,,,
"USW00094290","SEATTLE SAND POINT WEATHER FORECAST OFFICE, WA US","2020-01-05","0.15","0.0","0.0",,"47","42",,,,,,,
"USW00094290","SEATTLE SAND POINT WEATHER FORECAST OFFICE, WA US","2020-01-06","0.18","0.0","0.0",,"51","41",,,,,,,
"USW00094290","SEATTLE SAND POINT WEATHER FORECAST OFFICE, WA US","2020-01-07","0.23","0.0","0.0",,"54","47",,,,,,,
"USW00094290","SEATTLE SAND POINT WEATHER FORECAST OFFICE, WA US","2020-01-08","0.01","0.0","0.0",,"47","34",,,,,,,
"USW00094290","SEATTLE SAND POINT WEATHER FORECAST OFFICE, WA US","2020-01-09","0.12","0.0","0.0",,"42","33",,,,,,,
"USW00094290","SEATTLE SAND POINT WEATHER FORECAST OFFICE, WA US","2020-01-10","0.38","0.0","0.0",,"46","36",,,,,,,
"USW00094290","SEATTLE SAND POINT WEATHER FORECAST OFFICE, WA US","2020-01-11","0.55","0.0","0.0",,"45","40",,,,,,,
"USW00094290","SEATTLE SAND POINT WEATHER FORECAST OFFICE, WA US","2020-01-12","0.27","1.5","0.0",,"44","32",,,,,,,
"USW00094290","SEATTLE SAND POINT WEATHER FORECAST OFFICE, WA US","2020-01-13","0.26","1.6","2.0",,"34","29","    1",,,,,,
"USW00094290","SEATTLE SAND POINT WEATHER FORECAST OFFICE, WA US","2020-01-14","0.06","0.7","3.1",,"37","28","    1",,,,,,
"USW00094290","SEATTLE SAND POINT WEATHER FORECAST OFFICE, WA US","2020-01-15","0.02","0.0","2.0",,"44","34",,,,,,,
"USW00094290","SEATTLE SAND POINT WEATHER FORECAST OFFICE, WA US","2020-01-16","0.01","0.0","0.0",,"46","33",,,,,,,
"USW00094290","SEATTLE SAND POINT WEATHER FORECAST OFFICE, WA US","2020-01-17","0.00","0.0","0.0",,"42","32",,,,,,,
"USW00094290","SEATTLE SAND POINT WEATHER FORECAST OFFICE, WA US","2020-01-18","0.44","0.0","0.0",,"50","39",,,,,,,
"USW00094290","SEATTLE SAND POINT WEATHER FORECAST OFFICE, WA US","2020-01-19","0.04","0.0","0.0",,"52","40",,,,,,,
"USW00094290","SEATTLE SAND POINT WEATHER FORECAST OFFICE, WA US","2020-01-20","0.03","0.0","0.0",,"51","40",,,,,,,
"USW00094290","SEATTLE SAND POINT WEATHER FORECAST OFFICE, WA US","2020-01-21","0.79","0.0","0.0",,"50","42",,,,,,,
"USW00094290","SEATTLE SAND POINT WEATHER FORECAST OFFICE, WA US","2020-01-22","0.22","0.0","0.0",,"47","42",,,,,,,
"USW00094290","SEATTLE SAND POINT WEATHER FORECAST OFFICE, WA US","2020-01-23","0.78","0.0","0.0",,"53","46",,,,,,,
"USW00094290","SEATTLE SAND POINT WEATHER FORECAST OFFICE, WA US","2020-01-24","0.26","0.0","0.0",,"52","46",,,,,,,
"USW00094290","SEATTLE SAND POINT WEATHER FORECAST OFFICE, WA US","2020-01-25","0.11","0.0","0.0",,"51","44","    1",,,,,,
"USW00094290","SEATTLE SAND POINT WEATHER FORECAST OFFICE, WA US","2020-01-26","0.29","0.0","0.0",,"55","45",,,,,,,
"USW00094290","SEATTLE SAND POINT WEATHER FORECAST OFFICE, WA US","2020-01-27","0.49","0.0","0.0",,"53","43",,,,,,,
"USW00094290","SEATTLE SAND POINT WEATHER FORECAST OFFICE, WA US","2020-01-28","0.46","0.0","0.0",,"53","44",,,,,,,
"USW00094290","SEATTLE SAND POINT WEATHER FORECAST OFFICE, WA US","2020-01-29","0.18","0.0","0.0",,"48","39","    1","    1",,,,,
"USW00094290","SEATTLE SAND POINT WEATHER FORECAST OFFICE, WA US","2020-01-30","0.13","0.0","0.0",,"48","40","    1",,,,,,
"USW00094290","SEATTLE SAND POINT WEATHER FORECAST OFFICE, WA US","2020-01-31","0.63","0.0","0.0",,"57","48","    1",,,,,,
"USW00094290","SEATTLE SAND POINT WEATHER FORECAST OFFICE, WA US","2020-02-01","0.54","0.0","0.0",,"54","37","    1",,,,,,
"USW00094290","SEATTLE SAND POINT WEATHER FORECAST OFFICE, WA US","2020-02-02","0.12","0.0","0.0",,"45","35",,,,,,,
"USW00094290","SEATTLE SAND POINT WEATHER FORECAST OFFICE, WA US","2020-02-03","0.06","0.0","0.0",,"44","32",,,,,,,
"USW00094290","SEATTLE SAND POINT WEATHER FORECAST OFFICE, WA US","2020-02-04","0.29","0.0","0.0",,"41","31","    1",,,,,,
"USW00094290","SEATTLE SAND POINT WEATHER FORECAST OFFICE, WA US","2020-02-05","2.04","0.0","0.0",,"48","41","    1",,,,,,
"USW00094290","SEATTLE SAND POINT WEATHER FORECAST OFFICE, WA US","2020-02-06","0.80","0.0","0.0",,"47","44","    1",,,,,,
"USW00094290","SEATTLE SAND POINT WEATHER FORECAST OFFICE, WA US","2020-02-07","0.26","0.0","0.0",,"54","43",,,,,,,
"USW00094290","SEATTLE SAND POINT WEATHER FORECAST OFFICE, WA US","2020-02-08","0.15","0.0","0.0",,"47","38",,,,,,,
"USW00094290","SEATTLE SAND POINT WEATHER FORECAST OFFICE, WA US","2020-02-09","0.00","0.0","0.0",,"47","34",,,,,,,
"USW00094290","SEATTLE SAND POINT WEATHER FORECAST OFFICE, WA US","2020-02-10","0.00","0.0","0.0",,"51","36",,,,,,,
"USW00094290","SEATTLE SAND POINT WEATHER FORECAST OFFICE, WA US","2020-02-11","0.01","0.0","0.0",,"46","35",,,,,,,
"USW00094290","SEATTLE SAND POINT WEATHER FORECAST OFFICE, WA US","2020-02-12","0.00","0.0","0.0",,"50","42",,,,,,,
"USW00094290","SEATTLE SAND POINT WEATHER FORECAST OFFICE, WA US","2020-02-13","0.15","0.0","0.0",,"46","40",,,,,,,
"USW00094290","SEATTLE SAND POINT WEATHER FORECAST OFFICE, WA US","2020-02-14","0.08","0.0","0.0",,"50","42",,,,,,,
"USW00094290","SEATTLE SAND POINT WEATHER FORECAST OFFICE, WA US","2020-02-15","0.19","0.0","0.0",,"48","42",,,,,,,
"USW00094290","SEATTLE SAND POINT WEATHER FORECAST OFFICE, WA US","2020-02-16","0.07","0.0","0.0",,"48","39",,,,,,,
"USW00094290","SEATTLE SAND POINT WEATHER FORECAST OFFICE, WA US","2020-02-17","0.00","0.0","0.0",,"47","36",,,,,,,
"USW00094290","SEATTLE SAND POINT WEATHER FORECAST OFFICE, WA US","2020-02-18","0.00","0.0","0.0",,"48","32",,,,,,,
"USW00094290","SEATTLE SAND POINT WEATHER FORECAST OFFICE, WA US","2020-02-19","0.00","0.0","0.0",,"58","33",,,,,,,
"USW00094290","SEATTLE SAND POINT WEATHER FORECAST OFFICE, WA US","2020-02-20","0.00","0.0","0.0",,"58","32",,,,,,,
"USW00094290","SEATTLE SAND POINT WEATHER FORECAST OFFICE, WA US","2020-02-21","0.00","0.0","0.0",,"56","32",,,,,,,
"USW00094290","SEATTLE SAND POINT WEATHER FORECAST OFFICE, WA US","2020-02-22","0.01","0.0","0.0",,"49","42",,,,,,,
"USW00094290","SEATTLE SAND POINT WEATHER FORECAST OFFICE, WA US","2020-02-23","0.15","0.0","0.0",,"51","41",,,,,,,
"USW00094290","SEATTLE SAND POINT WEATHER FORECAST OFFICE, WA US","2020-02-24","0.01","0.0","0.0",,"49","40",,,,,,,
"USW00094290","SEATTLE SAND POINT WEATHER FORECAST OFFICE, WA US","2020-02-25","0.00","0.0","0.0",,"50","35",,,,,,,
"USW00094290","SEATTLE SAND POINT WEATHER FORECAST OFFICE, WA US","2020-02-26","0.00","0.0","0.0",,"54","41",,,,,,,
"USW00094290","SEATTLE SAND POINT WEATHER FORECAST OFFICE, WA US","2020-02-27","0.00","0.0","0.0",,"57","41",,,,,,,
"USW00094290","SEATTLE SAND POINT WEATHER FORECAST OFFICE, WA US","2020-02-28","0.08","0.0","0.0",,"51","36","    1",,,,,,
"USW00094290","SEATTLE SAND POINT WEATHER FORECAST OFFICE, WA US","2020-02-29","0.00","0.0","0.0",,"50","35",,,,,,,
"USW00094290","SEATTLE SAND POINT WEATHER FORECAST OFFICE, WA US","2020-03-01","0.05","0.0","0.0",,"49","35",,,,,,,
"USW00094290","SEATTLE SAND POINT WEATHER FORECAST OFFICE, WA US","2020-03-02","0.19","0.0","0.0",,"48","40","    1",,,,,,
"USW00094290","SEATTLE SAND POINT WEATHER FORECAST OFFICE, WA US","2020-03-03","0.15","0.0","0.0",,"53","45","    1",,,,,,
"USW00094290","SEATTLE SAND POINT WEATHER FORECAST OFFICE, WA US","2020-03-04","0.00","0.0","0.0",,"53","42",,,,,,,
"USW00094290","SEATTLE SAND POINT WEATHER FORECAST OFFICE, WA US","2020-03-05","0.28","0.0","0.0",,"56","37","    1",,,,,,
"USW00094290","SEATTLE SAND POINT WEATHER FORECAST OFFICE, WA US","2020-03-06","0.52","0.0","0.0",,"43","39","    1",,,,,,
"USW00094290","SEATTLE SAND POINT WEATHER FORECAST OFFICE, WA US","2020-03-07","0.17","0.0","0.0",,"45","38",,,,,,,
"USW00094290","SEATTLE SAND POINT WEATHER FORECAST OFFICE, WA US","2020-03-08","0.05","0.0","0.0",,"49","34",,,,,,,
"USW00094290","SEATTLE SAND POINT WEATHER FORECAST OFFICE, WA US","2020-03-09","0.00","0.0","0.0",,"52","31","    1",,,,,,
"USW00094290","SEATTLE SAND POINT WEATHER FORECAST OFFICE, WA US","2020-03-10","0.00","0.0","0.0",,"50","32",,,,,,,
"USW00094290","SEATTLE SAND POINT WEATHER FORECAST OFFICE, WA US","2020-03-11","0.04","0.0","0.0",,"53","41",,,,,,,
"USW00094290","SEATTLE SAND POINT WEATHER FORECAST OFFICE, WA US","2020-03-12","0.05","0.0","0.0",,"51","38",,,,,,,
"USW00094290","SEATTLE SAND POINT WEATHER FORECAST OFFICE, WA US","2020-03-13","0.27","0.0","0.0",,"42","37","    1",,,,,,
"USW00094290","SEATTLE SAND POINT WEATHER FORECAST OFFICE, WA US","2020-03-14","0.00","0.0","0.0",,"44","34",,,,,,,
"USW00094290","SEATTLE SAND POINT WEATHER FORECAST OFFICE, WA US","2020-03-15","0.00","0.0","0.0",,"47","32",,,,,,,
"USW00094290","SEATTLE SAND POINT WEATHER FORECAST OFFICE, WA US","2020-03-16","0.00","0.0","0.0",,"54","30",,,,,,,
"USW00094290","SEATTLE SAND POINT WEATHER FORECAST OFFICE, WA US","2020-03-17","0.00","0.0","0.0",,"54","30",,,,,,,
"USW00094290","SEATTLE SAND POINT WEATHER FORECAST OFFICE, WA US","2020-03-18","0.00","0.0","0.0",,"55","31",,,,,,,
"USW00094290","SEATTLE SAND POINT WEATHER FORECAST OFFICE, WA US","2020-03-19","0.00","0.0","0.0",,"61","35",,,,,,,
"USW00094290","SEATTLE SAND POINT WEATHER FORECAST OFFICE, WA US","2020-03-20","0.00","0.0","0.0",,"62","38",,,,,,,
"USW00094290","SEATTLE SAND POINT WEATHER FORECAST OFFICE, WA US","2020-03-21","0.00","0.0","0.0",,"56","38",,,,,,,
"USW00094290","SEATTLE SAND POINT WEATHER FORECAST OFFICE, WA US","2020-03-22","0.00","0.0","0.0",,"56","35",,,,,,,
"USW00094290","SEATTLE SAND POINT WEATHER FORECAST OFFICE, WA US","2020-03-23","0.00","0.0","0.0",,"51","42",,,,,,,
"USW00094290","SEATTLE SAND POINT WEATHER FORECAST OFFICE, WA US","2020-03-24","0.13","0.0","0.0",,"52","41",,,,,,,
"USW00094290","SEATTLE SAND POINT WEATHER FORECAST OFFICE, WA US","2020-03-25","0.26","0.0","0.0",,"51","38",,,,,,,
"USW00094290","SEATTLE SAND POINT WEATHER FORECAST OFFICE, WA US","2020-03-26","0.03","0.0","0.0",,"49","40",,,,,,,
"USW00094290","SEATTLE SAND POINT WEATHER FORECAST OFFICE, WA US","2020-03-27","0.02","0.0","0.0",,"49","43",,,,,,,
"USW00094290","SEATTLE SAND POINT WEATHER FORECAST OFFICE, WA US","2020-03-28","0.33","0.0","0.0",,"55","46",,,,,,,
"USW00094290","SEATTLE SAND POINT WEATHER FORECAST OFFICE, WA US","2020-03-29","0.21","0.0","0.0",,"57","46",,,,,,,
"USW00094290","SEATTLE SAND POINT WEATHER FORECAST OFFICE, WA US","2020-03-30","0.46","0.0","0.0",,"51","40",,,,,,,
"USW00094290","SEATTLE SAND POINT WEATHER FORECAST OFFICE, WA US","2020-03-31","0.17","0.0","0.0",,"50","38","    1",,,,"    1",,
"USW00094290","SEATTLE SAND POINT WEATHER FORECAST OFFICE, WA US","2020-04-01","0.11","0.0","0.0",,"50","36",,,,,,,
"USW00094290","SEATTLE SAND POINT WEATHER FORECAST OFFICE, WA US","2020-04-02","0.00","0.0","0.0",,"53","37",,,,,,,
"USW00094290","SEATTLE SAND POINT WEATHER FORECAST OFFICE, WA US","2020-04-03","0.06","0.0","0.0",,"49","39",,,,,,,
"USW00094290","SEATTLE SAND POINT WEATHER FORECAST OFFICE, WA US","2020-04-04","0.00","0.0","0.0",,"53","35",,,,,,,
"USW00094290","SEATTLE SAND POINT WEATHER FORECAST OFFICE, WA US","2020-04-05","0.00","0.0","0.0",,"55","44",,,,,,,
"USW00094290","SEATTLE SAND POINT WEATHER FORECAST OFFICE, WA US","2020-04-06","0.00","0.0","0.0",,"59","38",,,,,,,
"USW00094290","SEATTLE SAND POINT WEATHER FORECAST OFFICE, WA US","2020-04-07","0.00","0.0","0.0",,"58","40",,,,,,,
"USW00094290","SEATTLE SAND POINT WEATHER FORECAST OFFICE, WA US","2020-04-08","0.00","0.0","0.0",,"59","39",,,,,,,
"USW00094290","SEATTLE SAND POINT WEATHER FORECAST OFFICE, WA US","2020-04-09","0.00","0.0","0.0",,"67","41",,,,,,,
"USW00094290","SEATTLE SAND POINT WEATHER FORECAST OFFICE, WA US","2020-04-10","0.00","0.0","0.0",,"67","42",,,,,,,
"USW00094290","SEATTLE SAND POINT WEATHER FORECAST OFFICE, WA US","2020-04-11","0.00","0.0","0.0",,"59","40",,,,,,,
"USW00094290","SEATTLE SAND POINT WEATHER FORECAST OFFICE, WA US","2020-04-12","0.00","0.0","0.0",,"57","36",,,,,,,
"USW00094290","SEATTLE SAND POINT WEATHER FORECAST OFFICE, WA US","2020-04-13","0.00","0.0","0.0",,"64","36",,,,,,,
"USW00094290","SEATTLE SAND POINT WEATHER FORECAST OFFICE, WA US","2020-04-14","0.00","0.0","0.0",,"65","39",,,,,,,
"USW00094290","SEATTLE SAND POINT WEATHER FORECAST OFFICE, WA US","2020-04-15","0.00","0.0","0.0",,"63","46",,,,,,,
"USW00094290","SEATTLE SAND POINT WEATHER FORECAST OFFICE, WA US","2020-04-16","0.00","0.0","0.0",,"69","42",,,,,,,
"USW00094290","SEATTLE SAND POINT WEATHER FORECAST OFFICE, WA US","2020-04-17","0.00","0.0","0.0",,"69","39",,,,,,,
"USW00094290","SEATTLE SAND POINT WEATHER FORECAST OFFICE, WA US","2020-04-18","0.12","0.0","0.0",,"59","47","    1",,,,,,
"USW00094290","SEATTLE SAND POINT WEATHER FORECAST OFFICE, WA US","2020-04-19","0.00","0.0","0.0",,"64","47",,,,,,,
"USW00094290","SEATTLE SAND POINT WEATHER FORECAST OFFICE, WA US","2020-04-20","0.00","0.0","0.0",,"67","42",,,,,,,
"USW00094290","SEATTLE SAND POINT WEATHER FORECAST OFFICE, WA US","2020-04-21","0.00","0.0","0.0",,"57","48",,,,,,,
"USW00094290","SEATTLE SAND POINT WEATHER FORECAST OFFICE, WA US","2020-04-22","0.62","0.0","0.0",,"54","49",,,,,,,
"USW00094290","SEATTLE SAND POINT WEATHER FORECAST OFFICE, WA US","2020-04-23","0.31","0.0","0.0",,"61","49",,,,,,,
"USW00094290","SEATTLE SAND POINT WEATHER FORECAST OFFICE, WA US","2020-04-24","0.01","0.0","0.0",,"60","48",,,,,,,
"USW00094290","SEATTLE SAND POINT WEATHER FORECAST OFFICE, WA US","2020-04-25","0.30","0.0","0.0",,"63","49",,,,,,,
"USW00094290","SEATTLE SAND POINT WEATHER FORECAST OFFICE, WA US","2020-04-26","0.13","0.0","0.0",,"63","48",,,,,,,
"USW00094290","SEATTLE SAND POINT WEATHER FORECAST OFFICE, WA US","2020-04-27","0.04","0.0","0.0",,"64","49",,,,,,,
"USW00094290","SEATTLE SAND POINT WEATHER FORECAST OFFICE, WA US","2020-04-28","0.01","0.0","0.0",,"61","44",,,,,,,
"USW00094290","SEATTLE SAND POINT WEATHER FORECAST OFFICE, WA US","2020-04-29","0.02","0.0","0.0",,"71","50",,,,,,,
"USW00094290","SEATTLE SAND POINT WEATHER FORECAST OFFICE, WA US","2020-04-30","0.00","0.0","0.0",,"60","48",,,,,,,
"USW00094290","SEATTLE SAND POINT WEATHER FORECAST OFFICE, WA US","2020-05-01","0.00","0.0","0.0",,"67","42",,,,,,,
"USW00094290","SEATTLE SAND POINT WEATHER FORECAST OFFICE, WA US","2020-05-02","0.28","0.0","0.0",,"57","47",,,,,,,
"USW00094290","SEATTLE SAND POINT WEATHER FORECAST OFFICE, WA US","2020-05-03","0.02","0.0","0.0",,"59","44",,,,,,,
"USW00094290","SEATTLE SAND POINT WEATHER FORECAST OFFICE, WA US","2020-05-04","0.00","0.0","0.0",,"66","41",,,,,,,
"USW00094290","SEATTLE SAND POINT WEATHER FORECAST OFFICE, WA US","2020-05-05","0.00","0.0","0.0",,"72","51",,,,,,,
"USW00094290","SEATTLE SAND POINT WEATHER FORECAST OFFICE, WA US","2020-05-06","0.17","0.0","0.0",,"61","46",,,,,,,
"USW00094290","SEATTLE SAND POINT WEATHER FORECAST OFFICE, WA US","2020-05-07","0.00","0.0","0.0",,"65","44",,,,,,,
"USW00094290","SEATTLE SAND POINT WEATHER FORECAST OFFICE, WA US","2020-05-08","0.00","0.0","0.0",,"79","48",,,,,,,
"USW00094290","SEATTLE SAND POINT WEATHER FORECAST OFFICE, WA US","2020-05-09","0.00","0.0","0.0",,"85","52",,,,,,,
"USW00094290","SEATTLE SAND POINT WEATHER FORECAST OFFICE, WA US","2020-05-10","0.00","0.0","0.0",,"85","56",,,,,,,
"USW00094290","SEATTLE SAND POINT WEATHER FORECAST OFFICE, WA US","2020-05-11","0.07","0.0","0.0",,"78","53",,,,,,,
"USW00094290","SEATTLE SAND POINT WEATHER FORECAST OFFICE, WA US","2020-05-12","0.02","0.0","0.0",,"68","51",,,,,,,
"USW00094290","SEATTLE SAND POINT WEATHER FORECAST OFFICE, WA US","2020-05-13","0.00","0.0","0.0",,"68","50",,,,,,,
"USW00094290","SEATTLE SAND POINT WEATHER FORECAST OFFICE, WA US","2020-05-14","0.20","0.0","0.0",,"66","50",,,,,,,
"USW00094290","SEATTLE SAND POINT WEATHER FORECAST OFFICE, WA US","2020-05-15","0.02","0.0","0.0",,"69","52",,,,,,,
"USW00094290","SEATTLE SAND POINT WEATHER FORECAST OFFICE, WA US","2020-05-16","0.44","0.0","0.0",,"63","51",,,,,,,
"USW00094290","SEATTLE SAND POINT WEATHER FORECAST OFFICE, WA US","2020-05-17","0.17","0.0","0.0",,"67","54",,,,,,,
"USW00094290","SEATTLE SAND POINT WEATHER FORECAST OFFICE, WA US","2020-05-18","0.00","0.0","0.0",,"69","50",,,,,,,
"USW00094290","SEATTLE SAND POINT WEATHER FORECAST OFFICE, WA US","2020-05-19","0.00","0.0","0.0",,"65","52",,,,,,,
"USW00094290","SEATTLE SAND POINT WEATHER FORECAST OFFICE, WA US","2020-05-20","0.05","0.0","0.0",,"59","51","    1",,,,,,
"USW00094290","SEATTLE SAND POINT WEATHER FORECAST OFFICE, WA US","2020-05-21","1.15","0.0","0.0",,"59","47","    1",,,,,,
"USW00094290","SEATTLE SAND POINT WEATHER FORECAST OFFICE, WA US","2020-05-22","0.19","0.0","0.0",,"62","48","    1",,,,,,
"USW00094290","SEATTLE SAND POINT WEATHER FORECAST OFFICE, WA US","2020-05-23","0.07","0.0","0.0",,"62","49",,,,,,,
"USW00094290","SEATTLE SAND POINT WEATHER FORECAST OFFICE, WA US","2020-05-24","0.00","0.0","0.0",,"69","49",,,,,,,
"USW00094290","SEATTLE SAND POINT WEATHER FORECAST OFFICE, WA US","2020-05-25","0.16","0.0","0.0",,"64","53",,,,,,,
"USW00094290","SEATTLE SAND POINT WEATHER FORECAST OFFICE, WA US","2020-05-26","0.02","0.0","0.0",,"69","52",,,,,,,
"USW00094290","SEATTLE SAND POINT WEATHER FORECAST OFFICE, WA US","2020-05-27","0.00","0.0","0.0",,"72","48",,,,,,,
"USW00094290","SEATTLE SAND POINT WEATHER FORECAST OFFICE, WA US","2020-05-28","0.00","0.0","0.0",,"77","55",,,,,,,
"USW00094290","SEATTLE SAND POINT WEATHER FORECAST OFFICE, WA US","2020-05-29","0.00","0.0","0.0",,"73","56",,,,,,,
"USW00094290","SEATTLE SAND POINT WEATHER FORECAST OFFICE, WA US","2020-05-30","1.01","0.0","0.0",,"56","51","    1",,"    1",,,,
"USW00094290","SEATTLE SAND POINT WEATHER FORECAST OFFICE, WA US","2020-05-31","0.17","0.0","0.0",,"63","50","    1",,,,,,
"USW00094290","SEATTLE SAND POINT WEATHER FORECAST OFFICE, WA US","2020-06-01","0.00","0.0","0.0",,"68","50",,,,,,,
"USW00094290","SEATTLE SAND POINT WEATHER FORECAST OFFICE, WA US","2020-06-02","0.03","0.0","0.0",,"65","49",,,,,,,
"USW00094290","SEATTLE SAND POINT WEATHER FORECAST OFFICE, WA US","2020-06-03","0.00","0.0","0.0",,"67","51",,,,,,,
"USW00094290","SEATTLE SAND POINT WEATHER FORECAST OFFICE, WA US","2020-06-04","0.00","0.0","0.0",,"69","54",,,,,,,
"USW00094290","SEATTLE SAND POINT WEATHER FORECAST OFFICE, WA US","2020-06-05","0.00","0.0","0.0",,"65","50",,,,,,,
"USW00094290","SEATTLE SAND POINT WEATHER FORECAST OFFICE, WA US","2020-06-06","0.04","0.0","0.0",,"66","51",,,,,,,
"USW00094290","SEATTLE SAND POINT WEATHER FORECAST OFFICE, WA US","2020-06-07","0.33","0.0","0.0",,"67","49",,,,,,,
"USW00094290","SEATTLE SAND POINT WEATHER FORECAST OFFICE, WA US","2020-06-08","0.02","0.0","0.0",,"66","53",,,,,,,
"USW00094290","SEATTLE SAND POINT WEATHER FORECAST OFFICE, WA US","2020-06-09","0.16","0.0","0.0",,"63","52",,,,,,,
"USW00094290","SEATTLE SAND POINT WEATHER FORECAST OFFICE, WA US","2020-06-10","0.03","0.0","0.0",,"74","57",,,,,,,
"USW00094290","SEATTLE SAND POINT WEATHER FORECAST OFFICE, WA US","2020-06-11","0.13","0.0","0.0",,"71","58",,,,,,,
"USW00094290","SEATTLE SAND POINT WEATHER FORECAST OFFICE, WA US","2020-06-12","0.23","0.0","0.0",,"61","53",,,,,,,
"USW00094290","SEATTLE SAND POINT WEATHER FORECAST OFFICE, WA US","2020-06-13","1.03","0.0","0.0",,"64","49",,,,,,,
"USW00094290","SEATTLE SAND POINT WEATHER FORECAST OFFICE, WA US","2020-06-14","0.01","0.0","0.0",,"66","49",,,,,,,
"USW00094290","SEATTLE SAND POINT WEATHER FORECAST OFFICE, WA US","2020-06-15","0.08","0.0","0.0",,"65","53",,,,,,,
"USW00094290","SEATTLE SAND POINT WEATHER FORECAST OFFICE, WA US","2020-06-16","0.07","0.0","0.0",,"67","51",,,,,,,
"USW00094290","SEATTLE SAND POINT WEATHER FORECAST OFFICE, WA US","2020-06-17","0.00","0.0","0.0",,"73","48",,,,,,,
"USW00094290","SEATTLE SAND POINT WEATHER FORECAST OFFICE, WA US","2020-06-18","0.00","0.0","0.0",,"74","52",,,,,,,
"USW00094290","SEATTLE SAND POINT WEATHER FORECAST OFFICE, WA US","2020-06-19","0.00","0.0","0.0",,"80","55",,,,,,,
"USW00094290","SEATTLE SAND POINT WEATHER FORECAST OFFICE, WA US","2020-06-20","0.09","0.0","0.0",,"74","61",,,,,,,
"USW00094290","SEATTLE SAND POINT WEATHER FORECAST OFFICE, WA US","2020-06-21","0.00","0.0","0.0",,"70","55",,,,,,,
"USW00094290","SEATTLE SAND POINT WEATHER FORECAST OFFICE, WA US","2020-06-22","0.00","0.0","0.0",,"76","51",,,,,,,
"USW00094290","SEATTLE SAND POINT WEATHER FORECAST OFFICE, WA US","2020-06-23","0.00","0.0","0.0",,"81","55",,,,,,,
"USW00094290","SEATTLE SAND POINT WEATHER FORECAST OFFICE, WA US","2020-06-24","0.00","0.0","0.0",,"76","60",,,,,,,
"USW00094290","SEATTLE SAND POINT WEATHER FORECAST OFFICE, WA US","2020-06-25","0.00","0.0","0.0",,"77","59",,,,,,,
"USW00094290","SEATTLE SAND POINT WEATHER FORECAST OFFICE, WA US","2020-06-26","0.00","0.0","0.0",,"79","57",,,,,,,
"USW00094290","SEATTLE SAND POINT WEATHER FORECAST OFFICE, WA US","2020-06-27","0.63","0.0","0.0",,"60","53",,,,,,,
"USW00094290","SEATTLE SAND POINT WEATHER FORECAST OFFICE, WA US","2020-06-28","0.11","0.0","0.0",,"71","53",,,,,,,
"USW00094290","SEATTLE SAND POINT WEATHER FORECAST OFFICE, WA US","2020-06-29","0.00","0.0","0.0",,"73","55",,,,,,,
"USW00094290","SEATTLE SAND POINT WEATHER FORECAST OFFICE, WA US","2020-06-30","0.07","0.0","0.0",,"66","55","    1",,,,,,
"USW00094290","SEATTLE SAND POINT WEATHER FORECAST OFFICE, WA US","2020-07-01","0.02","0.0","0.0",,"66","54","    1",,,,,,
"USW00094290","SEATTLE SAND POINT WEATHER FORECAST OFFICE, WA US","2020-07-02","0.00","0.0","0.0",,"67","56",,,,,,,
"USW00094290","SEATTLE SAND POINT WEATHER FORECAST OFFICE, WA US","2020-07-03","0.00","0.0","0.0",,"67","55",,,,,,,
"USW00094290","SEATTLE SAND POINT WEATHER FORECAST OFFICE, WA US","2020-07-04","0.00","0.0","0.0",,"67","55",,,,,,,
"USW00094290","SEATTLE SAND POINT WEATHER FORECAST OFFICE, WA US","2020-07-05","0.00","0.0","0.0",,"72","50",,,,,,,
"USW00094290","SEATTLE SAND POINT WEATHER FORECAST OFFICE, WA US","2020-07-06","0.00","0.0","0.0",,"71","56",,,,,,,
"USW00094290","SEATTLE SAND POINT WEATHER FORECAST OFFICE, WA US","2020-07-07","0.00","0.0","0.0",,"64","57",,,,,,,
"USW00094290","SEATTLE SAND POINT WEATHER FORECAST OFFICE, WA US","2020-07-08","0.00","0.0","0.0",,"73","55",,,,,,,
"USW00094290","SEATTLE SAND POINT WEATHER FORECAST OFFICE, WA US","2020-07-09","0.02","0.0","0.0",,"71","56",,,,,,,
"USW00094290","SEATTLE SAND POINT WEATHER FORECAST OFFICE, WA US","2020-07-10","0.00","0.0","0.0",,"73","57",,,,,,,
"USW00094290","SEATTLE SAND POINT WEATHER FORECAST OFFICE, WA US","2020-07-11","0.00","0.0","0.0",,"71","51",,,,,,,
"USW00094290","SEATTLE SAND POINT WEATHER FORECAST OFFICE, WA US","2020-07-12","0.10","0.0","0.0",,"71","56",,,,,,,
"USW00094290","SEATTLE SAND POINT WEATHER FORECAST OFFICE, WA US","2020-07-13","0.00","0.0","0.0",,"73","53",,,,,,,
"USW00094290","SEATTLE SAND POINT WEATHER FORECAST OFFICE, WA US","2020-07-14","0.00","0.0","0.0",,"79","54",,,,,,,
"USW00094290","SEATTLE SAND POINT WEATHER FORECAST OFFICE, WA US","2020-07-15","0.00","0.0","0.0",,"80","57",,,,,,,
"USW00094290","SEATTLE SAND POINT WEATHER FORECAST OFFICE, WA US","2020-07-16","0.00","0.0","0.0",,"78","60",,,,,,,
"USW00094290","SEATTLE SAND POINT WEATHER FORECAST OFFICE, WA US","2020-07-17","0.00","0.0","0.0",,"70","56",,,,,,,
"USW00094290","SEATTLE SAND POINT WEATHER FORECAST OFFICE, WA US","2020-07-18","0.00","0.0","0.0",,"77","53",,,,,,,
"USW00094290","SEATTLE SAND POINT WEATHER FORECAST OFFICE, WA US","2020-07-19","0.00","0.0","0.0",,"80","58",,,,,,,
"USW00094290","SEATTLE SAND POINT WEATHER FORECAST OFFICE, WA US","2020-07-20","0.00","0.0","0.0",,"84","59",,,,,,,
"USW00094290","SEATTLE SAND POINT WEATHER FORECAST OFFICE, WA US","2020-07-21","0.00","0.0","0.0",,"81","61",,,,,,,
"USW00094290","SEATTLE SAND POINT WEATHER FORECAST OFFICE, WA US","2020-07-22","0.02","0.0","0.0",,"70","61",,,,,,,
"USW00094290","SEATTLE SAND POINT WEATHER FORECAST OFFICE, WA US","2020-07-23","0.00","0.0","0.0",,"71","58",,,,,,,
"USW00094290","SEATTLE SAND POINT WEATHER FORECAST OFFICE, WA US","2020-07-24","0.00","0.0","0.0",,"67","57",,,,,,,
"USW00094290","SEATTLE SAND POINT WEATHER FORECAST OFFICE, WA US","2020-07-25","0.00","0.0","0.0",,"76","54",,,,,,,
"USW00094290","SEATTLE SAND POINT WEATHER FORECAST OFFICE, WA US","2020-07-26","0.00","0.0","0.0",,"84","54",,,,,,,
"USW00094290","SEATTLE SAND POINT WEATHER FORECAST OFFICE, WA US","2020-07-27","0.00","0.0","0.0",,"91","60",,,,,,,
"USW00094290","SEATTLE SAND POINT WEATHER FORECAST OFFICE, WA US","2020-07-28","0.00","0.0","0.0",,"80","59",,,,,,,
"USW00094290","SEATTLE SAND POINT WEATHER FORECAST OFFICE, WA US","2020-07-29","0.00","0.0","0.0",,"82","56",,,,,,,
"USW00094290","SEATTLE SAND POINT WEATHER FORECAST OFFICE, WA US","2020-07-30","0.00","0.0","0.0",,"88","60",,,,,,,
"USW00094290","SEATTLE SAND POINT WEATHER FORECAST OFFICE, WA US","2020-07-31","0.00","0.0","0.0",,"83","62",,,,,,,
"USW00094290","SEATTLE SAND POINT WEATHER FORECAST OFFICE, WA US","2020-08-01","0.00","0.0","0.0",,"76","58",,,,,,,
"USW00094290","SEATTLE SAND POINT WEATHER FORECAST OFFICE, WA US","2020-08-02","0.00","0.0","0.0",,"81","59",,,,,,,
"USW00094290","SEATTLE SAND POINT WEATHER FORECAST OFFICE, WA US","2020-08-03","0.00","0.0","0.0",,"80","62",,,,,,,
"USW00094290","SEATTLE SAND POINT WEATHER FORECAST OFFICE, WA US","2020-08-04","0.00","0.0","0.0",,"82","60",,,,,,,
"USW00094290","SEATTLE SAND POINT WEATHER FORECAST OFFICE, WA US","2020-08-05","0.00","0.0","0.0",,"82","60",,,,,,,
"USW00094290","SEATTLE SAND POINT WEATHER FORECAST OFFICE, WA US","2020-08-06","0.34","0.0","0.0",,"63","55",,,,,,,
"USW00094290","SEATTLE SAND POINT WEATHER FORECAST OFFICE, WA US","2020-08-07","0.01","0.0","0.0",,"74","58",,,,,,,
"USW00094290","SEATTLE SAND POINT WEATHER FORECAST OFFICE, WA US","2020-08-08","0.03","0.0","0.0",,"70","58",,,,,,,
"USW00094290","SEATTLE SAND POINT WEATHER FORECAST OFFICE, WA US","2020-08-09","0.00","0.0","0.0",,"76","53",,,,,,,
"USW00094290","SEATTLE SAND POINT WEATHER FORECAST OFFICE, WA US","2020-08-10","0.00","0.0","0.0",,"78","56",,,,,,,
"USW00094290","SEATTLE SAND POINT WEATHER FORECAST OFFICE, WA US","2020-08-11","0.00","0.0","0.0",,"75","55",,,,,,,
"USW00094290","SEATTLE SAND POINT WEATHER FORECAST OFFICE, WA US","2020-08-12","0.00","0.0","0.0",,"71","57",,,,,,,
"USW00094290","SEATTLE SAND POINT WEATHER FORECAST OFFICE, WA US","2020-08-13","0.00","0.0","0.0",,"75","51",,,,,,,
"USW00094290","SEATTLE SAND POINT WEATHER FORECAST OFFICE, WA US","2020-08-14","0.00","0.0","0.0",,"78","54",,,,,,,
"USW00094290","SEATTLE SAND POINT WEATHER FORECAST OFFICE, WA US","2020-08-15","0.00","0.0","0.0",,"85","59",,,,,,,
"USW00094290","SEATTLE SAND POINT WEATHER FORECAST OFFICE, WA US","2020-08-16","0.00","0.0","0.0",,"97","61",,,"    1",,,,
"USW00094290","SEATTLE SAND POINT WEATHER FORECAST OFFICE, WA US","2020-08-17","0.00","0.0","0.0",,"87","65",,,,,,,
"USW00094290","SEATTLE SAND POINT WEATHER FORECAST OFFICE, WA US","2020-08-18","0.00","0.0","0.0",,"80","59",,,,,,,
"USW00094290","SEATTLE SAND POINT WEATHER FORECAST OFFICE, WA US","2020-08-19","0.00","0.0","0.0",,"83","57",,,,,,,
"USW00094290","SEATTLE SAND POINT WEATHER FORECAST OFFICE, WA US","2020-08-20","0.06","0.0","0.0",,"81","63",,,,,,,
"USW00094290","SEATTLE SAND POINT WEATHER FORECAST OFFICE, WA US","2020-08-21","0.03","0.0","0.0",,"71","63",,,,,,,
"USW00094290","SEATTLE SAND POINT WEATHER FORECAST OFFICE, WA US","2020-08-22","0.09","0.0","0.0",,"74","58",,,,,,,
"USW00094290","SEATTLE SAND POINT WEATHER FORECAST OFFICE, WA US","2020-08-23","0.00","0.0","0.0",,"75","53",,,,,,,
"USW00094290","SEATTLE SAND POINT WEATHER FORECAST OFFICE, WA US","2020-08-24","0.00","0.0","0.0",,"75","56",,,,,,,
"USW00094290","SEATTLE SAND POINT WEATHER FORECAST OFFICE, WA US","2020-08-25","0.00","0.0","0.0",,"77","52",,,,,,,
"USW00094290","SEATTLE SAND POINT WEATHER FORECAST OFFICE, WA US","2020-08-26","0.00","0.0","0.0",,"75","56",,,,,,,
"USW00094290","SEATTLE SAND POINT WEATHER FORECAST OFFICE, WA US","2020-08-27","0.00","0.0","0.0",,"78","54",,,,,,,
"USW00094290","SEATTLE SAND POINT WEATHER FORECAST OFFICE, WA US","2020-08-28","0.00","0.0","0.0",,"79","55",,,,,,,
"USW00094290","SEATTLE SAND POINT WEATHER FORECAST OFFICE, WA US","2020-08-29","0.00","0.0","0.0",,"72","55",,,,,,,
"USW00094290","SEATTLE SAND POINT WEATHER FORECAST OFFICE, WA US","2020-08-30","0.01","0.0","0.0",,"74","52",,,,,,,
"USW00094290","SEATTLE SAND POINT WEATHER FORECAST OFFICE, WA US","2020-08-31","0.01","0.0","0.0",,"72","54",,,,,,,
"USW00094290","SEATTLE SAND POINT WEATHER FORECAST OFFICE, WA US","2020-09-01","0.00","0.0","0.0",,"82","59",,,,,,,
"USW00094290","SEATTLE SAND POINT WEATHER FORECAST OFFICE, WA US","2020-09-02","0.00","0.0","0.0",,"78","59",,,,,,,
"USW00094290","SEATTLE SAND POINT WEATHER FORECAST OFFICE, WA US","2020-09-03","0.00","0.0","0.0",,"81","56",,,,,,,
"USW00094290","SEATTLE SAND POINT WEATHER FORECAST OFFICE, WA US","2020-09-04","0.00","0.0","0.0",,"83","56",,,,,,,
"USW00094290","SEATTLE SAND POINT WEATHER FORECAST OFFICE, WA US","2020-09-05","0.00","0.0","0.0",,"74","59",,,,,,,
"USW00094290","SEATTLE SAND POINT WEATHER FORECAST OFFICE, WA US","2020-09-06","0.00","0.0","0.0",,"80","56",,,,,,,
"USW00094290","SEATTLE SAND POINT WEATHER FORECAST OFFICE, WA US","2020-09-07","0.00","0.0","0.0",,"82","62",,,,,,,"    1"
"USW00094290","SEATTLE SAND POINT WEATHER FORECAST OFFICE, WA US","2020-09-08","0.00","0.0","0.0",,"81","50",,,,,,,
"USW00094290","SEATTLE SAND POINT WEATHER FORECAST OFFICE, WA US","2020-09-09","0.00","0.0","0.0",,"83","60",,,,,,,"    1"
"USW00094290","SEATTLE SAND POINT WEATHER FORECAST OFFICE, WA US","2020-09-10","0.00","0.0","0.0",,"91","59",,,,,,,"    1"
"USW00094290","SEATTLE SAND POINT WEATHER FORECAST OFFICE, WA US","2020-09-11","0.00","0.0","0.0",,"76","57",,,,,,,"    1"
"USW00094290","SEATTLE SAND POINT WEATHER FORECAST OFFICE, WA US","2020-09-12","0.00","0.0","0.0",,"61","51","    1",,,,,,"    1"
"USW00094290","SEATTLE SAND POINT WEATHER FORECAST OFFICE, WA US","2020-09-13","0.00","0.0","0.0",,"67","52","    1",,,,,,"    1"
"USW00094290","SEATTLE SAND POINT WEATHER FORECAST OFFICE, WA US","2020-09-14","0.05","0.0","0.0",,"71","58","    1",,,,,,"    1"
"USW00094290","SEATTLE SAND POINT WEATHER FORECAST OFFICE, WA US","2020-09-15","0.08","0.0","0.0",,"80","60","    1",,,,,,"    1"
"USW00094290","SEATTLE SAND POINT WEATHER FORECAST OFFICE, WA US","2020-09-16","0.00","0.0","0.0",,"72","60","    1",,,,,,"    1"
"USW00094290","SEATTLE SAND POINT WEATHER FORECAST OFFICE, WA US","2020-09-17","0.00","0.0","0.0",,"74","59",,,,,,,"    1"
"USW00094290","SEATTLE SAND POINT WEATHER FORECAST OFFICE, WA US","2020-09-18","0.17","0.0","0.0",,"69","59",,,,,,,
"USW00094290","SEATTLE SAND POINT WEATHER FORECAST OFFICE, WA US","2020-09-19","1.35","0.0","0.0",,"69","59","    1",,,,,,
"USW00094290","SEATTLE SAND POINT WEATHER FORECAST OFFICE, WA US","2020-09-20","0.18","0.0","0.0",,"71","57","    1",,,,,,
"USW00094290","SEATTLE SAND POINT WEATHER FORECAST OFFICE, WA US","2020-09-21","0.00","0.0","0.0",,"70","54","    1",,,,,,
"USW00094290","SEATTLE SAND POINT WEATHER FORECAST OFFICE, WA US","2020-09-22","0.00","0.0","0.0",,"73","58",,,,,,,
"USW00094290","SEATTLE SAND POINT WEATHER FORECAST OFFICE, WA US","2020-09-23","0.89","0.0","0.0",,"64","59",,,,,,,
"USW00094290","SEATTLE SAND POINT WEATHER FORECAST OFFICE, WA US","2020-09-24","0.85","0.0","0.0",,"65","58","    1",,,,,,
"USW00094290","SEATTLE SAND POINT WEATHER FORECAST OFFICE, WA US","2020-09-25","0.58","0.0","0.0",,"63","56",,,,,,,
"USW00094290","SEATTLE SAND POINT WEATHER FORECAST OFFICE, WA US","2020-09-26","0.01","0.0","0.0",,"67","55",,,,,,,
"USW00094290","SEATTLE SAND POINT WEATHER FORECAST OFFICE, WA US","2020-09-27","0.00","0.0","0.0",,"70","51",,,,,,,
"USW00094290","SEATTLE SAND POINT WEATHER FORECAST OFFICE, WA US","2020-09-28","0.00","0.0","0.0",,"73","53",,,,,,,
"USW00094290","SEATTLE SAND POINT WEATHER FORECAST OFFICE, WA US","2020-09-29","0.00","0.0","0.0",,"80","53",,,,,,,
"USW00094290","SEATTLE SAND POINT WEATHER FORECAST OFFICE, WA US","2020-09-30","0.00","0.0","0.0",,"75","53",,,,,,,
"USW00094290","SEATTLE SAND POINT WEATHER FORECAST OFFICE, WA US","2020-10-01","0.00","0.0","0.0",,"72","55",,,,,,,
"USW00094290","SEATTLE SAND POINT WEATHER FORECAST OFFICE, WA US","2020-10-02","0.00","0.0","0.0",,"74","53","    1","    1",,,,,"    1"
"USW00094290","SEATTLE SAND POINT WEATHER FORECAST OFFICE, WA US","2020-10-03","0.00","0.0","0.0",,"60","53","    1","    1",,,,,
"USW00094290","SEATTLE SAND POINT WEATHER FORECAST OFFICE, WA US","2020-10-04","0.04","0.0","0.0",,"62","56","    1","    1",,,,,
"USW00094290","SEATTLE SAND POINT WEATHER FORECAST OFFICE, WA US","2020-10-05","0.00","0.0","0.0",,"68","55",,,,,,,
"USW00094290","SEATTLE SAND POINT WEATHER FORECAST OFFICE, WA US","2020-10-06","0.00","0.0","0.0",,"73","53","    1","    1",,,,,
"USW00094290","SEATTLE SAND POINT WEATHER FORECAST OFFICE, WA US","2020-10-07","0.00","0.0","0.0",,"64","52",,,,,,,
"USW00094290","SEATTLE SAND POINT WEATHER FORECAST OFFICE, WA US","2020-10-08","0.00","0.0","0.0",,"68","54",,,,,,,
"USW00094290","SEATTLE SAND POINT WEATHER FORECAST OFFICE, WA US","2020-10-09","0.50","0.0","0.0",,"69","58",,,,,,,
"USW00094290","SEATTLE SAND POINT WEATHER FORECAST OFFICE, WA US","2020-10-10","0.46","0.0","0.0",,"61","49",,,"    1",,,,
"USW00094290","SEATTLE SAND POINT WEATHER FORECAST OFFICE, WA US","2020-10-11","0.35","0.0","0.0",,"60","52","    1",,,,,,
"USW00094290","SEATTLE SAND POINT WEATHER FORECAST OFFICE, WA US","2020-10-12","0.15","0.0","0.0",,"61","51",,,,,,,
"USW00094290","SEATTLE SAND POINT WEATHER FORECAST OFFICE, WA US","2020-10-13","0.46","0.0","0.0",,"64","49","    1",,,,,,
"USW00094290","SEATTLE SAND POINT WEATHER FORECAST OFFICE, WA US","2020-10-14","0.00","0.0","0.0",,"64","44",,,,,,,
"USW00094290","SEATTLE SAND POINT WEATHER FORECAST OFFICE, WA US","2020-10-15","0.00","0.0","0.0",,"64","41",,,,,,,
"USW00094290","SEATTLE SAND POINT WEATHER FORECAST OFFICE, WA US","2020-10-16","0.20","0.0","0.0",,"63","53",,,,,,,
"USW00094290","SEATTLE SAND POINT WEATHER FORECAST OFFICE, WA US","2020-10-17","0.04","0.0","0.0",,"57","52",,,,,,,
"USW00094290","SEATTLE SAND POINT WEATHER FORECAST OFFICE, WA US","2020-10-18","0.09","0.0","0.0",,"60","53",,,,,,,
"USW00094290","SEATTLE SAND POINT WEATHER FORECAST OFFICE, WA US","2020-10-19","0.39","0.0","0.0",,"57","48",,,,,,,
"USW00094290","SEATTLE SAND POINT WEATHER FORECAST OFFICE, WA US","2020-10-20","0.02","0.0","0.0",,"59","45",,,,,,,
"USW00094290","SEATTLE SAND POINT WEATHER FORECAST OFFICE, WA US","2020-10-21","0.19","0.0","0.0",,"55","43",,,"    1",,,,
"USW00094290","SEATTLE SAND POINT WEATHER FORECAST OFFICE, WA US","2020-10-22","0.00","0.0","0.0",,"55","39",,,,,,,
"USW00094290","SEATTLE SAND POINT WEATHER FORECAST OFFICE, WA US","2020-10-23","0.09","0.0","0.0",,"49","40",,,,,,,
"USW00094290","SEATTLE SAND POINT WEATHER FORECAST OFFICE, WA US","2020-10-24","0.00","0.0","0.0",,"49","38",,,,,,,
"USW00094290","SEATTLE SAND POINT WEATHER FORECAST OFFICE, WA US","2020-10-25","0.00","0.0","0.0",,"50","36",,,,,,,
"USW00094290","SEATTLE SAND POINT WEATHER FORECAST OFFICE, WA US","2020-10-26","0.00","0.0","0.0",,"51","37",,,,,,,
"USW00094290","SEATTLE SAND POINT WEATHER FORECAST OFFICE, WA US","2020-10-27","0.00","0.0","0.0",,"57","44",,,,,,,
"USW00094290","SEATTLE SAND POINT WEATHER FORECAST OFFICE, WA US","2020-10-28","0.00","0.0","0.0",,"58","46",,,,,,,
"USW00094290","SEATTLE SAND POINT WEATHER FORECAST OFFICE, WA US","2020-10-29","0.00","0.0","0.0",,"60","45",,,,,,,
"USW00094290","SEATTLE SAND POINT WEATHER FORECAST OFFICE, WA US","2020-10-30","0.00","0.0","0.0",,"56","44",,,,,,,
"USW00094290","SEATTLE SAND POINT WEATHER FORECAST OFFICE, WA US","2020-10-31","0.00","0.0","0.0",,"57","41",,,,,,,
"USW00094290","SEATTLE SAND POINT WEATHER FORECAST OFFICE, WA US","2020-11-01","0.00","0.0","0.0",,"61","42",,,,,,,
"USW00094290","SEATTLE SAND POINT WEATHER FORECAST OFFICE, WA US","2020-11-02","0.00","0.0","0.0",,"65","38",,,,,,,
"USW00094290","SEATTLE SAND POINT WEATHER FORECAST OFFICE, WA US","2020-11-03","0.75","0.0","0.0",,"58","49",,,,,,,
"USW00094290","SEATTLE SAND POINT WEATHER FORECAST OFFICE, WA US","2020-11-04","0.18","0.0","0.0",,"65","58",,,,,,,
"USW00094290","SEATTLE SAND POINT WEATHER FORECAST OFFICE, WA US","2020-11-05","0.17","0.0","0.0",,"60","46",,,,,,,
"USW00094290","SEATTLE SAND POINT WEATHER FORECAST OFFICE, WA US","2020-11-06","0.00","0.0","0.0",,"50","35",,,,,,,
"USW00094290","SEATTLE SAND POINT WEATHER FORECAST OFFICE, WA US","2020-11-07","0.00","0.0","0.0",,"46","34",,,,,,,
"USW00094290","SEATTLE SAND POINT WEATHER FORECAST OFFICE, WA US","2020-11-08","0.00","0.0","0.0",,"49","32",,,,,,,
"USW00094290","SEATTLE SAND POINT WEATHER FORECAST OFFICE, WA US","2020-11-09","0.10","0.0","0.0",,"45","28",,,,,,,
"USW00094290","SEATTLE SAND POINT WEATHER FORECAST OFFICE, WA US","2020-11-10","0.01","0.0","0.0",,"48","37",,,,,,,
"USW00094290","SEATTLE SAND POINT WEATHER FORECAST OFFICE, WA US","2020-11-11","0.00","0.0","0.0",,"46","35",,,,,,,
"USW00094290","SEATTLE SAND POINT WEATHER FORECAST OFFICE, WA US","2020-11-12","0.30","0.0","0.0",,"50","39",,,,,,,
"USW00094290","SEATTLE SAND POINT WEATHER FORECAST OFFICE, WA US","2020-11-13","0.39","0.0","0.0",,"54","42",,,,,,,
"USW00094290","SEATTLE SAND POINT WEATHER FORECAST OFFICE, WA US","2020-11-14","0.35","0.0","0.0",,"49","42",,,,,,,
"USW00094290","SEATTLE SAND POINT WEATHER FORECAST OFFICE, WA US","2020-11-15","0.01","0.0","0.0",,"54","46",,,,,,,
"USW00094290","SEATTLE SAND POINT WEATHER FORECAST OFFICE, WA US","2020-11-16","0.67","0.0","0.0",,"48","46",,,,,,,
"USW00094290","SEATTLE SAND POINT WEATHER FORECAST OFFICE, WA US","2020-11-17","0.75","0.0","0.0",,"61","44",,,,,,,
"USW00094290","SEATTLE SAND POINT WEATHER FORECAST OFFICE, WA US","2020-11-18","0.44","0.0","0.0",,"49","45","    1",,,,,,
"USW00094290","SEATTLE SAND POINT WEATHER FORECAST OFFICE, WA US","2020-11-19","0.02","0.0","0.0",,"50","44",,,,,,,
"USW00094290","SEATTLE SAND POINT WEATHER FORECAST OFFICE, WA US","2020-11-20","0.04","0.0","0.0",,"51","45",,,,,,,
"USW00094290","SEATTLE SAND POINT WEATHER FORECAST OFFICE, WA US","2020-11-21","0.00","0.0","0.0",,"55","42",,,,,,,
"USW00094290","SEATTLE SAND POINT WEATHER FORECAST OFFICE, WA US","2020-11-22","0.05","0.0","0.0",,"47","37","    1",,,,,,
"USW00094290","SEATTLE SAND POINT WEATHER FORECAST OFFICE, WA US","2020-11-23","0.21","0.0","0.0",,"47","43",,,,,,,
"USW00094290","SEATTLE SAND POINT WEATHER FORECAST OFFICE, WA US","2020-11-24","0.41","0.0","0.0",,"52","43",,,,,,,
"USW00094290","SEATTLE SAND POINT WEATHER FORECAST OFFICE, WA US","2020-11-25","0.04","0.0","0.0",,"50","42",,,,,,,
"USW00094290","SEATTLE SAND POINT WEATHER FORECAST OFFICE, WA US","2020-11-26","0.05","0.0","0.0",,"50","45",,,,,,,
"USW00094290","SEATTLE SAND POINT WEATHER FORECAST OFFICE, WA US","2020-11-27","0.02","0.0","0.0",,"53","46",,,,,,,
"USW00094290","SEATTLE SAND POINT WEATHER FORECAST OFFICE, WA US","2020-11-28","0.03","0.0","0.0",,"48","39","    1",,,,,,
"USW00094290","SEATTLE SAND POINT WEATHER FORECAST OFFICE, WA US","2020-11-29","0.00","0.0","0.0",,"44","37","    1",,,,,,
"USW00094290","SEATTLE SAND POINT WEATHER FORECAST OFFICE, WA US","2020-11-30","0.39","0.0","0.0",,"53","37",,,,,,,
"USW00094290","SEATTLE SAND POINT WEATHER FORECAST OFFICE, WA US","2020-12-01","0.00","0.0","0.0",,"50","36",,,,,,,
"USW00094290","SEATTLE SAND POINT WEATHER FORECAST OFFICE, WA US","2020-12-02","0.00","0.0","0.0",,"58","36",,,,,,,
"USW00094290","SEATTLE SAND POINT WEATHER FORECAST OFFICE, WA US","2020-12-03","0.00","0.0","0.0",,"50","34",,,,,,,
"USW00094290","SEATTLE SAND POINT WEATHER FORECAST OFFICE, WA US","2020-12-04","0.00","0.0","0.0",,"57","34",,,,,,,
"USW00094290","SEATTLE SAND POINT WEATHER FORECAST OFFICE, WA US","2020-12-05","0.00","0.0","0.0",,"59","33",,,,,,,
"USW00094290","SEATTLE SAND POINT WEATHER FORECAST OFFICE, WA US","2020-12-06","0.01","0.0","0.0",,"54","40",,,,,,,
"USW00094290","SEATTLE SAND POINT WEATHER FORECAST OFFICE, WA US","2020-12-07","0.01","0.0","0.0",,"54","41",,,,,,,
"USW00094290","SEATTLE SAND POINT WEATHER FORECAST OFFICE, WA US","2020-12-08","0.47","0.0","0.0",,"52","47",,,,,,,
"USW00094290","SEATTLE SAND POINT WEATHER FORECAST OFFICE, WA US","2020-12-09","0.07","0.0","0.0",,"50","38","    1",,,,,,
"USW00094290","SEATTLE SAND POINT WEATHER FORECAST OFFICE, WA US","2020-12-10","0.04","0.0","0.0",,"45","37","    1",,,,,,
"USW00094290","SEATTLE SAND POINT WEATHER FORECAST OFFICE, WA US","2020-12-11","0.00","0.0","0.0",,"46","35",,,,,,,
"USW00094290","SEATTLE SAND POINT WEATHER FORECAST OFFICE, WA US","2020-12-12","0.00","0.0","0.0",,"45","31","    1","    1",,,,,
"USW00094290","SEATTLE SAND POINT WEATHER FORECAST OFFICE, WA US","2020-12-13","0.13","0.0","0.0",,"46","38","    1",,,,,,
"USW00094290","SEATTLE SAND POINT WEATHER FORECAST OFFICE, WA US","2020-12-14","0.06","0.0","0.0",,"50","43",,,,,,,
"USW00094290","SEATTLE SAND POINT WEATHER FORECAST OFFICE, WA US","2020-12-15","0.14","0.0","0.0",,"49","43",,,,,,,
"USW00094290","SEATTLE SAND POINT WEATHER FORECAST OFFICE, WA US","2020-12-16","0.35","0.0","0.0",,"51","46",,,,,,,
"USW00094290","SEATTLE SAND POINT WEATHER FORECAST OFFICE, WA US","2020-12-17","0.13","0.0","0.0",,"52","45",,,,,,,
"USW00094290","SEATTLE SAND POINT WEATHER FORECAST OFFICE, WA US","2020-12-18","0.23","0.0","0.0",,"53","44",,,,,,,
"USW00094290","SEATTLE SAND POINT WEATHER FORECAST OFFICE, WA US","2020-12-19","0.60","0.0","0.0",,"53","46",,,,,,,
"USW00094290","SEATTLE SAND POINT WEATHER FORECAST OFFICE, WA US","2020-12-20","0.00","0.0","0.0",,"54","47",,,,,,,
"USW00094290","SEATTLE SAND POINT WEATHER FORECAST OFFICE, WA US","2020-12-21","2.19","0.2","0.0",,"56","33",,,,,,,
"USW00094290","SEATTLE SAND POINT WEATHER FORECAST OFFICE, WA US","2020-12-22","0.02","0.0","0.0",,"46","34","    1",,,,,,
"USW00094290","SEATTLE SAND POINT WEATHER FORECAST OFFICE, WA US","2020-12-23","0.00","0.0","0.0",,"44","30",,,,,,,
"USW00094290","SEATTLE SAND POINT WEATHER FORECAST OFFICE, WA US","2020-12-24","0.00","0.0","0.0",,"44","28",,,,,,,
"USW00094290","SEATTLE SAND POINT WEATHER FORECAST OFFICE, WA US","2020-12-25","0.41","0.0","0.0",,"47","32",,,,,,,
"USW00094290","SEATTLE SAND POINT WEATHER FORECAST OFFICE, WA US","2020-12-26","0.07","0.0","0.0",,"49","42",,,,,,,
"USW00094290","SEATTLE SAND POINT WEATHER FORECAST OFFICE, WA US","2020-12-27","0.13","0.0","0.0",,"48","36",,,,,,,
"USW00094290","SEATTLE SAND POINT WEATHER FORECAST OFFICE, WA US","2020-12-28","0.00","0.0","0.0",,"47","35",,,,,,,
"USW00094290","SEATTLE SAND POINT WEATHER FORECAST OFFICE, WA US","2020-12-29","0.21","0.0","0.0",,"41","37","    1",,,,,,
"USW00094290","SEATTLE SAND POINT WEATHER FORECAST OFFICE, WA US","2020-12-30","0.58","0.0","0.0",,"48","41","    1",,,,,,
"USW00094290","SEATTLE SAND POINT WEATHER FORECAST OFFICE, WA US","2020-12-31","0.11","0.0","0.0",,"51","46","    1",,,,,,
"USW00094290","SEATTLE SAND POINT WEATHER FORECAST OFFICE, WA US","2021-01-01","0.30","0.0","0.0",,"52","45","    1",,,,,,
"USW00094290","SEATTLE SAND POINT WEATHER FORECAST OFFICE, WA US","2021-01-02","1.21","0.0","0.0",,"49","39","    1",,,,,,
"USW00094290","SEATTLE SAND POINT WEATHER FORECAST OFFICE, WA US","2021-01-03","0.24","0.0","0.0",,"49","38",,,,,,,
"USW00094290","SEATTLE SAND POINT WEATHER FORECAST OFFICE, WA US","2021-01-04","0.64","0.0","0.0",,"49","44",,,,,,,
"USW00094290","SEATTLE SAND POINT WEATHER FORECAST OFFICE, WA US","2021-01-05","0.76","0.0","0.0",,"49","43","    1",,,,,,
"USW00094290","SEATTLE SAND POINT WEATHER FORECAST OFFICE, WA US","2021-01-06","0.16","0.0","0.0",,"53","38",,,,,,,
"USW00094290","SEATTLE SAND POINT WEATHER FORECAST OFFICE, WA US","2021-01-07","0.00","0.0","0.0",,"52","37","    1",,,,,,
"USW00094290","SEATTLE SAND POINT WEATHER FORECAST OFFICE, WA US","2021-01-08","0.13","0.0","0.0",,"52","38",,,,,,,
"USW00094290","SEATTLE SAND POINT WEATHER FORECAST OFFICE, WA US","2021-01-09","0.00","0.0","0.0",,"44","33",,,,,,,
"USW00094290","SEATTLE SAND POINT WEATHER FORECAST OFFICE, WA US","2021-01-10","0.10","0.0","0.0",,"49","41",,,,,,,
"USW00094290","SEATTLE SAND POINT WEATHER FORECAST OFFICE, WA US","2021-01-11","0.91","0.0","0.0",,"49","42",,,,,,,
"USW00094290","SEATTLE SAND POINT WEATHER FORECAST OFFICE, WA US","2021-01-12","1.50","0.0","0.0",,"56","46","    1",,,,,,
"USW00094290","SEATTLE SAND POINT WEATHER FORECAST OFFICE, WA US","2021-01-13","0.23","0.0","0.0",,"56","38",,,,,,,
"USW00094290","SEATTLE SAND POINT WEATHER FORECAST OFFICE, WA US","2021-01-14","0.09","0.0","0.0",,"51","40",,,,,,,
"USW00094290","SEATTLE SAND POINT WEATHER FORECAST OFFICE, WA US","2021-01-15","0.11","0.0","0.0",,"55","40",,,,,,,
"USW00094290","SEATTLE SAND POINT WEATHER FORECAST OFFICE, WA US","2021-01-16","0.01","0.0","0.0",,"46","38","    1",,,,,,
"USW00094290","SEATTLE SAND POINT WEATHER FORECAST OFFICE, WA US","2021-01-17","0.02","0.0","0.0",,"50","43",,,,,,,
"USW00094290","SEATTLE SAND POINT WEATHER FORECAST OFFICE, WA US","2021-01-18","0.00","0.0","0.0",,"50","36","    1",,,,,,
"USW00094290","SEATTLE SAND POINT WEATHER FORECAST OFFICE, WA US","2021-01-19","0.00","0.0","0.0",,"43","35","    1","    1",,,,,
"USW00094290","SEATTLE SAND POINT WEATHER FORECAST OFFICE, WA US","2021-01-20","0.00","0.0","0.0",,"46","35",,,,,,,
"USW00094290","SEATTLE SAND POINT WEATHER FORECAST OFFICE, WA US","2021-01-21","0.02","0.0","0.0",,"47","41",,,,,,,
"USW00094290","SEATTLE SAND POINT WEATHER FORECAST OFFICE, WA US","2021-01-22","0.00","0.0","0.0",,"46","30",,,,,,,
"USW00094290","SEATTLE SAND POINT WEATHER FORECAST OFFICE, WA US","2021-01-23","0.00","0.0","0.0",,"44","28","    1",,,,,,
"USW00094290","SEATTLE SAND POINT WEATHER FORECAST OFFICE, WA US","2021-01-24","0.23","0.0","0.0",,"42","38","    1",,,,,,
"USW00094290","SEATTLE SAND POINT WEATHER FORECAST OFFICE, WA US","2021-01-25","0.00","0.0","0.0",,"47","38",,,,,,,
"USW00094290","SEATTLE SAND POINT WEATHER FORECAST OFFICE, WA US","2021-01-26","0.00","0.0","0.0",,"45","34",,,,,,,
"USW00094290","SEATTLE SAND POINT WEATHER FORECAST OFFICE, WA US","2021-01-27","0.14","0.0","0.0",,"47","38",,,,,,,
"USW00094290","SEATTLE SAND POINT WEATHER FORECAST OFFICE, WA US","2021-01-28","0.26","0.0","0.0",,"46","37",,,,,,,
"USW00094290","SEATTLE SAND POINT WEATHER FORECAST OFFICE, WA US","2021-01-29","0.03","0.0","0.0",,"49","41",,,,,,,
"USW00094290","SEATTLE SAND POINT WEATHER FORECAST OFFICE, WA US","2021-01-30","0.25","0.0","0.0",,"48","42",,,,,,,
"USW00094290","SEATTLE SAND POINT WEATHER FORECAST OFFICE, WA US","2021-01-31","0.27","0.0","0.0",,"47","43","    1",,,,,,
"USW00094290","SEATTLE SAND POINT WEATHER FORECAST OFFICE, WA US","2021-02-01","0.94","0.0","0.0",,"49","43",,,,,,,
"USW00094290","SEATTLE SAND POINT WEATHER FORECAST OFFICE, WA US","2021-02-02","0.48","0.0","0.0",,"46","40",,,,,,,
"USW00094290","SEATTLE SAND POINT WEATHER FORECAST OFFICE, WA US","2021-02-03","0.04","0.0","0.0",,"50","39",,,,,,,
"USW00094290","SEATTLE SAND POINT WEATHER FORECAST OFFICE, WA US","2021-02-04","0.15","0.0","0.0",,"48","43",,,,,,,
"USW00094290","SEATTLE SAND POINT WEATHER FORECAST OFFICE, WA US","2021-02-05","0.12","0.0","0.0",,"49","44",,,,,,,
"USW00094290","SEATTLE SAND POINT WEATHER FORECAST OFFICE, WA US","2021-02-06","0.00","0.0","0.0",,"49","44",,,,,,,
"USW00094290","SEATTLE SAND POINT WEATHER FORECAST OFFICE, WA US","2021-02-07","0.01","0.0","0.0",,"50","39",,,,,,,
"USW00094290","SEATTLE SAND POINT WEATHER FORECAST OFFICE, WA US","2021-02-08","0.31","0.0","0.0",,"45","33",,,,,,,
"USW00094290","SEATTLE SAND POINT WEATHER FORECAST OFFICE, WA US","2021-02-09","0.00","0.0","0.0",,"44","33",,,,,,,
"USW00094290","SEATTLE SAND POINT WEATHER FORECAST OFFICE, WA US","2021-02-10","0.00","0.0","0.0",,"43","29",,,,,,,
"USW00094290","SEATTLE SAND POINT WEATHER FORECAST OFFICE, WA US","2021-02-11","0.05","0.5","0.0",,"37","29","    1",,,,,,
"USW00094290","SEATTLE SAND POINT WEATHER FORECAST OFFICE, WA US","2021-02-12","0.11","1.1","0.0",,"33","26","    1",,,,,,
"USW00094290","SEATTLE SAND POINT WEATHER FORECAST OFFICE, WA US","2021-02-13","0.59","6.1","3.1",,"31","27","    1",,,,,,
"USW00094290","SEATTLE SAND POINT WEATHER FORECAST OFFICE, WA US","2021-02-14","0.35","1.3","5.9",,"35","29","    1",,,,,,
"USW00094290","SEATTLE SAND POINT WEATHER FORECAST OFFICE, WA US","2021-02-15","0.26","0.0","3.1",,"44","34","    1",,,,,,
"USW00094290","SEATTLE SAND POINT WEATHER FORECAST OFFICE, WA US","2021-02-16","0.03","0.0","0.0",,"50","38",,,,,,,
"USW00094290","SEATTLE SAND POINT WEATHER FORECAST OFFICE, WA US","2021-02-17","0.14","0.0","0.0",,"49","37",,,,,,,
"USW00094290","SEATTLE SAND POINT WEATHER FORECAST OFFICE, WA US","2021-02-18","0.05","0.0","0.0",,"47","35",,,,,,,
"USW00094290","SEATTLE SAND POINT WEATHER FORECAST OFFICE, WA US","2021-02-19","0.02","0.0","0.0",,"50","42",,,,,,,
"USW00094290","SEATTLE SAND POINT WEATHER FORECAST OFFICE, WA US","2021-02-20","0.02","0.0","0.0",,"49","38",,,,,,,
"USW00094290","SEATTLE SAND POINT WEATHER FORECAST OFFICE, WA US","2021-02-21","0.16","0.0","0.0",,"53","43",,,,,,,
"USW00094290","SEATTLE SAND POINT WEATHER FORECAST OFFICE, WA US","2021-02-22","0.14","0.0","0.0",,"53","39","    1",,,,,,
"USW00094290","SEATTLE SAND POINT WEATHER FORECAST OFFICE, WA US","2021-02-23","0.00","0.0","0.0",,"50","35",,,,,,,
"USW00094290","SEATTLE SAND POINT WEATHER FORECAST OFFICE, WA US","2021-02-24","0.01","0.0","0.0",,"47","34",,,,,,,
"USW00094290","SEATTLE SAND POINT WEATHER FORECAST OFFICE, WA US","2021-02-25","0.20","0.0","0.0",,"49","38",,,,,,,
"USW00094290","SEATTLE SAND POINT WEATHER FORECAST OFFICE, WA US","2021-02-26","0.18","0.0","0.0",,"51","38",,,"    1",,,,
"USW00094290","SEATTLE SAND POINT WEATHER FORECAST OFFICE, WA US","2021-02-27","0.02","0.0","0.0",,"48","36",,,,,,,
"USW00094290","SEATTLE SAND POINT WEATHER FORECAST OFFICE, WA US","2021-02-28","0.03","0.0","0.0",,"53","40",,,,,,,
"USW00094290","SEATTLE SAND POINT WEATHER FORECAST OFFICE, WA US","2021-03-01","0.00","0.0","0.0",,"58","39",,,,,,,
"USW00094290","SEATTLE SAND POINT WEATHER FORECAST OFFICE, WA US","2021-03-02","0.02","0.0","0.0",,"48","40",,,,,,,
"USW00094290","SEATTLE SAND POINT WEATHER FORECAST OFFICE, WA US","2021-03-03","0.00","0.0","0.0",,"59","34",,,,,,,
"USW00094290","SEATTLE SAND POINT WEATHER FORECAST OFFICE, WA US","2021-03-04","0.37","0.0","0.0",,"52","34",,,,,,,
"USW00094290","SEATTLE SAND POINT WEATHER FORECAST OFFICE, WA US","2021-03-05","0.18","0.0","0.0",,"53","44",,,,,,,
"USW00094290","SEATTLE SAND POINT WEATHER FORECAST OFFICE, WA US","2021-03-06","0.00","0.0","0.0",,"52","38",,,,,,,
"USW00094290","SEATTLE SAND POINT WEATHER FORECAST OFFICE, WA US","2021-03-07","0.39","0.0","0.0",,"48","37",,,"    1",,,,
"USW00094290","SEATTLE SAND POINT WEATHER FORECAST OFFICE, WA US","2021-03-08","0.00","0.0","0.0",,"56","33","    1",,,,,,
"USW00094290","SEATTLE SAND POINT WEATHER FORECAST OFFICE, WA US","2021-03-09","0.03","0.0","0.0",,"56","36",,,,,,,
"USW00094290","SEATTLE SAND POINT WEATHER FORECAST OFFICE, WA US","2021-03-10","0.00","0.0","0.0",,"54","34",,,,,,,
"USW00094290","SEATTLE SAND POINT WEATHER FORECAST OFFICE, WA US","2021-03-11","0.00","0.0","0.0",,"56","32",,,,,,,
"USW00094290","SEATTLE SAND POINT WEATHER FORECAST OFFICE, WA US","2021-03-12","0.00","0.0","0.0",,"56","34",,,,,,,
"USW00094290","SEATTLE SAND POINT WEATHER FORECAST OFFICE, WA US","2021-03-13","0.00","0.0","0.0",,"62","33",,,,,,,
"USW00094290","SEATTLE SAND POINT WEATHER FORECAST OFFICE, WA US","2021-03-14","0.35","0.0","0.0",,"47","39","    1",,,,,,
"USW00094290","SEATTLE SAND POINT WEATHER FORECAST OFFICE, WA US","2021-03-15","0.01","0.0","0.0",,"48","35",,,,,,,
"USW00094290","SEATTLE SAND POINT WEATHER FORECAST OFFICE, WA US","2021-03-16","0.00","0.0","0.0",,"54","30",,,,,,,
"USW00094290","SEATTLE SAND POINT WEATHER FORECAST OFFICE, WA US","2021-03-17","0.00","0.0","0.0",,"57","35",,,,,,,
"USW00094290","SEATTLE SAND POINT WEATHER FORECAST OFFICE, WA US","2021-03-18","0.20","0.0","0.0",,"55","37",,,,,,,
"USW00094290","SEATTLE SAND POINT WEATHER FORECAST OFFICE, WA US","2021-03-19","0.06","0.0","0.0",,"58","39",,,,,,,
"USW00094290","SEATTLE SAND POINT WEATHER FORECAST OFFICE, WA US","2021-03-20","0.37","0.0","0.0",,"53","42",,,,,,,
"USW00094290","SEATTLE SAND POINT WEATHER FORECAST OFFICE, WA US","2021-03-21","0.10","0.0","0.0",,"44","40",,,,,,,
"USW00094290","SEATTLE SAND POINT WEATHER FORECAST OFFICE, WA US","2021-03-22","0.26","0.0","0.0",,"52","38",,,,,,,
"USW00094290","SEATTLE SAND POINT WEATHER FORECAST OFFICE, WA US","2021-03-23","0.00","0.0","0.0",,"55","37",,,,,,,
"USW00094290","SEATTLE SAND POINT WEATHER FORECAST OFFICE, WA US","2021-03-24","0.11","0.0","0.0",,"48","44","    1",,,,,,
"USW00094290","SEATTLE SAND POINT WEATHER FORECAST OFFICE, WA US","2021-03-25","0.52","0.0","0.0",,"54","40",,,,,,,
"USW00094290","SEATTLE SAND POINT WEATHER FORECAST OFFICE, WA US","2021-03-26","0.00","0.0","0.0",,"55","39",,,,,,,
"USW00094290","SEATTLE SAND POINT WEATHER FORECAST OFFICE, WA US","2021-03-27","0.00","0.0","0.0",,"55","43",,,,,,,
"USW00094290","SEATTLE SAND POINT WEATHER FORECAST OFFICE, WA US","2021-03-28","0.25","0.0","0.0",,"49","37",,,"    1",,"    1",,
"USW00094290","SEATTLE SAND POINT WEATHER FORECAST OFFICE, WA US","2021-03-29","0.00","0.0","0.0",,"52","34",,,,,,,
"USW00094290","SEATTLE SAND POINT WEATHER FORECAST OFFICE, WA US","2021-03-30","0.00","0.0","0.0",,"56","31",,,,,,,
"USW00094290","SEATTLE SAND POINT WEATHER FORECAST OFFICE, WA US","2021-03-31","0.00","0.0","0.0",,"63","35",,,,,,,
"USW00094290","SEATTLE SAND POINT WEATHER FORECAST OFFICE, WA US","2021-04-01","0.00","0.0","0.0",,"57","37",,,,,,,
"USW00094290","SEATTLE SAND POINT WEATHER FORECAST OFFICE, WA US","2021-04-02","0.00","0.0","0.0",,"59","40",,,,,,,
"USW00094290","SEATTLE SAND POINT WEATHER FORECAST OFFICE, WA US","2021-04-03","0.05","0.0","0.0",,"64","39",,,,,,,
"USW00094290","SEATTLE SAND POINT WEATHER FORECAST OFFICE, WA US","2021-04-04","0.04","0.0","0.0",,"50","36",,,,,,,
"USW00094290","SEATTLE SAND POINT WEATHER FORECAST OFFICE, WA US","2021-04-05","0.00","0.0","0.0",,"56","33",,,,,,,
"USW00094290","SEATTLE SAND POINT WEATHER FORECAST OFFICE, WA US","2021-04-06","0.00","0.0","0.0",,"61","36",,,,,,,
"USW00094290","SEATTLE SAND POINT WEATHER FORECAST OFFICE, WA US","2021-04-07","0.06","0.0","0.0",,"49","42",,,,,,,
"USW00094290","SEATTLE SAND POINT WEATHER FORECAST OFFICE, WA US","2021-04-08","0.13","0.0","0.0",,"54","39",,,,,,,
"USW00094290","SEATTLE SAND POINT WEATHER FORECAST OFFICE, WA US","2021-04-09","0.00","0.0","0.0",,"50","38",,,,,,,
"USW00094290","SEATTLE SAND POINT WEATHER FORECAST OFFICE, WA US","2021-04-10","0.02","0.0","0.0",,"51","38",,,,,,,
"USW00094290","SEATTLE SAND POINT WEATHER FORECAST OFFICE, WA US","2021-04-11","0.00","0.0","0.0",,"53","34",,,,,,,
"USW00094290","SEATTLE SAND POINT WEATHER FORECAST OFFICE, WA US","2021-04-12","0.00","0.0","0.0",,"56","36",,,,,,,
"USW00094290","SEATTLE SAND POINT WEATHER FORECAST OFFICE, WA US","2021-04-13","0.00","0.0","0.0",,"60","40",,,,,,,
"USW00094290","SEATTLE SAND POINT WEATHER FORECAST OFFICE, WA US","2021-04-14","0.00","0.0","0.0",,"65","38",,,,,,,
"USW00094290","SEATTLE SAND POINT WEATHER FORECAST OFFICE, WA US","2021-04-15","0.00","0.0","0.0",,"70","41",,,,,,,
"USW00094290","SEATTLE SAND POINT WEATHER FORECAST OFFICE, WA US","2021-04-16","0.00","0.0","0.0",,"76","45",,,,,,,
"USW00094290","SEATTLE SAND POINT WEATHER FORECAST OFFICE, WA US","2021-04-17","0.00","0.0","0.0",,"77","46",,,,,,,
"USW00094290","SEATTLE SAND POINT WEATHER FORECAST OFFICE, WA US","2021-04-18","0.00","0.0","0.0",,"77","46",,,,,,,
"USW00094290","SEATTLE SAND POINT WEATHER FORECAST OFFICE, WA US","2021-04-19","0.00","0.0","0.0",,"74","46",,,,,,,
"USW00094290","SEATTLE SAND POINT WEATHER FORECAST OFFICE, WA US","2021-04-20","0.00","0.0","0.0",,"68","46",,,,,,,
"USW00094290","SEATTLE SAND POINT WEATHER FORECAST OFFICE, WA US","2021-04-21","0.00","0.0","0.0",,"69","45",,,,,,,
"USW00094290","SEATTLE SAND POINT WEATHER FORECAST OFFICE, WA US","2021-04-22","0.00","0.0","0.0",,"63","47",,,,,,,
"USW00094290","SEATTLE SAND POINT WEATHER FORECAST OFFICE, WA US","2021-04-23","0.02","0.0","0.0",,"62","46",,,,,,,
"USW00094290","SEATTLE SAND POINT WEATHER FORECAST OFFICE, WA US","2021-04-24","0.37","0.0","0.0",,"51","47","    1",,,,,,
"USW00094290","SEATTLE SAND POINT WEATHER FORECAST OFFICE, WA US","2021-04-25","0.18","0.0","0.0",,"61","46",,,,,,,
"USW00094290","SEATTLE SAND POINT WEATHER FORECAST OFFICE, WA US","2021-04-26","0.00","0.0","0.0",,"62","47",,,,,,,
"USW00094290","SEATTLE SAND POINT WEATHER FORECAST OFFICE, WA US","2021-04-27","0.00","0.0","0.0",,"61","45",,,,,,,
"USW00094290","SEATTLE SAND POINT WEATHER FORECAST OFFICE, WA US","2021-04-28","0.00","0.0","0.0",,"64","48",,,,,,,
"USW00094290","SEATTLE SAND POINT WEATHER FORECAST OFFICE, WA US","2021-04-29","0.00","0.0","0.0",,"75","49",,,,,,,
"USW00094290","SEATTLE SAND POINT WEATHER FORECAST OFFICE, WA US","2021-04-30","0.09","0.0","0.0",,"64","51","    1",,,,,,
"USW00094290","SEATTLE SAND POINT WEATHER FORECAST OFFICE, WA US","2021-05-01","0.00","0.0","0.0",,"59","49",,,,,,,
"USW00094290","SEATTLE SAND POINT WEATHER FORECAST OFFICE, WA US","2021-05-02","0.00","0.0","0.0",,"62","44",,,,,,,
"USW00094290","SEATTLE SAND POINT WEATHER FORECAST OFFICE, WA US","2021-05-03","0.58","0.0","0.0",,"58","47",,,,,,,
"USW00094290","SEATTLE SAND POINT WEATHER FORECAST OFFICE, WA US","2021-05-04","0.03","0.0","0.0",,"64","48",,,,,,,
"USW00094290","SEATTLE SAND POINT WEATHER FORECAST OFFICE, WA US","2021-05-05","0.00","0.0","0.0",,"69","44",,,,,,,
"USW00094290","SEATTLE SAND POINT WEATHER FORECAST OFFICE, WA US","2021-05-06","0.00","0.0","0.0",,"66","49",,,,,,,
"USW00094290","SEATTLE SAND POINT WEATHER FORECAST OFFICE, WA US","2021-05-07","0.13","0.0","0.0",,"55","44",,,,,,,
"USW00094290","SEATTLE SAND POINT WEATHER FORECAST OFFICE, WA US","2021-05-08","0.00","0.0","0.0",,"60","45",,,,,,,
"USW00094290","SEATTLE SAND POINT WEATHER FORECAST OFFICE, WA US","2021-05-09","0.01","0.0","0.0",,"64","49",,,,,,,
"USW00094290","SEATTLE SAND POINT WEATHER FORECAST OFFICE, WA US","2021-05-10","0.00","0.0","0.0",,"65","43",,,,,,,
"USW00094290","SEATTLE SAND POINT WEATHER FORECAST OFFICE, WA US","2021-05-11","0.00","0.0","0.0",,"69","44",,,,,,,
"USW00094290","SEATTLE SAND POINT WEATHER FORECAST OFFICE, WA US","2021-05-12","0.00","0.0","0.0",,"68","53",,,,,,,
"USW00094290","SEATTLE SAND POINT WEATHER FORECAST OFFICE, WA US","2021-05-13","0.00","0.0","0.0",,"70","50",,,,,,,
"USW00094290","SEATTLE SAND POINT WEATHER FORECAST OFFICE, WA US","2021-05-14","0.00","0.0","0.0",,"72","49",,,,,,,
"USW00094290","SEATTLE SAND POINT WEATHER FORECAST OFFICE, WA US","2021-05-15","0.00","0.0","0.0",,"73","49",,,,,,,
"USW00094290","SEATTLE SAND POINT WEATHER FORECAST OFFICE, WA US","2021-05-16","0.00","0.0","0.0",,"77","50",,,,,,,
"USW00094290","SEATTLE SAND POINT WEATHER FORECAST OFFICE, WA US","2021-05-17","0.03","0.0","0.0",,"59","50",,,,,,,
"USW00094290","SEATTLE SAND POINT WEATHER FORECAST OFFICE, WA US","2021-05-18","0.21","0.0","0.0",,"62","46",,,,,,,
"USW00094290","SEATTLE SAND POINT WEATHER FORECAST OFFICE, WA US","2021-05-19","0.01","0.0","0.0",,"58","46",,,,,,,
"USW00094290","SEATTLE SAND POINT WEATHER FORECAST OFFICE, WA US","2021-05-20","0.00","0.0","0.0",,"65","47",,,,,,,
"USW00094290","SEATTLE SAND POINT WEATHER FORECAST OFFICE, WA US","2021-05-21","0.00","0.0","0.0",,"64","47",,,,,,,
"USW00094290","SEATTLE SAND POINT WEATHER FORECAST OFFICE, WA US","2021-05-22","0.00","0.0","0.0",,"64","45",,,,,,,
"USW00094290","SEATTLE SAND POINT WEATHER FORECAST OFFICE, WA US","2021-05-23","0.00","0.0","0.0",,"64","53",,,,,,,
"USW00094290","SEATTLE SAND POINT WEATHER FORECAST OFFICE, WA US","2021-05-24","0.07","0.0","0.0",,"62","51",,,,,,,
"USW00094290","SEATTLE SAND POINT WEATHER FORECAST OFFICE, WA US","2021-05-25","0.00","0.0","0.0",,"65","51",,,,,,,
"USW00094290","SEATTLE SAND POINT WEATHER FORECAST OFFICE, WA US","2021-05-26","0.00","0.0","0.0",,"65","51",,,,,,,
"USW00094290","SEATTLE SAND POINT WEATHER FORECAST OFFICE, WA US","2021-05-27","0.30","0.0","0.0",,"62","52","    1",,,,,,
"USW00094290","SEATTLE SAND POINT WEATHER FORECAST OFFICE, WA US","2021-05-28","0.00","0.0","0.0",,"64","50",,,,,,,
"USW00094290","SEATTLE SAND POINT WEATHER FORECAST OFFICE, WA US","2021-05-29","0.00","0.0","0.0",,"69","47",,,,,,,
"USW00094290","SEATTLE SAND POINT WEATHER FORECAST OFFICE, WA US","2021-05-30","0.00","0.0","0.0",,"73","50",,,,,,,
"USW00094290","SEATTLE SAND POINT WEATHER FORECAST OFFICE, WA US","2021-05-31","0.00","0.0","0.0",,"78","51",,,,,,,
"USW00094290","SEATTLE SAND POINT WEATHER FORECAST OFFICE, WA US","2021-06-01","0.00","0.0","0.0",,"83","54",,,,,,,
"USW00094290","SEATTLE SAND POINT WEATHER FORECAST OFFICE, WA US","2021-06-02","0.00","0.0","0.0",,"85","58",,,,,,,
"USW00094290","SEATTLE SAND POINT WEATHER FORECAST OFFICE, WA US","2021-06-03","0.00","0.0","0.0",,"77","55",,,,,,,
"USW00094290","SEATTLE SAND POINT WEATHER FORECAST OFFICE, WA US","2021-06-04","0.00","0.0","0.0",,"70","55",,,,,,,
"USW00094290","SEATTLE SAND POINT WEATHER FORECAST OFFICE, WA US","2021-06-05","0.04","0.0","0.0",,"65","51",,,,,,,
"USW00094290","SEATTLE SAND POINT WEATHER FORECAST OFFICE, WA US","2021-06-06","0.64","0.0","0.0",,"57","45","    1",,,,,,
"USW00094290","SEATTLE SAND POINT WEATHER FORECAST OFFICE, WA US","2021-06-07","0.22","0.0","0.0",,"63","45",,,,,,,
"USW00094290","SEATTLE SAND POINT WEATHER FORECAST OFFICE, WA US","2021-06-08","0.00","0.0","0.0",,"69","46",,,,,,,
"USW00094290","SEATTLE SAND POINT WEATHER FORECAST OFFICE, WA US","2021-06-09","0.00","0.0","0.0",,"68","50",,,,,,,
"USW00094290","SEATTLE SAND POINT WEATHER FORECAST OFFICE, WA US","2021-06-10","0.00","0.0","0.0",,"67","52",,,,,,,
"USW00094290","SEATTLE SAND POINT WEATHER FORECAST OFFICE, WA US","2021-06-11","0.28","0.0","0.0",,"60","52",,,,,,,
"USW00094290","SEATTLE SAND POINT WEATHER FORECAST OFFICE, WA US","2021-06-12","0.14","0.0","0.0",,"74","52",,,,,,,
"USW00094290","SEATTLE SAND POINT WEATHER FORECAST OFFICE, WA US","2021-06-13","0.69","0.0","0.0",,"67","58",,,,,,,
"USW00094290","SEATTLE SAND POINT WEATHER FORECAST OFFICE, WA US","2021-06-14","0.07","0.0","0.0",,"66","57",,,,,,,
"USW00094290","SEATTLE SAND POINT WEATHER FORECAST OFFICE, WA US","2021-06-15","0.01","0.0","0.0",,"70","55",,,,,,,
"USW00094290","SEATTLE SAND POINT WEATHER FORECAST OFFICE, WA US","2021-06-16","0.00","0.0","0.0",,"71","54",,,,,,,
"USW00094290","SEATTLE SAND POINT WEATHER FORECAST OFFICE, WA US","2021-06-17","0.00","0.0","0.0",,"76","51",,,,,,,
"USW00094290","SEATTLE SAND POINT WEATHER FORECAST OFFICE, WA US","2021-06-18","0.00","0.0","0.0",,"73","55",,,,,,,
"USW00094290","SEATTLE SAND POINT WEATHER FORECAST OFFICE, WA US","2021-06-19","0.00","0.0","0.0",,"76","53",,,,,,,
"USW00094290","SEATTLE SAND POINT WEATHER FORECAST OFFICE, WA US","2021-06-20","0.00","0.0","0.0",,"79","58",,,,,,,
"USW00094290","SEATTLE SAND POINT WEATHER FORECAST OFFICE, WA US","2021-06-21","0.00","0.0","0.0",,"84","57",,,,,,,
"USW00094290","SEATTLE SAND POINT WEATHER FORECAST OFFICE, WA US","2021-06-22","0.00","0.0","0.0",,"80","60",,,,,,,
"USW00094290","SEATTLE SAND POINT WEATHER FORECAST OFFICE, WA US","2021-06-23","0.00","0.0","0.0",,"75","57",,,,,,,
"USW00094290","SEATTLE SAND POINT WEATHER FORECAST OFFICE, WA US","2021-06-24","0.00","0.0","0.0",,"80","58",,,,,,,
"USW00094290","SEATTLE SAND POINT WEATHER FORECAST OFFICE, WA US","2021-06-25","0.00","0.0","0.0",,"87","63",,,,,,,
"USW00094290","SEATTLE SAND POINT WEATHER FORECAST OFFICE, WA US","2021-06-26","0.00","0.0","0.0",,"99","67",,,,,,,
"USW00094290","SEATTLE SAND POINT WEATHER FORECAST OFFICE, WA US","2021-06-27","0.00","0.0","0.0",,"101","70",,,,,,,
"USW00094290","SEATTLE SAND POINT WEATHER FORECAST OFFICE, WA US","2021-06-28","0.00","0.0","0.0",,"107","73",,,,,,,
"USW00094290","SEATTLE SAND POINT WEATHER FORECAST OFFICE, WA US","2021-06-29","0.00","0.0","0.0",,"88","64",,,,,,,
"USW00094290","SEATTLE SAND POINT WEATHER FORECAST OFFICE, WA US","2021-06-30","0.00","0.0","0.0",,"78","62",,,,,,,
"USW00094290","SEATTLE SAND POINT WEATHER FORECAST OFFICE, WA US","2021-07-01","0.00","0.0","0.0",,"76","64",,,,,,,
"USW00094290","SEATTLE SAND POINT WEATHER FORECAST OFFICE, WA US","2021-07-02","0.00","0.0","0.0",,"80","63",,,,,,,
"USW00094290","SEATTLE SAND POINT WEATHER FORECAST OFFICE, WA US","2021-07-03","0.00","0.0","0.0",,"85","59",,,,,,,
"USW00094290","SEATTLE SAND POINT WEATHER FORECAST OFFICE, WA US","2021-07-04","0.00","0.0","0.0",,"82","59",,,,,,,
"USW00094290","SEATTLE SAND POINT WEATHER FORECAST OFFICE, WA US","2021-07-05","0.00","0.0","0.0",,"76","58",,,,,,,
"USW00094290","SEATTLE SAND POINT WEATHER FORECAST OFFICE, WA US","2021-07-06","0.00","0.0","0.0",,"85","58",,,,,,,
"USW00094290","SEATTLE SAND POINT WEATHER FORECAST OFFICE, WA US","2021-07-07","0.00","0.0","0.0",,"72","58",,,,,,,
"USW00094290","SEATTLE SAND POINT WEATHER FORECAST OFFICE, WA US","2021-07-08","0.00","0.0","0.0",,"73","53",,,,,,,
"USW00094290","SEATTLE SAND POINT WEATHER FORECAST OFFICE, WA US","2021-07-09","0.00","0.0","0.0",,"81","58",,,,,,,
"USW00094290","SEATTLE SAND POINT WEATHER FORECAST OFFICE, WA US","2021-07-10","0.00","0.0","0.0",,"80","60",,,,,,,
"USW00094290","SEATTLE SAND POINT WEATHER FORECAST OFFICE, WA US","2021-07-11","0.00","0.0","0.0",,"81","55",,,,,,,
"USW00094290","SEATTLE SAND POINT WEATHER FORECAST OFFICE, WA US","2021-07-12","0.00","0.0","0.0",,"83","57",,,,,,,
"USW00094290","SEATTLE SAND POINT WEATHER FORECAST OFFICE, WA US","2021-07-13","0.00","0.0","0.0",,"83","56",,,,,,,
"USW00094290","SEATTLE SAND POINT WEATHER FORECAST OFFICE, WA US","2021-07-14","0.00","0.0","0.0",,"76","56",,,,,,,
"USW00094290","SEATTLE SAND POINT WEATHER FORECAST OFFICE, WA US","2021-07-15","0.00","0.0","0.0",,"72","56",,,,,,,
"USW00094290","SEATTLE SAND POINT WEATHER FORECAST OFFICE, WA US","2021-07-16","0.00","0.0","0.0",,"71","58",,,,,,,
"USW00094290","SEATTLE SAND POINT WEATHER FORECAST OFFICE, WA US","2021-07-17","0.00","0.0","0.0",,"77","56",,,,,,,
"USW00094290","SEATTLE SAND POINT WEATHER FORECAST OFFICE, WA US","2021-07-18","0.00","0.0","0.0",,"81","57",,,,,,,
"USW00094290","SEATTLE SAND POINT WEATHER FORECAST OFFICE, WA US","2021-07-19","0.00","0.0","0.0",,"82","55",,,,,,,
"USW00094290","SEATTLE SAND POINT WEATHER FORECAST OFFICE, WA US","2021-07-20","0.06","0.0","0.0",,"70","59",,,,,,,
"USW00094290","SEATTLE SAND POINT WEATHER FORECAST OFFICE, WA US","2021-07-21","0.00","0.0","0.0",,"72","58",,,,,,,
"USW00094290","SEATTLE SAND POINT WEATHER FORECAST OFFICE, WA US","2021-07-22","0.00","0.0","0.0",,"77","57",,,,,,,
"USW00094290","SEATTLE SAND POINT WEATHER FORECAST OFFICE, WA US","2021-07-23","0.00","0.0","0.0",,"80","54",,,,,,,
"USW00094290","SEATTLE SAND POINT WEATHER FORECAST OFFICE, WA US","2021-07-24","0.00","0.0","0.0",,"82","61",,,,,,,
"USW00094290","SEATTLE SAND POINT WEATHER FORECAST OFFICE, WA US","2021-07-25","0.00","0.0","0.0",,"82","61",,,,,,,
"USW00094290","SEATTLE SAND POINT WEATHER FORECAST OFFICE, WA US","2021-07-26","0.00","0.0","0.0",,"80","59",,,,,,,
"USW00094290","SEATTLE SAND POINT WEATHER FORECAST OFFICE, WA US","2021-07-27","0.00","0.0","0.0",,"82","61",,,,,,,
"USW00094290","SEATTLE SAND POINT WEATHER FORECAST OFFICE, WA US","2021-07-28","0.00","0.0","0.0",,"88","60",,,,,,,
"USW00094290","SEATTLE SAND POINT WEATHER FORECAST OFFICE, WA US","2021-07-29","0.00","0.0","0.0",,"88","58",,,,,,,
"USW00094290","SEATTLE SAND POINT WEATHER FORECAST OFFICE, WA US","2021-07-30","0.00","0.0","0.0",,"90","63",,,,,,,
"USW00094290","SEATTLE SAND POINT WEATHER FORECAST OFFICE, WA US","2021-07-31","0.00","0.0","0.0",,"74","66",,,,,,,
"USW00094290","SEATTLE SAND POINT WEATHER FORECAST OFFICE, WA US","2021-08-01","0.00","0.0","0.0",,"81","66",,,,,,,
"USW00094290","SEATTLE SAND POINT WEATHER FORECAST OFFICE, WA US","2021-08-02","0.00","0.0","0.0",,"84","60",,,,,,,
"USW00094290","SEATTLE SAND POINT WEATHER FORECAST OFFICE, WA US","2021-08-03","0.00","0.0","0.0",,"84","62",,,,,,,
"USW00094290","SEATTLE SAND POINT WEATHER FORECAST OFFICE, WA US","2021-08-04","0.00","0.0","0.0",,"89","60",,,,,,,
"USW00094290","SEATTLE SAND POINT WEATHER FORECAST OFFICE, WA US","2021-08-05","0.02","0.0","0.0",,"86","63",,,,,,,
"USW00094290","SEATTLE SAND POINT WEATHER FORECAST OFFICE, WA US","2021-08-06","0.13","0.0","0.0",,"78","61","    1",,,,,,
"USW00094290","SEATTLE SAND POINT WEATHER FORECAST OFFICE, WA US","2021-08-07","0.01","0.0","0.0",,"79","59",,,,,,,
"USW00094290","SEATTLE SAND POINT WEATHER FORECAST OFFICE, WA US","2021-08-08","0.06","0.0","0.0",,"75","56",,,,,,,
"USW00094290","SEATTLE SAND POINT WEATHER FORECAST OFFICE, WA US","2021-08-09","0.00","0.0","0.0",,"78","56",,,,,,,
"USW00094290","SEATTLE SAND POINT WEATHER FORECAST OFFICE, WA US","2021-08-10","0.00","0.0","0.0",,"83","61",,,,,,,
"USW00094290","SEATTLE SAND POINT WEATHER FORECAST OFFICE, WA US","2021-08-11","0.00","0.0","0.0",,"89","64",,,,,,,
"USW00094290","SEATTLE SAND POINT WEATHER FORECAST OFFICE, WA US","2021-08-12","0.00","0.0","0.0",,"93","68",,,,,,,"    1"
"USW00094290","SEATTLE SAND POINT WEATHER FORECAST OFFICE, WA US","2021-08-13","0.00","0.0","0.0",,"93","65",,,,,,,"    1"
"USW00094290","SEATTLE SAND POINT WEATHER FORECAST OFFICE, WA US","2021-08-14","0.00","0.0","0.0",,"84","64",,,,,,,"    1"
"USW00094290","SEATTLE SAND POINT WEATHER FORECAST OFFICE, WA US","2021-08-15","0.00","0.0","0.0",,"83","60",,,,,,,
"USW00094290","SEATTLE SAND POINT WEATHER FORECAST OFFICE, WA US","2021-08-16","0.00","0.0","0.0",,"73","58",,,,,,,
"USW00094290","SEATTLE SAND POINT WEATHER FORECAST OFFICE, WA US","2021-08-17","0.00","0.0","0.0",,"69","57",,,,,,,
"USW00094290","SEATTLE SAND POINT WEATHER FORECAST OFFICE, WA US","2021-08-18","0.00","0.0","0.0",,"78","54",,,,,,,
"USW00094290","SEATTLE SAND POINT WEATHER FORECAST OFFICE, WA US","2021-08-19","0.00","0.0","0.0",,"79","57",,,,,,,
"USW00094290","SEATTLE SAND POINT WEATHER FORECAST OFFICE, WA US","2021-08-20","0.00","0.0","0.0",,"67","58",,,,,,,
"USW00094290","SEATTLE SAND POINT WEATHER FORECAST OFFICE, WA US","2021-08-21","0.00","0.0","0.0",,"72","57",,,,,,,
"USW00094290","SEATTLE SAND POINT WEATHER FORECAST OFFICE, WA US","2021-08-22","0.00","0.0","0.0",,"68","55",,,,,,,
"USW00094290","SEATTLE SAND POINT WEATHER FORECAST OFFICE, WA US","2021-08-23","0.00","0.0","0.0",,"73","54",,,,,,,
"USW00094290","SEATTLE SAND POINT WEATHER FORECAST OFFICE, WA US","2021-08-24","0.00","0.0","0.0",,"77","53",,,,,,,
"USW00094290","SEATTLE SAND POINT WEATHER FORECAST OFFICE, WA US","2021-08-25","0.00","0.0","0.0",,"79","53",,,,,,,
"USW00094290","SEATTLE SAND POINT WEATHER FORECAST OFFICE, WA US","2021-08-26","0.01","0.0","0.0",,"76","60",,,,,,,
"USW00094290","SEATTLE SAND POINT WEATHER FORECAST OFFICE, WA US","2021-08-27","0.03","0.0","0.0",,"69","58",,,,,,,
"USW00094290","SEATTLE SAND POINT WEATHER FORECAST OFFICE, WA US","2021-08-28","0.00","0.0","0.0",,"79","52",,,,,,,
"USW00094290","SEATTLE SAND POINT WEATHER FORECAST OFFICE, WA US","2021-08-29","0.00","0.0","0.0",,"78","54",,,,,,,
"USW00094290","SEATTLE SAND POINT WEATHER FORECAST OFFICE, WA US","2021-08-30","0.00","0.0","0.0",,"64","53",,,,,,,
"USW00094290","SEATTLE SAND POINT WEATHER FORECAST OFFICE, WA US","2021-08-31","0.02","0.0","0.0",,"67","51",,,,,,,
"USW00094290","SEATTLE SAND POINT WEATHER FORECAST OFFICE, WA US","2021-09-01","0.00","0.0","0.0",,"71","49",,,,,,,
"USW00094290","SEATTLE SAND POINT WEATHER FORECAST OFFICE, WA US","2021-09-02","0.00","0.0","0.0",,"79","51",,,,,,,
"USW00094290","SEATTLE SAND POINT WEATHER FORECAST OFFICE, WA US","2021-09-03","0.00","0.0","0.0",,"78","51",,,,,,,
"USW00094290","SEATTLE SAND POINT WEATHER FORECAST OFFICE, WA US","2021-09-04","0.00","0.0","0.0",,"79","50",,,,,,,
"USW00094290","SEATTLE SAND POINT WEATHER FORECAST OFFICE, WA US","2021-09-05","0.00","0.0","0.0",,"79","62",,,,,,,
"USW00094290","SEATTLE SAND POINT WEATHER FORECAST OFFICE, WA US","2021-09-06","0.00","0.0","0.0",,"76","59",,,,,,,
"USW00094290","SEATTLE SAND POINT WEATHER FORECAST OFFICE, WA US","2021-09-07","0.00","0.0","0.0",,"81","53",,,,,,,
"USW00094290","SEATTLE SAND POINT WEATHER FORECAST OFFICE, WA US","2021-09-08","0.00","0.0","0.0",,"80","61",,,,,,,
"USW00094290","SEATTLE SAND POINT WEATHER FORECAST OFFICE, WA US","2021-09-09","0.00","0.0","0.0",,"82","56",,,,,,,
"USW00094290","SEATTLE SAND POINT WEATHER FORECAST OFFICE, WA US","2021-09-10","0.00","0.0","0.0",,"67","58",,,,,,,
"USW00094290","SEATTLE SAND POINT WEATHER FORECAST OFFICE, WA US","2021-09-11","0.00","0.0","0.0",,"71","57",,,,,,,
"USW00094290","SEATTLE SAND POINT WEATHER FORECAST OFFICE, WA US","2021-09-12","0.02","0.0","0.0",,"69","56",,,,,,,
"USW00094290","SEATTLE SAND POINT WEATHER FORECAST OFFICE, WA US","2021-09-13","0.00","0.0","0.0",,"72","50",,,,,,,
"USW00094290","SEATTLE SAND POINT WEATHER FORECAST OFFICE, WA US","2021-09-14","0.00","0.0","0.0",,"70","50",,,,,,,
"USW00094290","SEATTLE SAND POINT WEATHER FORECAST OFFICE, WA US","2021-09-15","0.00","0.0","0.0",,"67","52",,,,,,,
"USW00094290","SEATTLE SAND POINT WEATHER FORECAST OFFICE, WA US","2021-09-16","0.00","0.0","0.0",,"69","45",,,,,,,
"USW00094290","SEATTLE SAND POINT WEATHER FORECAST OFFICE, WA US","2021-09-17","0.60","0.0","0.0",,"68","55",,,,,,,
"USW00094290","SEATTLE SAND POINT WEATHER FORECAST OFFICE, WA US","2021-09-18","0.63","0.0","0.0",,"65","53",,,,,,,
"USW00094290","SEATTLE SAND POINT WEATHER FORECAST OFFICE, WA US","2021-09-19","0.17","0.0","0.0",,"65","53",,,,,,,
"USW00094290","SEATTLE SAND POINT WEATHER FORECAST OFFICE, WA US","2021-09-20","0.00","0.0","0.0",,"71","54",,,,,,,
"USW00094290","SEATTLE SAND POINT WEATHER FORECAST OFFICE, WA US","2021-09-21","0.00","0.0","0.0",,"77","50",,,,,,,
"USW00094290","SEATTLE SAND POINT WEATHER FORECAST OFFICE, WA US","2021-09-22","0.00","0.0","0.0",,"69","53",,,,,,,
"USW00094290","SEATTLE SAND POINT WEATHER FORECAST OFFICE, WA US","2021-09-23","0.00","0.0","0.0",,"71","53",,,,,,,
"USW00094290","SEATTLE SAND POINT WEATHER FORECAST OFFICE, WA US","2021-09-24","0.00","0.0","0.0",,"76","53",,,,,,,
"USW00094290","SEATTLE SAND POINT WEATHER FORECAST OFFICE, WA US","2021-09-25","0.00","0.0","0.0",,"79","51",,,,,,,
"USW00094290","SEATTLE SAND POINT WEATHER FORECAST OFFICE, WA US","2021-09-26","0.64","0.0","0.0",,"65","56",,,,,,,
"USW00094290","SEATTLE SAND POINT WEATHER FORECAST OFFICE, WA US","2021-09-27","0.40","0.0","0.0",,"62","54",,,,,,,
"USW00094290","SEATTLE SAND POINT WEATHER FORECAST OFFICE, WA US","2021-09-28","0.05","0.0","0.0",,"66","53",,,,,,,
"USW00094290","SEATTLE SAND POINT WEATHER FORECAST OFFICE, WA US","2021-09-29","0.10","0.0","0.0",,"61","55",,,,,,,
"USW00094290","SEATTLE SAND POINT WEATHER FORECAST OFFICE, WA US","2021-09-30","0.36","0.0","0.0",,"62","51","    1",,,,,,
"USW00094290","SEATTLE SAND POINT WEATHER FORECAST OFFICE, WA US","2021-10-01","0.00","0.0","0.0",,"64","48",,,,,,,
"USW00094290","SEATTLE SAND POINT WEATHER FORECAST OFFICE, WA US","2021-10-02","0.00","0.0","0.0",,"68","49","    1",,,,,,
"USW00094290","SEATTLE SAND POINT WEATHER FORECAST OFFICE, WA US","2021-10-03","0.02","0.0","0.0",,"58","53","    1",,,,,,
"USW00094290","SEATTLE SAND POINT WEATHER FORECAST OFFICE, WA US","2021-10-04","0.00","0.0","0.0",,"64","51",,,,,,,
"USW00094290","SEATTLE SAND POINT WEATHER FORECAST OFFICE, WA US","2021-10-05","0.22","0.0","0.0",,"58","50",,,,,,,
"USW00094290","SEATTLE SAND POINT WEATHER FORECAST OFFICE, WA US","2021-10-06","0.01","0.0","0.0",,"61","47",,,,,,,
"USW00094290","SEATTLE SAND POINT WEATHER FORECAST OFFICE, WA US","2021-10-07","0.00","0.0","0.0",,"61","42",,,,,,,
"USW00094290","SEATTLE SAND POINT WEATHER FORECAST OFFICE, WA US","2021-10-08","0.00","0.0","0.0",,"59","42",,,,,,,
"USW00094290","SEATTLE SAND POINT WEATHER FORECAST OFFICE, WA US","2021-10-09","0.09","0.0","0.0",,"58","42",,,,,,,
"USW00094290","SEATTLE SAND POINT WEATHER FORECAST OFFICE, WA US","2021-10-10","0.27","0.0","0.0",,"55","45",,,,,,,
"USW00094290","SEATTLE SAND POINT WEATHER FORECAST OFFICE, WA US","2021-10-11","0.07","0.0","0.0",,"56","39",,,,,,,
"USW00094290","SEATTLE SAND POINT WEATHER FORECAST OFFICE, WA US","2021-10-12","0.03","0.0","0.0",,"52","40",,,,,,,
"USW00094290","SEATTLE SAND POINT WEATHER FORECAST OFFICE, WA US","2021-10-13","0.03","0.0","0.0",,"55","46",,,,,,,
"USW00094290","SEATTLE SAND POINT WEATHER FORECAST OFFICE, WA US","2021-10-14","0.02","0.0","0.0",,"60","47",,,,,,,
"USW00094290","SEATTLE SAND POINT WEATHER FORECAST OFFICE, WA US","2021-10-15","0.03","0.0","0.0",,"60","53",,,,,,,
"USW00094290","SEATTLE SAND POINT WEATHER FORECAST OFFICE, WA US","2021-10-16","0.01","0.0","0.0",,"67","51",,,,,,,
"USW00094290","SEATTLE SAND POINT WEATHER FORECAST OFFICE, WA US","2021-10-17","0.01","0.0","0.0",,"58","50",,,,,,,
"USW00094290","SEATTLE SAND POINT WEATHER FORECAST OFFICE, WA US","2021-10-18","0.00","0.0","0.0",,"56","49",,,,,,,
"USW00094290","SEATTLE SAND POINT WEATHER FORECAST OFFICE, WA US","2021-10-19","0.00","0.0","0.0",,"60","44",,,,,,,
"USW00094290","SEATTLE SAND POINT WEATHER FORECAST OFFICE, WA US","2021-10-20","0.26","0.0","0.0",,"62","50",,,,,,,
"USW00094290","SEATTLE SAND POINT WEATHER FORECAST OFFICE, WA US","2021-10-21","0.45","0.0","0.0",,"69","50",,,,,,,
"USW00094290","SEATTLE SAND POINT WEATHER FORECAST OFFICE, WA US","2021-10-22","0.08","0.0","0.0",,"57","51",,,,,,,
"USW00094290","SEATTLE SAND POINT WEATHER FORECAST OFFICE, WA US","2021-10-23","0.17","0.0","0.0",,"56","49","    1",,,,,,
"USW00094290","SEATTLE SAND POINT WEATHER FORECAST OFFICE, WA US","2021-10-24","0.29","0.0","0.0",,"61","50",,,,,,,
"USW00094290","SEATTLE SAND POINT WEATHER FORECAST OFFICE, WA US","2021-10-25","0.04","0.0","0.0",,"60","51",,,,,,,
"USW00094290","SEATTLE SAND POINT WEATHER FORECAST OFFICE, WA US","2021-10-26","0.07","0.0","0.0",,"57","49",,,,,,,
"USW00094290","SEATTLE SAND POINT WEATHER FORECAST OFFICE, WA US","2021-10-27","0.17","0.0","0.0",,"57","48",,,,,,,
"USW00094290","SEATTLE SAND POINT WEATHER FORECAST OFFICE, WA US","2021-10-28","1.77","0.0","0.0",,"60","47",,,,,,,
"USW00094290","SEATTLE SAND POINT WEATHER FORECAST OFFICE, WA US","2021-10-29","0.49","0.0","0.0",,"52","40",,,,,,,
"USW00094290","SEATTLE SAND POINT WEATHER FORECAST OFFICE, WA US","2021-10-30","0.00","0.0","0.0",,"55","38",,,,,,,
"USW00094290","SEATTLE SAND POINT WEATHER FORECAST OFFICE, WA US","2021-10-31","0.00","0.0","0.0",,"62","39",,,,,,,
"USW00094290","SEATTLE SAND POINT WEATHER FORECAST OFFICE, WA US","2021-11-01","0.09","0.0","0.0",,"55","39",,,,,,,
"USW00094290","SEATTLE SAND POINT WEATHER FORECAST OFFICE, WA US","2021-11-02","0.15","0.0","0.0",,"52","43",,,,,,,
"USW00094290","SEATTLE SAND POINT WEATHER FORECAST OFFICE, WA US","2021-11-03","0.44","0.0","0.0",,"60","45",,,,,,,
"USW00094290","SEATTLE SAND POINT WEATHER FORECAST OFFICE, WA US","2021-11-04","0.54","0.0","0.0",,"59","49",,,,,,,
"USW00094290","SEATTLE SAND POINT WEATHER FORECAST OFFICE, WA US","2021-11-05","0.10","0.0","0.0",,"55","42",,,,,,,
"USW00094290","SEATTLE SAND POINT WEATHER FORECAST OFFICE, WA US","2021-11-06","0.44","0.0","0.0",,"50","42",,,,,,,
"USW00094290","SEATTLE SAND POINT WEATHER FORECAST OFFICE, WA US","2021-11-07","0.22","0.0","0.0",,"48","41",,,,,,,
"USW00094290","SEATTLE SAND POINT WEATHER FORECAST OFFICE, WA US","2021-11-08","0.00","0.0","0.0",,"58","42",,,,,,,
"USW00094290","SEATTLE SAND POINT WEATHER FORECAST OFFICE, WA US","2021-11-09","0.55","0.0","0.0",,"58","43",,,,,,,
"USW00094290","SEATTLE SAND POINT WEATHER FORECAST OFFICE, WA US","2021-11-10","0.06","0.0","0.0",,"54","43",,,,,,,
"USW00094290","SEATTLE SAND POINT WEATHER FORECAST OFFICE, WA US","2021-11-11","0.76","0.0","0.0",,"55","46",,,,,,,
"USW00094290","SEATTLE SAND POINT WEATHER FORECAST OFFICE, WA US","2021-11-12","0.70","0.0","0.0",,"59","46",,,,,,,
"USW00094290","SEATTLE SAND POINT WEATHER FORECAST OFFICE, WA US","2021-11-13","0.42","0.0","0.0",,"54","45",,,,,,,
"USW00094290","SEATTLE SAND POINT WEATHER FORECAST OFFICE, WA US","2021-11-14","0.71","0.0","0.0",,"61","54",,,,,,,
"USW00094290","SEATTLE SAND POINT WEATHER FORECAST OFFICE, WA US","2021-11-15","0.25","0.0","0.0",,"62","41",,,,,,,
"USW00094290","SEATTLE SAND POINT WEATHER FORECAST OFFICE, WA US","2021-11-16","0.00","0.0","0.0",,"50","37",,,,,,,
"USW00094290","SEATTLE SAND POINT WEATHER FORECAST OFFICE, WA US","2021-11-17","0.00","0.0","0.0",,"51","33",,,,,,,
"USW00094290","SEATTLE SAND POINT WEATHER FORECAST OFFICE, WA US","2021-11-18","0.25","0.0","0.0",,"49","42","    1",,,,,,
"USW00094290","SEATTLE SAND POINT WEATHER FORECAST OFFICE, WA US","2021-11-19","0.11","0.0","0.0",,"48","42",,,,,,,
"USW00094290","SEATTLE SAND POINT WEATHER FORECAST OFFICE, WA US","2021-11-20","0.00","0.0","0.0",,"50","39",,,,,,,
"USW00094290","SEATTLE SAND POINT WEATHER FORECAST OFFICE, WA US","2021-11-21","0.00","0.0","0.0",,"49","36",,,,,,,
"USW00094290","SEATTLE SAND POINT WEATHER FORECAST OFFICE, WA US","2021-11-22","0.03","0.0","0.0",,"47","36",,,,,,,
"USW00094290","SEATTLE SAND POINT WEATHER FORECAST OFFICE, WA US","2021-11-23","0.57","0.0","0.0",,"49","40",,,,,,,
"USW00094290","SEATTLE SAND POINT WEATHER FORECAST OFFICE, WA US","2021-11-24","0.09","0.0","0.0",,"47","39",,,,,,,
"USW00094290","SEATTLE SAND POINT WEATHER FORECAST OFFICE, WA US","2021-11-25","0.61","0.0","0.0",,"48","43",,,,,,,
"USW00094290","SEATTLE SAND POINT WEATHER FORECAST OFFICE, WA US","2021-11-26","0.10","0.0","0.0",,"51","45",,,,,,,
"USW00094290","SEATTLE SAND POINT WEATHER FORECAST OFFICE, WA US","2021-11-27","0.27","0.0","0.0",,"58","47",,,,,,,
"USW00094290","SEATTLE SAND POINT WEATHER FORECAST OFFICE, WA US","2021-11-28","0.19","0.0","0.0",,"60","54",,,,,,,
"USW00094290","SEATTLE SAND POINT WEATHER FORECAST OFFICE, WA US","2021-11-29","0.00","0.0","0.0",,"58","52",,,,,,,
"USW00094290","SEATTLE SAND POINT WEATHER FORECAST OFFICE, WA US","2021-11-30","0.07","0.0","0.0",,"55","52",,,,,,,
"USW00094290","SEATTLE SAND POINT WEATHER FORECAST OFFICE, WA US","2021-12-01","0.01","0.0","0.0",,"58","50",,,,,,,
"USW00094290","SEATTLE SAND POINT WEATHER FORECAST OFFICE, WA US","2021-12-02","0.15","0.0","0.0",,"50","42",,,,,,,
"USW00094290","SEATTLE SAND POINT WEATHER FORECAST OFFICE, WA US","2021-12-03","0.01","0.0","0.0",,"43","35",,,,,,,
"USW00094290","SEATTLE SAND POINT WEATHER FORECAST OFFICE, WA US","2021-12-04","0.32","0.0","0.0",,"41","33","    1",,,,,,
"USW00094290","SEATTLE SAND POINT WEATHER FORECAST OFFICE, WA US","2021-12-05","0.00","0.0","0.0",,"42","35",,,,,,,
"USW00094290","SEATTLE SAND POINT WEATHER FORECAST OFFICE, WA US","2021-12-06","0.08","0.0","0.0",,"45","38",,,,,,,
"USW00094290","SEATTLE SAND POINT WEATHER FORECAST OFFICE, WA US","2021-12-07","0.03","0.0","0.0",,"50","44","    1","    1",,,,,
"USW00094290","SEATTLE SAND POINT WEATHER FORECAST OFFICE, WA US","2021-12-08","0.20","0.0","0.0",,"50","39",,,,,,,
"USW00094290","SEATTLE SAND POINT WEATHER FORECAST OFFICE, WA US","2021-12-09","0.01","0.0","0.0",,"44","36",,,,,,,
"USW00094290","SEATTLE SAND POINT WEATHER FORECAST OFFICE, WA US","2021-12-10","0.24","0.0","0.0",,"46","40",,,,,,,
"USW00094290","SEATTLE SAND POINT WEATHER FORECAST OFFICE, WA US","2021-12-11","0.42","0.0","0.0",,"51","41",,,,,,,
"USW00094290","SEATTLE SAND POINT WEATHER FORECAST OFFICE, WA US","2021-12-12","0.19","0.0","0.0",,"44","37",,,,,,,
"USW00094290","SEATTLE SAND POINT WEATHER FORECAST OFFICE, WA US","2021-12-13","0.14","0.0","0.0",,"43","36",,,,,,,
"USW00094290","SEATTLE SAND POINT WEATHER FORECAST OFFICE, WA US","2021-12-14","0.11","0.0","0.0",,"42","36",,,,,,,
"USW00094290","SEATTLE SAND POINT WEATHER FORECAST OFFICE, WA US","2021-12-15","0.08","0.0","0.0",,"44","37",,,,,,,
"USW00094290","SEATTLE SAND POINT WEATHER FORECAST OFFICE, WA US","2021-12-16","0.07","0.0","0.0",,"44","36",,,,,,,
"USW00094290","SEATTLE SAND POINT WEATHER FORECAST OFFICE, WA US","2021-12-17","0.17","0.0","0.0",,"45","36",,,,,,,
"USW00094290","SEATTLE SAND POINT WEATHER FORECAST OFFICE, WA US","2021-12-18","0.76","0.0","0.0",,"51","38",,,,,,,
"USW00094290","SEATTLE SAND POINT WEATHER FORECAST OFFICE, WA US","2021-12-19","0.00","0.0","0.0",,"46","37",,,,,,,
"USW00094290","SEATTLE SAND POINT WEATHER FORECAST OFFICE, WA US","2021-12-20","0.00","0.0","0.0",,"39","37",,,,,,,
"USW00094290","SEATTLE SAND POINT WEATHER FORECAST OFFICE, WA US","2021-12-21","0.17","0.0","0.0",,"43","35",,,,,,,
"USW00094290","SEATTLE SAND POINT WEATHER FORECAST OFFICE, WA US","2021-12-22","0.60","0.0","0.0",,"50","43",,,,,,,
"USW00094290","SEATTLE SAND POINT WEATHER FORECAST OFFICE, WA US","2021-12-23","0.08","0.0","0.0",,"46","40",,,,,,,
"USW00094290","SEATTLE SAND POINT WEATHER FORECAST OFFICE, WA US","2021-12-24","0.35","0.0","0.0",,"42","38",,,,,,,
"USW00094290","SEATTLE SAND POINT WEATHER FORECAST OFFICE, WA US","2021-12-25","0.12","0.0","0.0",,"39","34",,,,,,,
"USW00094290","SEATTLE SAND POINT WEATHER FORECAST OFFICE, WA US","2021-12-26","0.21","2.5","0.0",,"34","22",,,,,,,
"USW00094290","SEATTLE SAND POINT WEATHER FORECAST OFFICE, WA US","2021-12-27","0.02","0.2","2.0",,"25","17",,,,,,,
"USW00094290","SEATTLE SAND POINT WEATHER FORECAST OFFICE, WA US","2021-12-28","0.00","0.2","2.0",,"29","24",,,,,,,
"USW00094290","SEATTLE SAND POINT WEATHER FORECAST OFFICE, WA US","2021-12-29","0.10","1.5","1.2",,"30","22",,,,,,,
"USW00094290","SEATTLE SAND POINT WEATHER FORECAST OFFICE, WA US","2021-12-30","0.07","0.8","3.1",,"35","29",,,,,,,
"USW00094290","SEATTLE SAND POINT WEATHER FORECAST OFFICE, WA US","2021-12-31","0.00","0.0","0.0",,"34","22",,,,,,,
"USW00094290","SEATTLE SAND POINT WEATHER FORECAST OFFICE, WA US","2022-01-01","0.00","0.0","0.0",,"37","20",,,,,,,
"USW00094290","SEATTLE SAND POINT WEATHER FORECAST OFFICE, WA US","2022-01-02","1.44","0.0","0.0",,"40","33",,,,,,,
"USW00094290","SEATTLE SAND POINT WEATHER FORECAST OFFICE, WA US","2022-01-03","0.47","0.0","0.0",,"42","35",,,,,,,
"USW00094290","SEATTLE SAND POINT WEATHER FORECAST OFFICE, WA US","2022-01-04","0.18","0.0","0.0",,"44","37",,,,,,,
"USW00094290","SEATTLE SAND POINT WEATHER FORECAST OFFICE, WA US","2022-01-05","0.18","0.0","0.0",,"39","35",,,,,,,
"USW00094290","SEATTLE SAND POINT WEATHER FORECAST OFFICE, WA US","2022-01-06","1.46","0.0","0.0",,"51","37","    1",,,,,,
"USW00094290","SEATTLE SAND POINT WEATHER FORECAST OFFICE, WA US","2022-01-07","0.95","0.0","0.0",,"48","38","    1",,,,,,
"USW00094290","SEATTLE SAND POINT WEATHER FORECAST OFFICE, WA US","2022-01-08","0.00","0.0","0.0",,"45","35",,,,,,,
"USW00094290","SEATTLE SAND POINT WEATHER FORECAST OFFICE, WA US","2022-01-09","0.00","0.0","0.0",,"52","35",,,,,,,
"USW00094290","SEATTLE SAND POINT WEATHER FORECAST OFFICE, WA US","2022-01-10","0.23","0.0","0.0",,"45","31",,,,,,,
"USW00094290","SEATTLE SAND POINT WEATHER FORECAST OFFICE, WA US","2022-01-11","0.75","0.0","0.0",,"52","44",,,,,,,
"USW00094290","SEATTLE SAND POINT WEATHER FORECAST OFFICE, WA US","2022-01-12","0.11","0.0","0.0",,"56","41","    1",,,,,,
"USW00094290","SEATTLE SAND POINT WEATHER FORECAST OFFICE, WA US","2022-01-13","0.23","0.0","0.0",,"55","39","    1",,,,,,
"USW00094290","SEATTLE SAND POINT WEATHER FORECAST OFFICE, WA US","2022-01-14","0.00","0.0","0.0",,"50","38",,,,,,,
"USW00094290","SEATTLE SAND POINT WEATHER FORECAST OFFICE, WA US","2022-01-15","0.00","0.0","0.0",,"44","41","    1","    1",,,,,
"USW00094290","SEATTLE SAND POINT WEATHER FORECAST OFFICE, WA US","2022-01-16","0.00","0.0","0.0",,"43","39","    1",,,,,,
"USW00094290","SEATTLE SAND POINT WEATHER FORECAST OFFICE, WA US","2022-01-17","0.00","0.0","0.0",,"49","40","    1",,,,,,
"USW00094290","SEATTLE SAND POINT WEATHER FORECAST OFFICE, WA US","2022-01-18","0.03","0.0","0.0",,"47","45",,,,,,,
"USW00094290","SEATTLE SAND POINT WEATHER FORECAST OFFICE, WA US","2022-01-19","0.03","0.0","0.0",,"48","43","    1",,,,,,
"USW00094290","SEATTLE SAND POINT WEATHER FORECAST OFFICE, WA US","2022-01-20","0.18","0.0","0.0",,"53","42",,,,,,,
"USW00094290","SEATTLE SAND POINT WEATHER FORECAST OFFICE, WA US","2022-01-21","0.00","0.0","0.0",,"52","38","    1",,,,,,
"USW00094290","SEATTLE SAND POINT WEATHER FORECAST OFFICE, WA US","2022-01-22","0.00","0.0","0.0",,"46","34","    1","    1",,,,,
"USW00094290","SEATTLE SAND POINT WEATHER FORECAST OFFICE, WA US","2022-01-23","0.00","0.0","0.0",,"40","35","    1",,,,,,
"USW00094290","SEATTLE SAND POINT WEATHER FORECAST OFFICE, WA US","2022-01-24","0.00","0.0","0.0",,"39","36","    1",,,,,,
"USW00094290","SEATTLE SAND POINT WEATHER FORECAST OFFICE, WA US","2022-01-25","0.00","0.0","0.0",,"42","35","    1",,,,,,
"USW00094290","SEATTLE SAND POINT WEATHER FORECAST OFFICE, WA US","2022-01-26","0.00","0.0","0.0",,"40","33","    1",,,,,,
"USW00094290","SEATTLE SAND POINT WEATHER FORECAST OFFICE, WA US","2022-01-27","0.00","0.0","0.0",,"46","31","    1",,,,,,
"USW00094290","SEATTLE SAND POINT WEATHER FORECAST OFFICE, WA US","2022-01-28","0.00","0.0","0.0",,"50","28",,,,,,,
"USW00094290","SEATTLE SAND POINT WEATHER FORECAST OFFICE, WA US","2022-01-29","0.00","0.0","0.0",,"50","29",,,,,,,
"USW00094290","SEATTLE SAND POINT WEATHER FORECAST OFFICE, WA US","2022-01-30","0.24","0.0","0.0",,"49","38",,,,,,,
"USW00094290","SEATTLE SAND POINT WEATHER FORECAST OFFICE, WA US","2022-01-31","0.02","0.0","0.0",,"47","38",,,,,,,
"USW00094290","SEATTLE SAND POINT WEATHER FORECAST OFFICE, WA US","2022-02-01","0.07","0.0","0.0",,"46","36",,,,,,,
"USW00094290","SEATTLE SAND POINT WEATHER FORECAST OFFICE, WA US","2022-02-02","0.02","0.0","0.0",,"42","34","    1",,,,,,
"USW00094290","SEATTLE SAND POINT WEATHER FORECAST OFFICE, WA US","2022-02-03","0.09","0.0","0.0",,"47","41",,,,,,,
"USW00094290","SEATTLE SAND POINT WEATHER FORECAST OFFICE, WA US","2022-02-04","0.00","0.0","0.0",,"49","40",,,,,,,
"USW00094290","SEATTLE SAND POINT WEATHER FORECAST OFFICE, WA US","2022-02-05","0.00","0.0","0.0",,"47","38",,,,,,,
"USW00094290","SEATTLE SAND POINT WEATHER FORECAST OFFICE, WA US","2022-02-06","0.00","0.0","0.0",,"53","36","    1",,,,,,
"USW00094290","SEATTLE SAND POINT WEATHER FORECAST OFFICE, WA US","2022-02-07","0.00","0.0","0.0",,"51","38",,,,,,,
"USW00094290","SEATTLE SAND POINT WEATHER FORECAST OFFICE, WA US","2022-02-08","0.01","0.0","0.0",,"49","41",,,,,,,
"USW00094290","SEATTLE SAND POINT WEATHER FORECAST OFFICE, WA US","2022-02-09","0.00","0.0","0.0",,"54","43",,,,,,,
"USW00094290","SEATTLE SAND POINT WEATHER FORECAST OFFICE, WA US","2022-02-10","0.02","0.0","0.0",,"49","43","    1",,,,,,
"USW00094290","SEATTLE SAND POINT WEATHER FORECAST OFFICE, WA US","2022-02-11","0.00","0.0","0.0",,"51","43",,,,,,,
"USW00094290","SEATTLE SAND POINT WEATHER FORECAST OFFICE, WA US","2022-02-12","0.00","0.0","0.0",,"55","36",,,,,,,
"USW00094290","SEATTLE SAND POINT WEATHER FORECAST OFFICE, WA US","2022-02-13","0.00","0.0","0.0",,"55","30","    1","    1",,,,,
"USW00094290","SEATTLE SAND POINT WEATHER FORECAST OFFICE, WA US","2022-02-14","0.11","0.0","0.0",,"49","40",,,,,,,
"USW00094290","SEATTLE SAND POINT WEATHER FORECAST OFFICE, WA US","2022-02-15","0.00","0.0","0.0",,"49","42",,,,,,,
"USW00094290","SEATTLE SAND POINT WEATHER FORECAST OFFICE, WA US","2022-02-16","0.00","0.0","0.0",,"53","37","    1",,,,,,
"USW00094290","SEATTLE SAND POINT WEATHER FORECAST OFFICE, WA US","2022-02-17","0.00","0.0","0.0",,"48","40",,,,,,,
"USW00094290","SEATTLE SAND POINT WEATHER FORECAST OFFICE, WA US","2022-02-18","0.00","0.0","0.0",,"53","42",,,,,,,
"USW00094290","SEATTLE SAND POINT WEATHER FORECAST OFFICE, WA US","2022-02-19","0.01","0.0","0.0",,"47","41",,,,,,,
"USW00094290","SEATTLE SAND POINT WEATHER FORECAST OFFICE, WA US","2022-02-20","0.30","0.0","0.0",,"48","37",,,,,,,
"USW00094290","SEATTLE SAND POINT WEATHER FORECAST OFFICE, WA US","2022-02-21","0.02","0.0","0.0",,"44","32",,,,,,,
"USW00094290","SEATTLE SAND POINT WEATHER FORECAST OFFICE, WA US","2022-02-22","0.00","0.0","0.0",,"35","28",,,,,,,
"USW00094290","SEATTLE SAND POINT WEATHER FORECAST OFFICE, WA US","2022-02-23","0.00","0.0","0.0",,"40","24",,,,,,,
"USW00094290","SEATTLE SAND POINT WEATHER FORECAST OFFICE, WA US","2022-02-24","0.01","0.1","0.0",,"42","29",,,,,,,
"USW00094290","SEATTLE SAND POINT WEATHER FORECAST OFFICE, WA US","2022-02-25","0.00","0.0","0.0",,"50","25",,,,,,,
"USW00094290","SEATTLE SAND POINT WEATHER FORECAST OFFICE, WA US","2022-02-26","0.42","0.0","0.0",,"52","29",,,,,,,
"USW00094290","SEATTLE SAND POINT WEATHER FORECAST OFFICE, WA US","2022-02-27","0.86","0.0","0.0",,"51","41",,,,,,,
"USW00094290","SEATTLE SAND POINT WEATHER FORECAST OFFICE, WA US","2022-02-28","1.65","0.0","0.0",,"54","47",,,,,,,
"USW00094290","SEATTLE SAND POINT WEATHER FORECAST OFFICE, WA US","2022-03-01","0.06","0.0","0.0",,"60","47",,,,,,,
"USW00094290","SEATTLE SAND POINT WEATHER FORECAST OFFICE, WA US","2022-03-02","0.17","0.0","0.0",,"51","46",,,,,,,
"USW00094290","SEATTLE SAND POINT WEATHER FORECAST OFFICE, WA US","2022-03-03","0.10","0.0","0.0",,"50","42",,,,,,,
"USW00094290","SEATTLE SAND POINT WEATHER FORECAST OFFICE, WA US","2022-03-04","0.05","0.0","0.0",,"49","38",,,,,,,
"USW00094290","SEATTLE SAND POINT WEATHER FORECAST OFFICE, WA US","2022-03-05","0.00","0.0","0.0",,"53","38",,,,,,,
"USW00094290","SEATTLE SAND POINT WEATHER FORECAST OFFICE, WA US","2022-03-06","0.00","0.0","0.0",,"53","34","    1","    1",,,,,
"USW00094290","SEATTLE SAND POINT WEATHER FORECAST OFFICE, WA US","2022-03-07","0.00","0.0","0.0",,"50","34","    1","    1",,,,,
"USW00094290","SEATTLE SAND POINT WEATHER FORECAST OFFICE, WA US","2022-03-08","0.12","0.0","0.0",,"49","35","    1","    1",,,,,
"USW00094290","SEATTLE SAND POINT WEATHER FORECAST OFFICE, WA US","2022-03-09","0.00","0.0","0.0",,"49","30","    1",,,,,,
"USW00094290","SEATTLE SAND POINT WEATHER FORECAST OFFICE, WA US","2022-03-10","0.00","0.0","0.0",,"48","28",,,,,,,
"USW00094290","SEATTLE SAND POINT WEATHER FORECAST OFFICE, WA US","2022-03-11","0.00","0.0","0.0",,"49","39",,,,,,,
"USW00094290","SEATTLE SAND POINT WEATHER FORECAST OFFICE, WA US","2022-03-12","0.02","0.0","0.0",,"58","41",,,,,,,
"USW00094290","SEATTLE SAND POINT WEATHER FORECAST OFFICE, WA US","2022-03-13","0.08","0.0","0.0",,"55","42","    1",,,,,,
"USW00094290","SEATTLE SAND POINT WEATHER FORECAST OFFICE, WA US","2022-03-14","0.38","0.0","0.0",,"51","44","    1",,,,,,
"USW00094290","SEATTLE SAND POINT WEATHER FORECAST OFFICE, WA US","2022-03-15","0.13","0.0","0.0",,"54","44",,,,,,,
"USW00094290","SEATTLE SAND POINT WEATHER FORECAST OFFICE, WA US","2022-03-16","0.00","0.0","0.0",,"56","43",,,,,,,
"USW00094290","SEATTLE SAND POINT WEATHER FORECAST OFFICE, WA US","2022-03-17","0.14","0.0","0.0",,"51","42",,,,,,,
"USW00094290","SEATTLE SAND POINT WEATHER FORECAST OFFICE, WA US","2022-03-18","0.26","0.0","0.0",,"56","45",,,,,,,
"USW00094290","SEATTLE SAND POINT WEATHER FORECAST OFFICE, WA US","2022-03-19","0.35","0.0","0.0",,"47","37",,,,,,,
"USW00094290","SEATTLE SAND POINT WEATHER FORECAST OFFICE, WA US","2022-03-20","0.15","0.0","0.0",,"48","40",,,,,,,
"USW00094290","SEATTLE SAND POINT WEATHER FORECAST OFFICE, WA US","2022-03-21","0.46","0.0","0.0",,"51","42",,,,,,,
"USW00094290","SEATTLE SAND POINT WEATHER FORECAST OFFICE, WA US","2022-03-22","0.06","0.0","0.0",,"65","47",,,,,,,
"USW00094290","SEATTLE SAND POINT WEATHER FORECAST OFFICE, WA US","2022-03-23","0.19","0.0","0.0",,"55","40",,,,,,,
"USW00094290","SEATTLE SAND POINT WEATHER FORECAST OFFICE, WA US","2022-03-24","0.00","0.0","0.0",,"57","39",,,,,,,
"USW00094290","SEATTLE SAND POINT WEATHER FORECAST OFFICE, WA US","2022-03-25","0.00","0.0","0.0",,"60","43",,,,,,,
"USW00094290","SEATTLE SAND POINT WEATHER FORECAST OFFICE, WA US","2022-03-26","0.01","0.0","0.0",,"60","45",,,,,,,
"USW00094290","SEATTLE SAND POINT WEATHER FORECAST OFFICE, WA US","2022-03-27","0.00","0.0","0.0",,"63","46",,,,,,,
"USW00094290","SEATTLE SAND POINT WEATHER FORECAST OFFICE, WA US","2022-03-28","0.00","0.0","0.0",,"53","45",,,,,,,
"USW00094290","SEATTLE SAND POINT WEATHER FORECAST OFFICE, WA US","2022-03-29","0.00","0.0","0.0",,"61","43",,,,,,,
"USW00094290","SEATTLE SAND POINT WEATHER FORECAST OFFICE, WA US","2022-03-30","0.35","0.0","0.0",,"55","43",,,,,,,
"USW00094290","SEATTLE SAND POINT WEATHER FORECAST OFFICE, WA US","2022-03-31","0.07","0.0","0.0",,"55","40",,,,,,,
"USW00094290","SEATTLE SAND POINT WEATHER FORECAST OFFICE, WA US","2022-04-01","0.07","0.0","0.0",,"56","42",,,,,,,
"USW00094290","SEATTLE SAND POINT WEATHER FORECAST OFFICE, WA US","2022-04-02","0.11","0.0","0.0",,"57","43",,,,,,,
"USW00094290","SEATTLE SAND POINT WEATHER FORECAST OFFICE, WA US","2022-04-03","0.47","0.0","0.0",,"53","45",,,,,,,
"USW00094290","SEATTLE SAND POINT WEATHER FORECAST OFFICE, WA US","2022-04-04","0.28","0.0","0.0",,"52","41",,,,,,,
"USW00094290","SEATTLE SAND POINT WEATHER FORECAST OFFICE, WA US","2022-04-05","0.11","0.0","0.0",,"56","39",,,,,,,
"USW00094290","SEATTLE SAND POINT WEATHER FORECAST OFFICE, WA US","2022-04-06","0.00","0.0","0.0",,"62","36",,,,,,,
"USW00094290","SEATTLE SAND POINT WEATHER FORECAST OFFICE, WA US","2022-04-07","0.00","0.0","0.0",,"74","45",,,,,,,
"USW00094290","SEATTLE SAND POINT WEATHER FORECAST OFFICE, WA US","2022-04-08","0.07","0.0","0.0",,"57","44",,,,,,,
"USW00094290","SEATTLE SAND POINT WEATHER FORECAST OFFICE, WA US","2022-04-09","0.21","0.0","0.0",,"51","37",,,,,"    1",,
"USW00094290","SEATTLE SAND POINT WEATHER FORECAST OFFICE, WA US","2022-04-10","0.28","0.0","0.0",,"49","37",,,,,,,
"USW00094290","SEATTLE SAND POINT WEATHER FORECAST OFFICE, WA US","2022-04-11","0.01","0.0","0.0",,"52","38",,,,,,,
"USW00094290","SEATTLE SAND POINT WEATHER FORECAST OFFICE, WA US","2022-04-12","0.07","0.0","0.0",,"49","35",,,,,,,
"USW00094290","SEATTLE SAND POINT WEATHER FORECAST OFFICE, WA US","2022-04-13","0.00","0.0","0.0",,"49","34",,,,,,,
"USW00094290","SEATTLE SAND POINT WEATHER FORECAST OFFICE, WA US","2022-04-14","0.00","0.0","0.0",,"50","38",,,,,,,
"USW00094290","SEATTLE SAND POINT WEATHER FORECAST OFFICE, WA US","2022-04-15","0.00","0.0","0.0",,"53","39",,,,,,,
"USW00094290","SEATTLE SAND POINT WEATHER FORECAST OFFICE, WA US","2022-04-16","0.00","0.0","0.0",,"51","37",,,,,,,
"USW00094290","SEATTLE SAND POINT WEATHER FORECAST OFFICE, WA US","2022-04-17","0.00","0.0","0.0",,"59","40",,,,,,,
"USW00094290","SEATTLE SAND POINT WEATHER FORECAST OFFICE, WA US","2022-04-18","0.29","0.0","0.0",,"52","43",,,,,,,
"USW00094290","SEATTLE SAND POINT WEATHER FORECAST OFFICE, WA US","2022-04-19","0.01","0.0","0.0",,"57","40",,,,,,,
"USW00094290","SEATTLE SAND POINT WEATHER FORECAST OFFICE, WA US","2022-04-20","0.08","0.0","0.0",,"55","38",,,,,,,
"USW00094290","SEATTLE SAND POINT WEATHER FORECAST OFFICE, WA US","2022-04-21","0.19","0.0","0.0",,"58","41",,,,,,,
"USW00094290","SEATTLE SAND POINT WEATHER FORECAST OFFICE, WA US","2022-04-22","0.01","0.0","0.0",,"60","40",,,,,,,
"USW00094290","SEATTLE SAND POINT WEATHER FORECAST OFFICE, WA US","2022-04-23","0.00","0.0","0.0",,"62","44",,,,,,,
"USW00094290","SEATTLE SAND POINT WEATHER FORECAST OFFICE, WA US","2022-04-24","0.00","0.0","0.0",,"69","39",,,,,,,
"USW00094290","SEATTLE SAND POINT WEATHER FORECAST OFFICE, WA US","2022-04-25","0.22","0.0","0.0",,"59","46",,,,,,,
"USW00094290","SEATTLE SAND POINT WEATHER FORECAST OFFICE, WA US","2022-04-26","0.03","0.0","0.0",,"55","43",,,,,,,
"USW00094290","SEATTLE SAND POINT WEATHER FORECAST OFFICE, WA US","2022-04-27","0.07","0.0","0.0",,"58","40",,,,,,,
"USW00094290","SEATTLE SAND POINT WEATHER FORECAST OFFICE, WA US","2022-04-28","0.01","0.0","0.0",,"55","43",,,,,,,
"USW00094290","SEATTLE SAND POINT WEATHER FORECAST OFFICE, WA US","2022-04-29","0.04","0.0","0.0",,"62","45",,,,,,,
"USW00094290","SEATTLE SAND POINT WEATHER FORECAST OFFICE, WA US","2022-04-30","0.31","0.0","0.0",,"63","47",,,,,,,
"USW00094290","SEATTLE SAND POINT WEATHER FORECAST OFFICE, WA US","2022-05-01","0.00","0.0","0.0",,"64","45",,,,,,,
"USW00094290","SEATTLE SAND POINT WEATHER FORECAST OFFICE, WA US","2022-05-02","0.35","0.0","0.0",,"54","48",,,,,,,
"USW00094290","SEATTLE SAND POINT WEATHER FORECAST OFFICE, WA US","2022-05-03","0.01","0.0","0.0",,"58","48",,,,,,,
"USW00094290","SEATTLE SAND POINT WEATHER FORECAST OFFICE, WA US","2022-05-04","0.00","0.0","0.0",,"67","46",,,,,,,
"USW00094290","SEATTLE SAND POINT WEATHER FORECAST OFFICE, WA US","2022-05-05","0.39","0.0","0.0",,"53","46",,,,,,,
"USW00094290","SEATTLE SAND POINT WEATHER FORECAST OFFICE, WA US","2022-05-06","0.24","0.0","0.0",,"56","46",,,,,,,
"USW00094290","SEATTLE SAND POINT WEATHER FORECAST OFFICE, WA US","2022-05-07","0.19","0.0","0.0",,"56","44",,,,,,,
"USW00094290","SEATTLE SAND POINT WEATHER FORECAST OFFICE, WA US","2022-05-08","0.00","0.0","0.0",,"56","46",,,,,,,
"USW00094290","SEATTLE SAND POINT WEATHER FORECAST OFFICE, WA US","2022-05-09","0.00","0.0","0.0",,"60","43",,,,,,,
"USW00094290","SEATTLE SAND POINT WEATHER FORECAST OFFICE, WA US","2022-05-10","0.02","0.0","0.0",,"61","45",,,,,,,
"USW00094290","SEATTLE SAND POINT WEATHER FORECAST OFFICE, WA US","2022-05-11","0.00","0.0","0.0",,"62","44",,,,,,,
"USW00094290","SEATTLE SAND POINT WEATHER FORECAST OFFICE, WA US","2022-05-12","0.43","0.0","0.0",,"55","43",,,,,,,
"USW00094290","SEATTLE SAND POINT WEATHER FORECAST OFFICE, WA US","2022-05-13","0.00","0.0","0.0",,"60","42",,,,,,,
"USW00094290","SEATTLE SAND POINT WEATHER FORECAST OFFICE, WA US","2022-05-14","0.05","0.0","0.0",,"67","47",,,,,,,
"USW00094290","SEATTLE SAND POINT WEATHER FORECAST OFFICE, WA US","2022-05-15","0.60","0.0","0.0",,"61","52","    1",,,,,,
"USW00094290","SEATTLE SAND POINT WEATHER FORECAST OFFICE, WA US","2022-05-16","0.01","0.0","0.0",,"63","48",,,,,,,
"USW00094290","SEATTLE SAND POINT WEATHER FORECAST OFFICE, WA US","2022-05-17","0.00","0.0","0.0",,"61","45",,,,,,,
"USW00094290","SEATTLE SAND POINT WEATHER FORECAST OFFICE, WA US","2022-05-18","0.22","0.0","0.0",,"60","46",,,,,,,
"USW00094290","SEATTLE SAND POINT WEATHER FORECAST OFFICE, WA US","2022-05-19","0.05","0.0","0.0",,"59","44",,,,,,,
"USW00094290","SEATTLE SAND POINT WEATHER FORECAST OFFICE, WA US","2022-05-20","0.00","0.0","0.0",,"63","40",,,,,,,
"USW00094290","SEATTLE SAND POINT WEATHER FORECAST OFFICE, WA US","2022-05-21","0.00","0.0","0.0",,"66","44",,,,,,,
"USW00094290","SEATTLE SAND POINT WEATHER FORECAST OFFICE, WA US","2022-05-22","0.00","0.0","0.0",,"71","46",,,,,,,
"USW00094290","SEATTLE SAND POINT WEATHER FORECAST OFFICE, WA US","2022-05-23","0.00","0.0","0.0",,"66","52",,,,,,,
"USW00094290","SEATTLE SAND POINT WEATHER FORECAST OFFICE, WA US","2022-05-24","0.01","0.0","0.0",,"62","50",,,,,,,
"USW00094290","SEATTLE SAND POINT WEATHER FORECAST OFFICE, WA US","2022-05-25","0.03","0.0","0.0",,"70","52",,,,,,,
"USW00094290","SEATTLE SAND POINT WEATHER FORECAST OFFICE, WA US","2022-05-26","0.10","0.0","0.0",,"68","51",,,,,,,
"USW00094290","SEATTLE SAND POINT WEATHER FORECAST OFFICE, WA US","2022-05-27","0.01","0.0","0.0",,"64","52",,,,,,,
"USW00094290","SEATTLE SAND POINT WEATHER FORECAST OFFICE, WA US","2022-05-28","0.12","0.0","0.0",,"60","49",,,,,,,
"USW00094290","SEATTLE SAND POINT WEATHER FORECAST OFFICE, WA US","2022-05-29","0.96","0.0","0.0",,"54","49",,,,,,,
"USW00094290","SEATTLE SAND POINT WEATHER FORECAST OFFICE, WA US","2022-05-30","0.01","0.0","0.0",,"61","48",,,,,,,
"USW00094290","SEATTLE SAND POINT WEATHER FORECAST OFFICE, WA US","2022-05-31","0.00","0.0","0.0",,"68","47",,,,,,,
"USW00094290","SEATTLE SAND POINT WEATHER FORECAST OFFICE, WA US","2022-06-01","0.02","0.0","0.0",,"73","54",,,,,,,
"USW00094290","SEATTLE SAND POINT WEATHER FORECAST OFFICE, WA US","2022-06-02","0.13","0.0","0.0",,"73","55",,,"    1",,,,
"USW00094290","SEATTLE SAND POINT WEATHER FORECAST OFFICE, WA US","2022-06-03","0.14","0.0","0.0",,"66","55",,,"    1",,,,
"USW00094290","SEATTLE SAND POINT WEATHER FORECAST OFFICE, WA US","2022-06-04","0.28","0.0","0.0",,"70","55",,,,,,,
"USW00094290","SEATTLE SAND POINT WEATHER FORECAST OFFICE, WA US","2022-06-05","0.55","0.0","0.0",,"66","52","    1",,,,,,
"USW00094290","SEATTLE SAND POINT WEATHER FORECAST OFFICE, WA US","2022-06-06","0.04","0.0","0.0",,"66","51",,,,,,,
"USW00094290","SEATTLE SAND POINT WEATHER FORECAST OFFICE, WA US","2022-06-07","0.00","0.0","0.0",,"73","47",,,,,,,
"USW00094290","SEATTLE SAND POINT WEATHER FORECAST OFFICE, WA US","2022-06-08","0.00","0.0","0.0",,"70","57",,,,,,,
"USW00094290","SEATTLE SAND POINT WEATHER FORECAST OFFICE, WA US","2022-06-09","1.03","0.0","0.0",,"60","55",,,,,,,
"USW00094290","SEATTLE SAND POINT WEATHER FORECAST OFFICE, WA US","2022-06-10","0.11","0.0","0.0",,"69","55",,,,,,,
"USW00094290","SEATTLE SAND POINT WEATHER FORECAST OFFICE, WA US","2022-06-11","0.02","0.0","0.0",,"72","56",,,,,,,
"USW00094290","SEATTLE SAND POINT WEATHER FORECAST OFFICE, WA US","2022-06-12","0.07","0.0","0.0",,"61","51",,,,,,,
"USW00094290","SEATTLE SAND POINT WEATHER FORECAST OFFICE, WA US","2022-06-13","0.00","0.0","0.0",,"62","49",,,,,,,
"USW00094290","SEATTLE SAND POINT WEATHER FORECAST OFFICE, WA US","2022-06-14","0.14","0.0","0.0",,"61","49",,,,,,,
"USW00094290","SEATTLE SAND POINT WEATHER FORECAST OFFICE, WA US","2022-06-15","0.00","0.0","0.0",,"62","51",,,,,,,
"USW00094290","SEATTLE SAND POINT WEATHER FORECAST OFFICE, WA US","2022-06-16","0.00","0.0","0.0",,"69","49",,,,,,,
"USW00094290","SEATTLE SAND POINT WEATHER FORECAST OFFICE, WA US","2022-06-17","0.16","0.0","0.0",,"59","54",,,,,,,
"USW00094290","SEATTLE SAND POINT WEATHER FORECAST OFFICE, WA US","2022-06-18","0.00","0.0","0.0",,"63","53",,,,,,,
"USW00094290","SEATTLE SAND POINT WEATHER FORECAST OFFICE, WA US","2022-06-19","0.00","0.0","0.0",,"69","53",,,,,,,
"USW00094290","SEATTLE SAND POINT WEATHER FORECAST OFFICE, WA US","2022-06-20","0.02","0.0","0.0",,"67","52",,,,,,,
"USW00094290","SEATTLE SAND POINT WEATHER FORECAST OFFICE, WA US","2022-06-21","0.00","0.0","0.0",,"78","54",,,,,,,
"USW00094290","SEATTLE SAND POINT WEATHER FORECAST OFFICE, WA US","2022-06-22","0.00","0.0","0.0",,"68","55",,,,,,,
"USW00094290","SEATTLE SAND POINT WEATHER FORECAST OFFICE, WA US","2022-06-23","0.00","0.0","0.0",,"71","51",,,,,,,
"USW00094290","SEATTLE SAND POINT WEATHER FORECAST OFFICE, WA US","2022-06-24","0.00","0.0","0.0",,"75","51",,,,,,,
"USW00094290","SEATTLE SAND POINT WEATHER FORECAST OFFICE, WA US","2022-06-25","0.00","0.0","0.0",,"82","56",,,,,,,
"USW00094290","SEATTLE SAND POINT WEATHER FORECAST OFFICE, WA US","2022-06-26","0.00","0.0","0.0",,"86","59",,,,,,,
"USW00094290","SEATTLE SAND POINT WEATHER FORECAST OFFICE, WA US","2022-06-27","0.00","0.0","0.0",,"93","60",,,,,,,
"USW00094290","SEATTLE SAND POINT WEATHER FORECAST OFFICE, WA US","2022-06-28","0.00","0.0","0.0",,"69","57",,,,,,,
"USW00094290","SEATTLE SAND POINT WEATHER FORECAST OFFICE, WA US","2022-06-29","0.00","0.0","0.0",,"66","56",,,,,,,
"USW00094290","SEATTLE SAND POINT WEATHER FORECAST OFFICE, WA US","2022-06-30","0.00","0.0","0.0",,"73","52",,,,,,,
"USW00094290","SEATTLE SAND POINT WEATHER FORECAST OFFICE, WA US","2022-07-01","0.00","0.0","0.0",,"78","54",,,,,,,
"USW00094290","SEATTLE SAND POINT WEATHER FORECAST OFFICE, WA US","2022-07-02","0.00","0.0","0.0",,"70","55",,,,,,,
"USW00094290","SEATTLE SAND POINT WEATHER FORECAST OFFICE, WA US","2022-07-03","0.07","0.0","0.0",,"60","54",,,,,,,
"USW00094290","SEATTLE SAND POINT WEATHER FORECAST OFFICE, WA US","2022-07-04","0.00","0.0","0.0",,"71","53",,,,,,,
"USW00094290","SEATTLE SAND POINT WEATHER FORECAST OFFICE, WA US","2022-07-05","0.04","0.0","0.0",,"76","51",,,,,,,
"USW00094290","SEATTLE SAND POINT WEATHER FORECAST OFFICE, WA US","2022-07-06","0.04","0.0","0.0",,"75","60",,,,,,,
"USW00094290","SEATTLE SAND POINT WEATHER FORECAST OFFICE, WA US","2022-07-07","0.01","0.0","0.0",,"77","58",,,,,,,
"USW00094290","SEATTLE SAND POINT WEATHER FORECAST OFFICE, WA US","2022-07-08","0.00","0.0","0.0",,"77","59",,,,,,,
"USW00094290","SEATTLE SAND POINT WEATHER FORECAST OFFICE, WA US","2022-07-09","0.00","0.0","0.0",,"77","56",,,,,,,
"USW00094290","SEATTLE SAND POINT WEATHER FORECAST OFFICE, WA US","2022-07-10","0.00","0.0","0.0",,"77","60",,,,,,,
"USW00094290","SEATTLE SAND POINT WEATHER FORECAST OFFICE, WA US","2022-07-11","0.00","0.0","0.0",,"83","60",,,,,,,
"USW00094290","SEATTLE SAND POINT WEATHER FORECAST OFFICE, WA US","2022-07-12","0.00","0.0","0.0",,"84","58",,,,,,,
"USW00094290","SEATTLE SAND POINT WEATHER FORECAST OFFICE, WA US","2022-07-13","0.00","0.0","0.0",,"74","58",,,,,,,
"USW00094290","SEATTLE SAND POINT WEATHER FORECAST OFFICE, WA US","2022-07-14","0.00","0.0","0.0",,"78","55",,,,,,,
"USW00094290","SEATTLE SAND POINT WEATHER FORECAST OFFICE, WA US","2022-07-15","0.00","0.0","0.0",,"80","56",,,,,,,
"USW00094290","SEATTLE SAND POINT WEATHER FORECAST OFFICE, WA US","2022-07-16","0.00","0.0","0.0",,"74","59",,,,,,,
"USW00094290","SEATTLE SAND POINT WEATHER FORECAST OFFICE, WA US","2022-07-17","0.00","0.0","0.0",,"70","58",,,,,,,
"USW00094290","SEATTLE SAND POINT WEATHER FORECAST OFFICE, WA US","2022-07-18","0.03","0.0","0.0",,"74","55",,,,,,,
"USW00094290","SEATTLE SAND POINT WEATHER FORECAST OFFICE, WA US","2022-07-19","0.00","0.0","0.0",,"80","57",,,,,,,
"USW00094290","SEATTLE SAND POINT WEATHER FORECAST OFFICE, WA US","2022-07-20","0.00","0.0","0.0",,"84","60",,,,,,,
"USW00094290","SEATTLE SAND POINT WEATHER FORECAST OFFICE, WA US","2022-07-21","0.00","0.0","0.0",,"83","58",,,,,,,
"USW00094290","SEATTLE SAND POINT WEATHER FORECAST OFFICE, WA US","2022-07-22","0.00","0.0","0.0",,"75","57",,,,,,,
"USW00094290","SEATTLE SAND POINT WEATHER FORECAST OFFICE, WA US","2022-07-23","0.00","0.0","0.0",,"74","57",,,,,,,
"USW00094290","SEATTLE SAND POINT WEATHER FORECAST OFFICE, WA US","2022-07-24","0.00","0.0","0.0",,"82","58",,,,,,,
"USW00094290","SEATTLE SAND POINT WEATHER FORECAST OFFICE, WA US","2022-07-25","0.00","0.0","0.0",,"85","58",,,,,,,
"USW00094290","SEATTLE SAND POINT WEATHER FORECAST OFFICE, WA US","2022-07-26","0.00","0.0","0.0",,"94","64",,,,,,,
"USW00094290","SEATTLE SAND POINT WEATHER FORECAST OFFICE, WA US","2022-07-27","0.00","0.0","0.0",,"91","67",,,,,,,
"USW00094290","SEATTLE SAND POINT WEATHER FORECAST OFFICE, WA US","2022-07-28","0.00","0.0","0.0",,"92","65",,,,,,,
"USW00094290","SEATTLE SAND POINT WEATHER FORECAST OFFICE, WA US","2022-07-29","0.00","0.0","0.0",,"93","66",,,,,,,
"USW00094290","SEATTLE SAND POINT WEATHER FORECAST OFFICE, WA US","2022-07-30","0.00","0.0","0.0",,"91","67",,,,,,,
"USW00094290","SEATTLE SAND POINT WEATHER FORECAST OFFICE, WA US","2022-07-31","0.00","0.0","0.0",,"93","66",,,,,,,
"USW00094290","SEATTLE SAND POINT WEATHER FORECAST OFFICE, WA US","2022-08-01","0.00","0.0","0.0",,"83","65",,,,,,,
"USW00094290","SEATTLE SAND POINT WEATHER FORECAST OFFICE, WA US","2022-08-02","0.00","0.0","0.0",,"78",,,,,,,,
"USW00094290","SEATTLE SAND POINT WEATHER FORECAST OFFICE, WA US","2022-08-03","0.00","0.0","0.0",,"78",,,,,,,,
"USW00094290","SEATTLE SAND POINT WEATHER FORECAST OFFICE, WA US","2022-08-04","0.01","0.0","0.0",,"66","58",,,,,,,
"USW00094290","SEATTLE SAND POINT WEATHER FORECAST OFFICE, WA US","2022-08-05","0.00","0.0","0.0",,"75","55",,,,,,,
"USW00094290","SEATTLE SAND POINT WEATHER FORECAST OFFICE, WA US","2022-08-06","0.00","0.0","0.0",,"83","55",,,,,,,
"USW00094290","SEATTLE SAND POINT WEATHER FORECAST OFFICE, WA US","2022-08-07","0.00","0.0","0.0",,"87","59",,,,,,,
"USW00094290","SEATTLE SAND POINT WEATHER FORECAST OFFICE, WA US","2022-08-08","0.00","0.0","0.0",,"89","60",,,,,,,
"USW00094290","SEATTLE SAND POINT WEATHER FORECAST OFFICE, WA US","2022-08-09","0.00","0.0","0.0",,"79","59",,,,,,,
"USW00094290","SEATTLE SAND POINT WEATHER FORECAST OFFICE, WA US","2022-08-10","0.01","0.0","0.0",,"74","59",,,,,,,
"USW00094290","SEATTLE SAND POINT WEATHER FORECAST OFFICE, WA US","2022-08-11","0.00","0.0","0.0",,"81","55",,,,,,,
"USW00094290","SEATTLE SAND POINT WEATHER FORECAST OFFICE, WA US","2022-08-12","0.00","0.0","0.0",,"81","56",,,,,,,
"USW00094290","SEATTLE SAND POINT WEATHER FORECAST OFFICE, WA US","2022-08-13","0.00","0.0","0.0",,"79","61",,,,,,,
"USW00094290","SEATTLE SAND POINT WEATHER FORECAST OFFICE, WA US","2022-08-14","0.00","0.0","0.0",,"81","56",,,,,,,
"USW00094290","SEATTLE SAND POINT WEATHER FORECAST OFFICE, WA US","2022-08-15","0.00","0.0","0.0",,"84","56",,,,,,,
"USW00094290","SEATTLE SAND POINT WEATHER FORECAST OFFICE, WA US","2022-08-16","0.00","0.0","0.0",,"82","59",,,,,,,
"USW00094290","SEATTLE SAND POINT WEATHER FORECAST OFFICE, WA US","2022-08-17","0.00","0.0","0.0",,"88","60",,,,,,,
"USW00094290","SEATTLE SAND POINT WEATHER FORECAST OFFICE, WA US","2022-08-18","0.00","0.0","0.0",,"88","69",,,,,,,
"USW00094290","SEATTLE SAND POINT WEATHER FORECAST OFFICE, WA US","2022-08-19","0.02","0.0","0.0",,"79","65",,,,,,,
"USW00094290","SEATTLE SAND POINT WEATHER FORECAST OFFICE, WA US","2022-08-20","0.00","0.0","0.0",,"79","64",,,,,,,
"USW00094290","SEATTLE SAND POINT WEATHER FORECAST OFFICE, WA US","2022-08-21","0.00","0.0","0.0",,"82","64",,,,,,,
"USW00094290","SEATTLE SAND POINT WEATHER FORECAST OFFICE, WA US","2022-08-22","0.00","0.0","0.0",,"85","60",,,,,,,
"USW00094290","SEATTLE SAND POINT WEATHER FORECAST OFFICE, WA US","2022-08-23","0.00","0.0","0.0",,"81","58",,,,,,,
"USW00094290","SEATTLE SAND POINT WEATHER FORECAST OFFICE, WA US","2022-08-24","0.00","0.0","0.0",,"87","62",,,,,,,
"USW00094290","SEATTLE SAND POINT WEATHER FORECAST OFFICE, WA US","2022-08-25","0.00","0.0","0.0",,"89","63",,,,,,,
"USW00094290","SEATTLE SAND POINT WEATHER FORECAST OFFICE, WA US","2022-08-26","0.00","0.0","0.0",,"74","61",,,,,,,
"USW00094290","SEATTLE SAND POINT WEATHER FORECAST OFFICE, WA US","2022-08-27","0.03","0.0","0.0",,"71","56",,,,,,,
"USW00094290","SEATTLE SAND POINT WEATHER FORECAST OFFICE, WA US","2022-08-28","0.00","0.0","0.0",,"78","53",,,,,,,
"USW00094290","SEATTLE SAND POINT WEATHER FORECAST OFFICE, WA US","2022-08-29","0.00","0.0","0.0",,"83","57",,,,,,,
"USW00094290","SEATTLE SAND POINT WEATHER FORECAST OFFICE, WA US","2022-08-30","0.00","0.0","0.0",,"87","59",,,,,,,
"USW00094290","SEATTLE SAND POINT WEATHER FORECAST OFFICE, WA US","2022-08-31","0.00","0.0","0.0",,"89","62",,,,,,,
"USW00094290","SEATTLE SAND POINT WEATHER FORECAST OFFICE, WA US","2022-09-01","0.00","0.0","0.0",,"78","59",,,,,,,
"USW00094290","SEATTLE SAND POINT WEATHER FORECAST OFFICE, WA US","2022-09-02","0.00","0.0","0.0",,"83","58",,,,,,,
"USW00094290","SEATTLE SAND POINT WEATHER FORECAST OFFICE, WA US","2022-09-03","0.04","0.0","0.0",,"73","60",,,,,,,
"USW00094290","SEATTLE SAND POINT WEATHER FORECAST OFFICE, WA US","2022-09-04","0.06","0.0","0.0",,"77","60",,,,,,,
"USW00094290","SEATTLE SAND POINT WEATHER FORECAST OFFICE, WA US","2022-09-05","0.00","0.0","0.0",,"76","58",,,,,,,
"USW00094290","SEATTLE SAND POINT WEATHER FORECAST OFFICE, WA US","2022-09-06","0.00","0.0","0.0",,"78","55",,,,,,,
"USW00094290","SEATTLE SAND POINT WEATHER FORECAST OFFICE, WA US","2022-09-07","0.00","0.0","0.0",,"78","55",,,,,,,
"USW00094290","SEATTLE SAND POINT WEATHER FORECAST OFFICE, WA US","2022-09-08","0.00","0.0","0.0",,"72","51",,,,,,,
"USW00094290","SEATTLE SAND POINT WEATHER FORECAST OFFICE, WA US","2022-09-09","0.00","0.0","0.0",,"76","55",,,,,,,
"USW00094290","SEATTLE SAND POINT WEATHER FORECAST OFFICE, WA US","2022-09-10","0.00","0.0","0.0",,"88","56",,,,,,,"    1"
"USW00094290","SEATTLE SAND POINT WEATHER FORECAST OFFICE, WA US","2022-09-11","0.00","0.0","0.0",,"78","57",,,,,,,"    1"
"USW00094290","SEATTLE SAND POINT WEATHER FORECAST OFFICE, WA US","2022-09-12","0.00","0.0","0.0",,"76","61",,,,,,,"    1"
"USW00094290","SEATTLE SAND POINT WEATHER FORECAST OFFICE, WA US","2022-09-13","0.00","0.0","0.0",,"73","62",,,,,,,
"USW00094290","SEATTLE SAND POINT WEATHER FORECAST OFFICE, WA US","2022-09-14","0.00","0.0","0.0",,"72","60",,,,,,,"    1"
"USW00094290","SEATTLE SAND POINT WEATHER FORECAST OFFICE, WA US","2022-09-15","0.00","0.0","0.0",,"69","58",,,,,,,
"USW00094290","SEATTLE SAND POINT WEATHER FORECAST OFFICE, WA US","2022-09-16","0.00","0.0","0.0",,"68","57",,,,,,,
"USW00094290","SEATTLE SAND POINT WEATHER FORECAST OFFICE, WA US","2022-09-17","0.00","0.0","0.0",,"67","54",,,,,,,
"USW00094290","SEATTLE SAND POINT WEATHER FORECAST OFFICE, WA US","2022-09-18","0.00","0.0","0.0",,"74","53",,,,,,,
"USW00094290","SEATTLE SAND POINT WEATHER FORECAST OFFICE, WA US","2022-09-19","0.00","0.0","0.0",,"76","48",,,,,,,"    1"
"USW00094290","SEATTLE SAND POINT WEATHER FORECAST OFFICE, WA US","2022-09-20","0.00","0.0","0.0",,"76","53",,,,,,,"    1"
"USW00094290","SEATTLE SAND POINT WEATHER FORECAST OFFICE, WA US","2022-09-21","0.00","0.0","0.0",,"78","52",,,,,,,"    1"
"USW00094290","SEATTLE SAND POINT WEATHER FORECAST OFFICE, WA US","2022-09-22","0.00","0.0","0.0",,"73","52",,,,,,,
"USW00094290","SEATTLE SAND POINT WEATHER FORECAST OFFICE, WA US","2022-09-23","0.00","0.0","0.0",,"72","56",,,,,,,
"USW00094290","SEATTLE SAND POINT WEATHER FORECAST OFFICE, WA US","2022-09-24","0.00","0.0","0.0",,"74","55",,,,,,,
"USW00094290","SEATTLE SAND POINT WEATHER FORECAST OFFICE, WA US","2022-09-25","0.00","0.0","0.0",,"80","52",,,,,,,
"USW00094290","SEATTLE SAND POINT WEATHER FORECAST OFFICE, WA US","2022-09-26","0.00","0.0","0.0",,"80","54",,,,,,,
"USW00094290","SEATTLE SAND POINT WEATHER FORECAST OFFICE, WA US","2022-09-27","0.00","0.0","0.0",,"79","52",,,,,,,
"USW00094290","SEATTLE SAND POINT WEATHER FORECAST OFFICE, WA US","2022-09-28","0.03","0.0","0.0",,"67","55",,,,,,,
"USW00094290","SEATTLE SAND POINT WEATHER FORECAST OFFICE, WA US","2022-09-29","0.00","0.0","0.0",,"72","54",,,,,,,
"USW00094290","SEATTLE SAND POINT WEATHER FORECAST OFFICE, WA US","2022-09-30","0.00","0.0","0.0",,"72","56",,,,,,,
"USW00094290","SEATTLE SAND POINT WEATHER FORECAST OFFICE, WA US","2022-10-01","0.00","0.0","0.0",,"77","54",,,,,,,
"USW00094290","SEATTLE SAND POINT WEATHER FORECAST OFFICE, WA US","2022-10-02","0.00","0.0","0.0",,"80","53",,,,,,,
"USW00094290","SEATTLE SAND POINT WEATHER FORECAST OFFICE, WA US","2022-10-03","0.00","0.0","0.0",,"79","52",,,,,,,
"USW00094290","SEATTLE SAND POINT WEATHER FORECAST OFFICE, WA US","2022-10-04","0.00","0.0","0.0",,"65","52","    1","    1",,,,,
"USW00094290","SEATTLE SAND POINT WEATHER FORECAST OFFICE, WA US","2022-10-05","0.00","0.0","0.0",,"66","54","    1",,,,,,"    1"
"USW00094290","SEATTLE SAND POINT WEATHER FORECAST OFFICE, WA US","2022-10-06","0.00","0.0","0.0",,"76","54","    1",,,,,,
"USW00094290","SEATTLE SAND POINT WEATHER FORECAST OFFICE, WA US","2022-10-07","0.00","0.0","0.0",,"77","52",,,,,,,
"USW00094290","SEATTLE SAND POINT WEATHER FORECAST OFFICE, WA US","2022-10-08","0.00","0.0","0.0",,"77","53",,,,,,,"    1"
"USW00094290","SEATTLE SAND POINT WEATHER FORECAST OFFICE, WA US","2022-10-09","0.00","0.0","0.0",,"76","53",,,,,,,"    1"
"USW00094290","SEATTLE SAND POINT WEATHER FORECAST OFFICE, WA US","2022-10-10","0.00","0.0","0.0",,"72","50",,,,,,,
"USW00094290","SEATTLE SAND POINT WEATHER FORECAST OFFICE, WA US","2022-10-11","0.00","0.0","0.0",,"70","46",,,,,,,
"USW00094290","SEATTLE SAND POINT WEATHER FORECAST OFFICE, WA US","2022-10-12","0.00","0.0","0.0",,"70","47",,,,,,,
"USW00094290","SEATTLE SAND POINT WEATHER FORECAST OFFICE, WA US","2022-10-13","0.00","0.0","0.0",,"78","46",,,,,,,"    1"
"USW00094290","SEATTLE SAND POINT WEATHER FORECAST OFFICE, WA US","2022-10-14","0.00","0.0","0.0",,"76","47",,,,,,,"    1"
"USW00094290","SEATTLE SAND POINT WEATHER FORECAST OFFICE, WA US","2022-10-15","0.00","0.0","0.0",,"77","53",,,,,,,"    1"
"USW00094290","SEATTLE SAND POINT WEATHER FORECAST OFFICE, WA US","2022-10-16","0.00","0.0","0.0",,"88","56",,,,,,,"    1"
"USW00094290","SEATTLE SAND POINT WEATHER FORECAST OFFICE, WA US","2022-10-17","0.00","0.0","0.0",,"69","51",,,,,,,"    1"
"USW00094290","SEATTLE SAND POINT WEATHER FORECAST OFFICE, WA US","2022-10-18","0.00","0.0","0.0",,"71","48","    1",,,,,,"    1"
"USW00094290","SEATTLE SAND POINT WEATHER FORECAST OFFICE, WA US","2022-10-19","0.00","0.0","0.0",,"69","49","    1",,,,,,"    1"
"USW00094290","SEATTLE SAND POINT WEATHER FORECAST OFFICE, WA US","2022-10-20","0.00","0.0","0.0",,"63","47","    1",,,,,,"    1"
"USW00094290","SEATTLE SAND POINT WEATHER FORECAST OFFICE, WA US","2022-10-21","0.37","0.0","0.0",,"56","47","    1",,,,,,
"USW00094290","SEATTLE SAND POINT WEATHER FORECAST OFFICE, WA US","2022-10-22","0.62","0.0","0.0",,"54","44","    1",,,,,,
"USW00094290","SEATTLE SAND POINT WEATHER FORECAST OFFICE, WA US","2022-10-23","0.02","0.0","0.0",,"55","44",,,,,,,
"USW00094290","SEATTLE SAND POINT WEATHER FORECAST OFFICE, WA US","2022-10-24","0.11","0.0","0.0",,"55","47",,,,,,,
"USW00094290","SEATTLE SAND POINT WEATHER FORECAST OFFICE, WA US","2022-10-25","0.28","0.0","0.0",,"53","46",,,,,,,
"USW00094290","SEATTLE SAND POINT WEATHER FORECAST OFFICE, WA US","2022-10-26","0.00","0.0","0.0",,"53","46",,,,,,,
"USW00094290","SEATTLE SAND POINT WEATHER FORECAST OFFICE, WA US","2022-10-27","0.04","0.0","0.0",,"64","50",,,,,,,
"USW00094290","SEATTLE SAND POINT WEATHER FORECAST OFFICE, WA US","2022-10-28","0.60","0.0","0.0",,"57","46","    1",,,,,,
"USW00094290","SEATTLE SAND POINT WEATHER FORECAST OFFICE, WA US","2022-10-29","0.00","0.0","0.0",,"58","45",,,,,,,
"USW00094290","SEATTLE SAND POINT WEATHER FORECAST OFFICE, WA US","2022-10-30","0.50","0.0","0.0",,"57","51",,,,,,,
"USW00094290","SEATTLE SAND POINT WEATHER FORECAST OFFICE, WA US","2022-10-31","0.26","0.0","0.0",,"54","46","    1",,,,,,
"USW00094290","SEATTLE SAND POINT WEATHER FORECAST OFFICE, WA US","2022-11-01","0.15","0.0","0.0",,"52","40",,,,,,,
"USW00094290","SEATTLE SAND POINT WEATHER FORECAST OFFICE, WA US","2022-11-02","0.21","0.0","0.0",,"48","36",,,,,,,
"USW00094290","SEATTLE SAND POINT WEATHER FORECAST OFFICE, WA US","2022-11-03","0.51","0.0","0.0",,"44","40",,,,,,,
"USW00094290","SEATTLE SAND POINT WEATHER FORECAST OFFICE, WA US","2022-11-04","0.06","0.0","0.0",,"60","44",,,,,,,
"USW00094290","SEATTLE SAND POINT WEATHER FORECAST OFFICE, WA US","2022-11-05","0.00","0.0","0.0",,"53","42",,,,,,,
"USW00094290","SEATTLE SAND POINT WEATHER FORECAST OFFICE, WA US","2022-11-06","0.81","0.0","0.0",,"47","41",,,,,,,
"USW00094290","SEATTLE SAND POINT WEATHER FORECAST OFFICE, WA US","2022-11-07","0.32","0.0","0.0",,"45","38",,,,"    1",,,
"USW00094290","SEATTLE SAND POINT WEATHER FORECAST OFFICE, WA US","2022-11-08","0.00","0.0","0.0",,"44","36",,,,,,,
"USW00094290","SEATTLE SAND POINT WEATHER FORECAST OFFICE, WA US","2022-11-09","0.00","0.0","0.0",,"46","29",,,,,,,
"USW00094290","SEATTLE SAND POINT WEATHER FORECAST OFFICE, WA US","2022-11-10","0.00","0.0","0.0",,"49","38",,,,,,,
"USW00094290","SEATTLE SAND POINT WEATHER FORECAST OFFICE, WA US","2022-11-11","0.00","0.0","0.0",,"51","37",,,,,,,
"USW00094290","SEATTLE SAND POINT WEATHER FORECAST OFFICE, WA US","2022-11-12","0.00","0.0","0.0",,"52","34",,,,,,,
"USW00094290","SEATTLE SAND POINT WEATHER FORECAST OFFICE, WA US","2022-11-13","0.00","0.0","0.0",,"50","34",,,,,,,
"USW00094290","SEATTLE SAND POINT WEATHER FORECAST OFFICE, WA US","2022-11-14","0.00","0.0","0.0",,"54","34","    1",,,,,,
"USW00094290","SEATTLE SAND POINT WEATHER FORECAST OFFICE, WA US","2022-11-15","0.00","0.0","0.0",,"57","38",,,,,,,
"USW00094290","SEATTLE SAND POINT WEATHER FORECAST OFFICE, WA US","2022-11-16","0.00","0.0","0.0",,"55","34",,,,,,,
"USW00094290","SEATTLE SAND POINT WEATHER FORECAST OFFICE, WA US","2022-11-17","0.00","0.0","0.0",,"53","35",,,,,,,
"USW00094290","SEATTLE SAND POINT WEATHER FORECAST OFFICE, WA US","2022-11-18","0.00","0.0","0.0",,"53","32",,,,,,,
"USW00094290","SEATTLE SAND POINT WEATHER FORECAST OFFICE, WA US","2022-11-19","0.00","0.0","0.0",,"54","30",,,,,,,
"USW00094290","SEATTLE SAND POINT WEATHER FORECAST OFFICE, WA US","2022-11-20","0.00","0.0","0.0",,"52","29",,,,,,,
"USW00094290","SEATTLE SAND POINT WEATHER FORECAST OFFICE, WA US","2022-11-21","0.00","0.0","0.0",,"48","41",,,,,,,
"USW00094290","SEATTLE SAND POINT WEATHER FORECAST OFFICE, WA US","2022-11-22","1.00","0.0","0.0",,"49","44","    1",,,,,,
"USW00094290","SEATTLE SAND POINT WEATHER FORECAST OFFICE, WA US","2022-11-23","0.00","0.0","0.0",,"54","40",,,,,,,
"USW00094290","SEATTLE SAND POINT WEATHER FORECAST OFFICE, WA US","2022-11-24","0.00","0.0","0.0",,"53","33","    1",,,,,,
"USW00094290","SEATTLE SAND POINT WEATHER FORECAST OFFICE, WA US","2022-11-25","0.76","0.0","0.0",,"50","37",,,,,,,
"USW00094290","SEATTLE SAND POINT WEATHER FORECAST OFFICE, WA US","2022-11-26","0.02","0.0","0.0",,"47","38",,,,,,,
"USW00094290","SEATTLE SAND POINT WEATHER FORECAST OFFICE, WA US","2022-11-27","0.18","0.0","0.0",,"48","38",,,,,,,
"USW00094290","SEATTLE SAND POINT WEATHER FORECAST OFFICE, WA US","2022-11-28","0.07","0.0","0.0",,"43","27",,,,,,,
"USW00094290","SEATTLE SAND POINT WEATHER FORECAST OFFICE, WA US","2022-11-29","0.83","0.2","0.0",,"39","31",,,,,,,
"USW00094290","SEATTLE SAND POINT WEATHER FORECAST OFFICE, WA US","2022-11-30","0.23","0.0","0.0",,"42","32",,,,,,,
"USW00094290","SEATTLE SAND POINT WEATHER FORECAST OFFICE, WA US","2022-12-01","0.00","0.0","0.0",,"39","29",,,,,,,
"USW00094290","SEATTLE SAND POINT WEATHER FORECAST OFFICE, WA US","2022-12-02","0.19","0.1","0.0",,"41","29",,,,,,,
"USW00094290","SEATTLE SAND POINT WEATHER FORECAST OFFICE, WA US","2022-12-03","0.01","0.1","0.0",,"45","34",,,,,,,
"USW00094290","SEATTLE SAND POINT WEATHER FORECAST OFFICE, WA US","2022-12-04","0.09","0.0","0.0",,"38","33",,,,,,,
"USW00094290","SEATTLE SAND POINT WEATHER FORECAST OFFICE, WA US","2022-12-05","0.01","0.0","0.0",,"40","34",,,,,,,
"USW00094290","SEATTLE SAND POINT WEATHER FORECAST OFFICE, WA US","2022-12-06","0.01","0.0","0.0",,"44","36",,,,,,,
"USW00094290","SEATTLE SAND POINT WEATHER FORECAST OFFICE, WA US","2022-12-07","0.01","0.0","0.0",,"47","41",,,,,,,
"USW00094290","SEATTLE SAND POINT WEATHER FORECAST OFFICE, WA US","2022-12-08","0.20","0.0","0.0",,"44","40",,,,,,,
"USW00094290","SEATTLE SAND POINT WEATHER FORECAST OFFICE, WA US","2022-12-09","0.58","0.0","0.0",,"45","37",,,,,,,
"USW00094290","SEATTLE SAND POINT WEATHER FORECAST OFFICE, WA US","2022-12-10","0.47","0.0","0.0",,"45","41",,,,,,,
"USW00094290","SEATTLE SAND POINT WEATHER FORECAST OFFICE, WA US","2022-12-11","0.00","0.0","0.0",,"45","42",,,,,,,
"USW00094290","SEATTLE SAND POINT WEATHER FORECAST OFFICE, WA US","2022-12-12","0.02","0.0","0.0",,"46","35",,,,,,,
"USW00094290","SEATTLE SAND POINT WEATHER FORECAST OFFICE, WA US","2022-12-13","0.00","0.0","0.0",,"41","35",,,,,,,
"USW00094290","SEATTLE SAND POINT WEATHER FORECAST OFFICE, WA US","2022-12-14","0.00","0.0","0.0",,"45","31",,,,,,,
"USW00094290","SEATTLE SAND POINT WEATHER FORECAST OFFICE, WA US","2022-12-15","0.00","0.0","0.0",,"42","30",,,,,,,
"USW00094290","SEATTLE SAND POINT WEATHER FORECAST OFFICE, WA US","2022-12-16","0.00","0.0","0.0",,"46","30","    1",,,,,,
"USW00094290","SEATTLE SAND POINT WEATHER FORECAST OFFICE, WA US","2022-12-17","0.12","0.0","0.0",,"40","32","    1","    1",,,,,
"USW00094290","SEATTLE SAND POINT WEATHER FORECAST OFFICE, WA US","2022-12-18","0.02","0.2","0.0",,"42","31",,,,,,,
"USW00094290","SEATTLE SAND POINT WEATHER FORECAST OFFICE, WA US","2022-12-19","0.08","0.0","0.0",,"34","29",,,,,,,
"USW00094290","SEATTLE SAND POINT WEATHER FORECAST OFFICE, WA US","2022-12-20","0.49","1.2","0.0",,"38","29",,,,,,,
"USW00094290","SEATTLE SAND POINT WEATHER FORECAST OFFICE, WA US","2022-12-21","0.00","0.0","1.2",,"30","21",,,,,,,
"USW00094290","SEATTLE SAND POINT WEATHER FORECAST OFFICE, WA US","2022-12-22","0.00","0.0","1.2",,"27","19",,,,,,,
"USW00094290","SEATTLE SAND POINT WEATHER FORECAST OFFICE, WA US","2022-12-23","0.28","0.0","0.0",,"40","26","    1",,,,,"    1",
"USW00094290","SEATTLE SAND POINT WEATHER FORECAST OFFICE, WA US","2022-12-24","1.14","0.0","0.0",,"53","38",,,,,,,
"USW00094290","SEATTLE SAND POINT WEATHER FORECAST OFFICE, WA US","2022-12-25","1.08","0.0","0.0",,"51","46",,,,,,,
"USW00094290","SEATTLE SAND POINT WEATHER FORECAST OFFICE, WA US","2022-12-26","0.82","0.0","0.0",,"56","47","    1",,,,,,
"USW00094290","SEATTLE SAND POINT WEATHER FORECAST OFFICE, WA US","2022-12-27","0.81","0.0","0.0",,"53","45","    1",,,,,,
"USW00094290","SEATTLE SAND POINT WEATHER FORECAST OFFICE, WA US","2022-12-28","0.01","0.0","0.0",,"47","42",,,,,,,
"USW00094290","SEATTLE SAND POINT WEATHER FORECAST OFFICE, WA US","2022-12-29","0.31","0.0","0.0",,"46","40",,,,,,,
"USW00094290","SEATTLE SAND POINT WEATHER FORECAST OFFICE, WA US","2022-12-30","0.30","0.0","0.0",,"52","43",,,,,,,
"USW00094290","SEATTLE SAND POINT WEATHER FORECAST OFFICE, WA US","2022-12-31","0.01","0.0","0.0",,"49","43",,,,,,,
