"STATION","NAME","DATE","PRCP","SNOW","SNWD","TAVG","TMAX","TMIN","WDFG","WSFG"
"CA001108395","VANCOUVER INTERNATIONAL A, BC CA","2018-01-01","0.00","0.0",,"31","37","24","    0","0.0"
"CA001108395","VANCOUVER INTERNATIONAL A, BC CA","2018-01-02","0.00","0.0",,"32","37","26","    0","0.0"
"CA001108395","VANCOUVER INTERNATIONAL A, BC CA","2018-01-03","0.00","0.0",,"34","39","29","    0","0.0"
"CA001108395","VANCOUVER INTERNATIONAL A, BC CA","2018-01-04","0.00","0.0",,"38","42","35","    0","0.0"
"CA001108395","VANCOUVER INTERNATIONAL A, BC CA","2018-01-05","0.86","0.0",,"45","49","40","    0","0.0"
"CA001108395","VANCOUVER INTERNATIONAL A, BC CA","2018-01-06","0.04","0.0",,"45","49","41","   29","96.2"
"CA001108395","VANCOUVER INTERNATIONAL A, BC CA","2018-01-07","0.62","0.0",,"42","44","40","   11","82.8"
"CA001108395","VANCOUVER INTERNATIONAL A, BC CA","2018-01-08","0.47","0.0",,"44","46","43","    0","0.0"
"CA001108395","VANCOUVER INTERNATIONAL A, BC CA","2018-01-09","0.13","0.0",,"43","46","41","   26","120.8"
"CA001108395","VANCOUVER INTERNATIONAL A, BC CA","2018-01-10","0.00","0.0",,"40","44","36","    0","0.0"
"CA001108395","VANCOUVER INTERNATIONAL A, BC CA","2018-01-11","0.69","0.0",,"40","43","37","    0","0.0"
"CA001108395","VANCOUVER INTERNATIONAL A, BC CA","2018-01-12","0.79","0.0",,"39","42","36","    0","0.0"
"CA001108395","VANCOUVER INTERNATIONAL A, BC CA","2018-01-13","0.26","0.0",,"43","48","38","    0","0.0"
"CA001108395","VANCOUVER INTERNATIONAL A, BC CA","2018-01-14","0.00","0.0",,"38","42","34","    0","0.0"
"CA001108395","VANCOUVER INTERNATIONAL A, BC CA","2018-01-15","0.00","0.0",,"41","49","32","    5","67.1"
"CA001108395","VANCOUVER INTERNATIONAL A, BC CA","2018-01-16","0.15","0.0",,"49","52","46","   14","98.4"
"CA001108395","VANCOUVER INTERNATIONAL A, BC CA","2018-01-17","0.45","0.0",,"49","53","44","    5","125.3"
"CA001108395","VANCOUVER INTERNATIONAL A, BC CA","2018-01-18","0.08","0.0",,"47","50","43","   11","111.8"
"CA001108395","VANCOUVER INTERNATIONAL A, BC CA","2018-01-19","0.31","0.0",,"44","45","43","   13","98.4"
"CA001108395","VANCOUVER INTERNATIONAL A, BC CA","2018-01-20","0.26","0.0",,"44","46","41","   14","107.4"
"CA001108395","VANCOUVER INTERNATIONAL A, BC CA","2018-01-21","0.09","0.0",,"46","49","42","   13","185.7"
"CA001108395","VANCOUVER INTERNATIONAL A, BC CA","2018-01-22","0.13","0.0",,"43","47","39","   16","91.7"
"CA001108395","VANCOUVER INTERNATIONAL A, BC CA","2018-01-23","0.42","0.0",,"41","44","39","    7","120.8"
"CA001108395","VANCOUVER INTERNATIONAL A, BC CA","2018-01-24","0.52","0.0",,"45","49","42","   11","87.2"
"CA001108395","VANCOUVER INTERNATIONAL A, BC CA","2018-01-25","0.43","0.0",,"40","44","35","   10","82.8"
"CA001108395","VANCOUVER INTERNATIONAL A, BC CA","2018-01-26","0.15","0.0",,"40","44","35","   16","73.8"
"CA001108395","VANCOUVER INTERNATIONAL A, BC CA","2018-01-27","0.64","0.0",,"40","42","37","    7","140.9"
"CA001108395","VANCOUVER INTERNATIONAL A, BC CA","2018-01-28","0.59","0.0",,"44","48","39","    9","78.3"
"CA001108395","VANCOUVER INTERNATIONAL A, BC CA","2018-01-29","1.39","0.0",,"45","50","40","   15","116.3"
"CA001108395","VANCOUVER INTERNATIONAL A, BC CA","2018-01-30","0.06","0.0",,"42","46","37","   19","91.7"
"CA001108395","VANCOUVER INTERNATIONAL A, BC CA","2018-01-31","0.29","0.0",,"38","43","32","    0","0.0"
"CA001108395","VANCOUVER INTERNATIONAL A, BC CA","2018-02-01","0.44","0.0",,"41","43","38","    0","0.0"
"CA001108395","VANCOUVER INTERNATIONAL A, BC CA","2018-02-02","0.46","0.0",,"46","50","41","    0","0.0"
"CA001108395","VANCOUVER INTERNATIONAL A, BC CA","2018-02-03","0.20","0.0",,"46","49","44","    0","0.0"
"CA001108395","VANCOUVER INTERNATIONAL A, BC CA","2018-02-04","0.41","0.0",,"50","54","45","   28","73.8"
"CA001108395","VANCOUVER INTERNATIONAL A, BC CA","2018-02-05","0.02","0.0",,"44","48","40","   27","96.2"
"CA001108395","VANCOUVER INTERNATIONAL A, BC CA","2018-02-06","0.06","0.0",,"44","47","40","    0","0.0"
"CA001108395","VANCOUVER INTERNATIONAL A, BC CA","2018-02-07","0.08","0.0",,"47","49","45","    0","0.0"
"CA001108395","VANCOUVER INTERNATIONAL A, BC CA","2018-02-08","0.00","0.0",,"46","50","42","   27","136.5"
"CA001108395","VANCOUVER INTERNATIONAL A, BC CA","2018-02-09","0.01","0.0",,"41","44","37","   28","82.8"
"CA001108395","VANCOUVER INTERNATIONAL A, BC CA","2018-02-10","0.00","0.0",,"35","41","29","    0","0.0"
"CA001108395","VANCOUVER INTERNATIONAL A, BC CA","2018-02-11","0.00","0.0",,"39","44","34","   29","78.3"
"CA001108395","VANCOUVER INTERNATIONAL A, BC CA","2018-02-12","0.00","0.0",,"33","40","26","    6","87.2"
"CA001108395","VANCOUVER INTERNATIONAL A, BC CA","2018-02-13","0.02","0.1","0.0","35","43","28","    7","78.3"
"CA001108395","VANCOUVER INTERNATIONAL A, BC CA","2018-02-14","0.24","0.0","0.4","38","44","33","   30","82.8"
"CA001108395","VANCOUVER INTERNATIONAL A, BC CA","2018-02-15","0.00","0.0",,"36","42","30","    0","0.0"
"CA001108395","VANCOUVER INTERNATIONAL A, BC CA","2018-02-16","0.20","0.0",,"42","47","37","   27","78.3"
"CA001108395","VANCOUVER INTERNATIONAL A, BC CA","2018-02-17","0.75","0.4",,"41","48","35","   21","116.3"
"CA001108395","VANCOUVER INTERNATIONAL A, BC CA","2018-02-18","0.42","2.0","1.6","34","41","27","    9","125.3"
"CA001108395","VANCOUVER INTERNATIONAL A, BC CA","2018-02-19","0.00","0.0","0.8","27","33","20","    0","0.0"
"CA001108395","VANCOUVER INTERNATIONAL A, BC CA","2018-02-20","0.00","0.0","0.8","30","36","24","    0","0.0"
"CA001108395","VANCOUVER INTERNATIONAL A, BC CA","2018-02-21","0.04","0.9","0.4","26","30","22","    0","0.0"
"CA001108395","VANCOUVER INTERNATIONAL A, BC CA","2018-02-22","0.00","0.0","1.2","27","36","18","   19","67.1"
"CA001108395","VANCOUVER INTERNATIONAL A, BC CA","2018-02-23","0.17","4.3","0.4","29","32","25","    8","82.8"
"CA001108395","VANCOUVER INTERNATIONAL A, BC CA","2018-02-24","0.17","2.4","5.9","34","39","29","    7","82.8"
"CA001108395","VANCOUVER INTERNATIONAL A, BC CA","2018-02-25","0.00","0.0","4.3","40","44","36","   24","107.4"
"CA001108395","VANCOUVER INTERNATIONAL A, BC CA","2018-02-26","0.00","0.0","0.4","35","43","27","   29","67.1"
"CA001108395","VANCOUVER INTERNATIONAL A, BC CA","2018-02-27","0.01","0.0",,"41","46","36","   26","96.2"
"CA001108395","VANCOUVER INTERNATIONAL A, BC CA","2018-02-28","0.46","0.0",,"39","42","37","    7","102.9"
"CA001108395","VANCOUVER INTERNATIONAL A, BC CA","2018-03-01","0.08","0.0",,"42","50","34","    8","107.4"
"CA001108395","VANCOUVER INTERNATIONAL A, BC CA","2018-03-02","0.27","0.0",,"36","41","31","    0","0.0"
"CA001108395","VANCOUVER INTERNATIONAL A, BC CA","2018-03-03","0.10","0.0",,"40","45","35","    0","0.0"
"CA001108395","VANCOUVER INTERNATIONAL A, BC CA","2018-03-04","0.01","0.0",,"39","46","33","    8","67.1"
"CA001108395","VANCOUVER INTERNATIONAL A, BC CA","2018-03-05","0.00","0.0",,"40","45","34","    0","0.0"
"CA001108395","VANCOUVER INTERNATIONAL A, BC CA","2018-03-06","0.00","0.0",,"40","47","33","    0","0.0"
"CA001108395","VANCOUVER INTERNATIONAL A, BC CA","2018-03-07","0.00","0.0",,"37","44","29","    0","0.0"
"CA001108395","VANCOUVER INTERNATIONAL A, BC CA","2018-03-08","0.66","0.0",,"43","47","40","    0","0.0"
"CA001108395","VANCOUVER INTERNATIONAL A, BC CA","2018-03-09","0.01","0.0",,"43","47","39","   28","136.5"
"CA001108395","VANCOUVER INTERNATIONAL A, BC CA","2018-03-10","0.00","0.0",,"38","47","30","    0","0.0"
"CA001108395","VANCOUVER INTERNATIONAL A, BC CA","2018-03-11","0.00","0.0",,"41","50","31","    0","0.0"
"CA001108395","VANCOUVER INTERNATIONAL A, BC CA","2018-03-12","0.00","0.0",,"45","54","35","    0","0.0"
"CA001108395","VANCOUVER INTERNATIONAL A, BC CA","2018-03-13","0.36","0.0",,"46","52","39","    0","0.0"
"CA001108395","VANCOUVER INTERNATIONAL A, BC CA","2018-03-14","0.05","0.0",,"48","53","42","   14","82.8"
"CA001108395","VANCOUVER INTERNATIONAL A, BC CA","2018-03-15","0.00","0.0",,"42","50","33","   30","78.3"
"CA001108395","VANCOUVER INTERNATIONAL A, BC CA","2018-03-16","0.00","0.0",,"42","51","33","   30","73.8"
"CA001108395","VANCOUVER INTERNATIONAL A, BC CA","2018-03-17","0.00","0.0",,"43","53","33","   20","73.8"
"CA001108395","VANCOUVER INTERNATIONAL A, BC CA","2018-03-18","0.02","0.0",,"43","50","36","    0","0.0"
"CA001108395","VANCOUVER INTERNATIONAL A, BC CA","2018-03-19","0.00","0.0",,"44","51","37","    0","0.0"
"CA001108395","VANCOUVER INTERNATIONAL A, BC CA","2018-03-20","0.00","0.0",,"46","51","40","    0","0.0"
"CA001108395","VANCOUVER INTERNATIONAL A, BC CA","2018-03-21","0.03","0.0",,"44","53","34","    0","0.0"
"CA001108395","VANCOUVER INTERNATIONAL A, BC CA","2018-03-22","0.93","0.0",,"43","48","38","   10","91.7"
"CA001108395","VANCOUVER INTERNATIONAL A, BC CA","2018-03-23","0.01","0.0",,"42","47","37","   13","132.0"
"CA001108395","VANCOUVER INTERNATIONAL A, BC CA","2018-03-24","0.21","0.0",,"42","47","37","   27","71.6"
"CA001108395","VANCOUVER INTERNATIONAL A, BC CA","2018-03-25","0.01","0.0",,"41","49","33","   18","73.8"
"CA001108395","VANCOUVER INTERNATIONAL A, BC CA","2018-03-26","1.05","0.0",,"44","47","41","   13","87.2"
"CA001108395","VANCOUVER INTERNATIONAL A, BC CA","2018-03-27","0.35","0.0",,"51","56","45","   28","102.9"
"CA001108395","VANCOUVER INTERNATIONAL A, BC CA","2018-03-28","0.00","0.0",,"47","50","44","   29","98.4"
"CA001108395","VANCOUVER INTERNATIONAL A, BC CA","2018-03-29","0.23","0.0",,"45","47","43","    0","0.0"
"CA001108395","VANCOUVER INTERNATIONAL A, BC CA","2018-03-30","0.03","0.0",,"50","56","45","   23","87.2"
"CA001108395","VANCOUVER INTERNATIONAL A, BC CA","2018-03-31","0.00","0.0",,"44","52","36","    0","0.0"
"CA001108395","VANCOUVER INTERNATIONAL A, BC CA","2018-04-01","0.02","0.0",,"44","48","40","   29","120.8"
"CA001108395","VANCOUVER INTERNATIONAL A, BC CA","2018-04-02","0.00","0.0",,"41","50","32","   28","111.8"
"CA001108395","VANCOUVER INTERNATIONAL A, BC CA","2018-04-03","0.00","0.0",,"44","48","40","   20","98.4"
"CA001108395","VANCOUVER INTERNATIONAL A, BC CA","2018-04-04","0.25","0.0",,"44","48","40","    0","0.0"
"CA001108395","VANCOUVER INTERNATIONAL A, BC CA","2018-04-05","0.94","0.0",,"47","50","43","    7","67.1"
"CA001108395","VANCOUVER INTERNATIONAL A, BC CA","2018-04-06","0.08","0.0",,"53","60","47","    0","0.0"
"CA001108395","VANCOUVER INTERNATIONAL A, BC CA","2018-04-07","1.01","0.0",,"51","57","46","   12","154.3"
"CA001108395","VANCOUVER INTERNATIONAL A, BC CA","2018-04-08","0.17","0.0",,"50","54","46","   12","120.8"
"CA001108395","VANCOUVER INTERNATIONAL A, BC CA","2018-04-09","0.02","0.0",,"50","55","46","   13","87.2"
"CA001108395","VANCOUVER INTERNATIONAL A, BC CA","2018-04-10","0.15","0.0",,"49","57","41","   20","125.3"
"CA001108395","VANCOUVER INTERNATIONAL A, BC CA","2018-04-11","0.41","0.0",,"46","51","42","   11","125.3"
"CA001108395","VANCOUVER INTERNATIONAL A, BC CA","2018-04-12","0.02","0.0",,"46","53","39","   20","98.4"
"CA001108395","VANCOUVER INTERNATIONAL A, BC CA","2018-04-13","0.80","0.0",,"47","50","43","   15","102.9"
"CA001108395","VANCOUVER INTERNATIONAL A, BC CA","2018-04-14","0.02","0.0",,"48","54","42","   10","73.8"
"CA001108395","VANCOUVER INTERNATIONAL A, BC CA","2018-04-15","0.10","0.0",,"47","50","43","   30","102.9"
"CA001108395","VANCOUVER INTERNATIONAL A, BC CA","2018-04-16","0.65","0.0",,"46","48","44","   19","96.2"
"CA001108395","VANCOUVER INTERNATIONAL A, BC CA","2018-04-17","0.09","0.0",,"49","54","43","   20","98.4"
"CA001108395","VANCOUVER INTERNATIONAL A, BC CA","2018-04-18","0.00","0.0",,"47","53","40","   22","67.1"
"CA001108395","VANCOUVER INTERNATIONAL A, BC CA","2018-04-19","0.00","0.0",,"45","55","35","    0","0.0"
"CA001108395","VANCOUVER INTERNATIONAL A, BC CA","2018-04-20","0.15","0.0",,"51","57","46","   12","73.8"
"CA001108395","VANCOUVER INTERNATIONAL A, BC CA","2018-04-21","0.06","0.0",,"50","56","45","   21","102.9"
"CA001108395","VANCOUVER INTERNATIONAL A, BC CA","2018-04-22","0.00","0.0",,"46","55","36","   24","78.3"
"CA001108395","VANCOUVER INTERNATIONAL A, BC CA","2018-04-23","0.00","0.0",,"49","60","38","   31","73.8"
"CA001108395","VANCOUVER INTERNATIONAL A, BC CA","2018-04-24","0.00","0.0",,"49","60","39","   29","73.8"
"CA001108395","VANCOUVER INTERNATIONAL A, BC CA","2018-04-25","0.00","0.0",,"54","61","46","   30","82.8"
"CA001108395","VANCOUVER INTERNATIONAL A, BC CA","2018-04-26","0.00","0.0",,"53","65","41","    0","0.0"
"CA001108395","VANCOUVER INTERNATIONAL A, BC CA","2018-04-27","0.00","0.0",,"55","64","45","   12","116.3"
"CA001108395","VANCOUVER INTERNATIONAL A, BC CA","2018-04-28","0.24","0.0",,"52","55","50","    0","0.0"
"CA001108395","VANCOUVER INTERNATIONAL A, BC CA","2018-04-29","0.13","0.0",,"52","56","47","   22","67.1"
"CA001108395","VANCOUVER INTERNATIONAL A, BC CA","2018-04-30","0.00","0.0",,"53","58","49","   19","67.1"
"CA001108395","VANCOUVER INTERNATIONAL A, BC CA","2018-05-01","0.00","0.0",,"51","57","45","   28","73.8"
"CA001108395","VANCOUVER INTERNATIONAL A, BC CA","2018-05-02","0.00","0.0",,"53","61","45","    0","0.0"
"CA001108395","VANCOUVER INTERNATIONAL A, BC CA","2018-05-03","0.00","0.0",,"59","70","48","   19","73.8"
"CA001108395","VANCOUVER INTERNATIONAL A, BC CA","2018-05-04","0.00","0.0",,"54","59","49","   12","82.8"
"CA001108395","VANCOUVER INTERNATIONAL A, BC CA","2018-05-05","0.00","0.0",,"53","64","43","   30","78.3"
"CA001108395","VANCOUVER INTERNATIONAL A, BC CA","2018-05-06","0.02","0.0",,"60","67","53","    0","0.0"
"CA001108395","VANCOUVER INTERNATIONAL A, BC CA","2018-05-07","0.00","0.0",,"60","67","52","   11","78.3"
"CA001108395","VANCOUVER INTERNATIONAL A, BC CA","2018-05-08","0.00","0.0",,"56","67","46","   10","78.3"
"CA001108395","VANCOUVER INTERNATIONAL A, BC CA","2018-05-09","0.04","0.0",,"59","66","53","   21","73.8"
"CA001108395","VANCOUVER INTERNATIONAL A, BC CA","2018-05-10","0.00","0.0",,"54","59","48","   28","73.8"
"CA001108395","VANCOUVER INTERNATIONAL A, BC CA","2018-05-11","0.00","0.0",,"55","62","49","   20","71.6"
"CA001108395","VANCOUVER INTERNATIONAL A, BC CA","2018-05-12","0.00","0.0",,"56","65","46","   30","87.2"
"CA001108395","VANCOUVER INTERNATIONAL A, BC CA","2018-05-13","0.00","0.0",,"63","70","56","   30","71.6"
"CA001108395","VANCOUVER INTERNATIONAL A, BC CA","2018-05-14","0.00","0.0",,"65","77","52","    0","0.0"
"CA001108395","VANCOUVER INTERNATIONAL A, BC CA","2018-05-15","0.00","0.0",,"64","75","52","    0","0.0"
"CA001108395","VANCOUVER INTERNATIONAL A, BC CA","2018-05-16","0.00","0.0",,"61","66","55","   11","91.7"
"CA001108395","VANCOUVER INTERNATIONAL A, BC CA","2018-05-17","0.00","0.0",,"59","65","53","   19","71.6"
"CA001108395","VANCOUVER INTERNATIONAL A, BC CA","2018-05-18","0.00","0.0",,"61","66","55","   19","73.8"
"CA001108395","VANCOUVER INTERNATIONAL A, BC CA","2018-05-19","0.01","0.0",,"61","67","55","   21","71.6"
"CA001108395","VANCOUVER INTERNATIONAL A, BC CA","2018-05-20","0.00","0.0",,"62","68","55","    0","0.0"
"CA001108395","VANCOUVER INTERNATIONAL A, BC CA","2018-05-21","0.00","0.0",,"60","67","53","    0","0.0"
"CA001108395","VANCOUVER INTERNATIONAL A, BC CA","2018-05-22","0.00","0.0",,"59","68","49","    0","0.0"
"CA001108395","VANCOUVER INTERNATIONAL A, BC CA","2018-05-23","0.00","0.0",,"61","74","49","   12","71.6"
"CA001108395","VANCOUVER INTERNATIONAL A, BC CA","2018-05-24","0.00","0.0",,"62","68","55","   12","102.9"
"CA001108395","VANCOUVER INTERNATIONAL A, BC CA","2018-05-25","0.00","0.0",,"59","68","50","   20","73.8"
"CA001108395","VANCOUVER INTERNATIONAL A, BC CA","2018-05-26","0.00","0.0",,"59","67","51","   11","87.2"
"CA001108395","VANCOUVER INTERNATIONAL A, BC CA","2018-05-27","0.00","0.0",,"62","71","52","   21","67.1"
"CA001108395","VANCOUVER INTERNATIONAL A, BC CA","2018-05-28","0.00","0.0",,"61","69","54","   28","91.7"
"CA001108395","VANCOUVER INTERNATIONAL A, BC CA","2018-05-29","0.00","0.0",,"58","63","53","   29","98.4"
"CA001108395","VANCOUVER INTERNATIONAL A, BC CA","2018-05-30","0.00","0.0",,"57","62","52","   29","91.7"
"CA001108395","VANCOUVER INTERNATIONAL A, BC CA","2018-05-31","0.00","0.0",,"58","65","51","   19","91.7"
"CA001108395","VANCOUVER INTERNATIONAL A, BC CA","2018-06-01","0.02","0.0",,"57","63","51","   10","82.8"
"CA001108395","VANCOUVER INTERNATIONAL A, BC CA","2018-06-02","0.00","0.0",,"62","69","54","    0","0.0"
"CA001108395","VANCOUVER INTERNATIONAL A, BC CA","2018-06-03","0.02","0.0",,"57","60","53","   11","91.7"
"CA001108395","VANCOUVER INTERNATIONAL A, BC CA","2018-06-04","0.00","0.0",,"57","65","49","   18","82.8"
"CA001108395","VANCOUVER INTERNATIONAL A, BC CA","2018-06-05","0.01","0.0",,"57","63","51","   12","78.3"
"CA001108395","VANCOUVER INTERNATIONAL A, BC CA","2018-06-06","0.00","0.0",,"58","68","49","   20","96.2"
"CA001108395","VANCOUVER INTERNATIONAL A, BC CA","2018-06-07","0.00","0.0",,"58","64","51","   10","67.1"
"CA001108395","VANCOUVER INTERNATIONAL A, BC CA","2018-06-08","0.48","0.0",,"56","60","52","   12","96.2"
"CA001108395","VANCOUVER INTERNATIONAL A, BC CA","2018-06-09","0.01","0.0",,"54","61","48","   19","82.8"
"CA001108395","VANCOUVER INTERNATIONAL A, BC CA","2018-06-10","0.00","0.0",,"56","62","49","   19","111.8"
"CA001108395","VANCOUVER INTERNATIONAL A, BC CA","2018-06-11","0.00","0.0",,"56","64","49","   19","91.7"
"CA001108395","VANCOUVER INTERNATIONAL A, BC CA","2018-06-12","0.02","0.0",,"55","63","47","   33","91.7"
"CA001108395","VANCOUVER INTERNATIONAL A, BC CA","2018-06-13","0.43","0.0",,"58","64","53","    7","78.3"
"CA001108395","VANCOUVER INTERNATIONAL A, BC CA","2018-06-14","0.00","0.0",,"61","68","54","   22","67.1"
"CA001108395","VANCOUVER INTERNATIONAL A, BC CA","2018-06-15","0.00","0.0",,"62","68","55","   27","96.2"
"CA001108395","VANCOUVER INTERNATIONAL A, BC CA","2018-06-16","0.00","0.0",,"65","73","57","   30","96.2"
"CA001108395","VANCOUVER INTERNATIONAL A, BC CA","2018-06-17","0.00","0.0",,"64","76","52","   30","78.3"
"CA001108395","VANCOUVER INTERNATIONAL A, BC CA","2018-06-18","0.00","0.0",,"69","80","58","   11","82.8"
"CA001108395","VANCOUVER INTERNATIONAL A, BC CA","2018-06-19","0.00","0.0",,"68","76","60","   10","87.2"
"CA001108395","VANCOUVER INTERNATIONAL A, BC CA","2018-06-20","0.00","0.0",,"69","78","60","    0","0.0"
"CA001108395","VANCOUVER INTERNATIONAL A, BC CA","2018-06-21","0.00","0.0",,"64","71","58","   11","116.3"
"CA001108395","VANCOUVER INTERNATIONAL A, BC CA","2018-06-22","0.00","0.0",,"62","68","55","   11","87.2"
"CA001108395","VANCOUVER INTERNATIONAL A, BC CA","2018-06-23","0.00","0.0",,"63","70","56","   19","78.3"
"CA001108395","VANCOUVER INTERNATIONAL A, BC CA","2018-06-24","0.31","0.0",,"64","72","56","   30","116.3"
"CA001108395","VANCOUVER INTERNATIONAL A, BC CA","2018-06-25","0.10","0.0",,"61","68","54","   22","87.2"
"CA001108395","VANCOUVER INTERNATIONAL A, BC CA","2018-06-26","0.00","0.0",,"62","67","57","   27","91.7"
"CA001108395","VANCOUVER INTERNATIONAL A, BC CA","2018-06-27","0.00","0.0",,"61","67","54","   29","73.8"
"CA001108395","VANCOUVER INTERNATIONAL A, BC CA","2018-06-28","0.00","0.0",,"63","66","59","   28","67.1"
"CA001108395","VANCOUVER INTERNATIONAL A, BC CA","2018-06-29","0.08","0.0",,"60","63","57","    0","0.0"
"CA001108395","VANCOUVER INTERNATIONAL A, BC CA","2018-06-30","0.06","0.0",,"61","67","55","   16","67.1"
"CA001108395","VANCOUVER INTERNATIONAL A, BC CA","2018-07-01","0.04","0.0",,"63","69","57","   26","120.8"
"CA001108395","VANCOUVER INTERNATIONAL A, BC CA","2018-07-02","0.00","0.0",,"62","68","55","   28","149.9"
"CA001108395","VANCOUVER INTERNATIONAL A, BC CA","2018-07-03","0.00","0.0",,"59","69","48","   22","87.2"
"CA001108395","VANCOUVER INTERNATIONAL A, BC CA","2018-07-04","0.00","0.0",,"64","75","53","   20","82.8"
"CA001108395","VANCOUVER INTERNATIONAL A, BC CA","2018-07-05","0.00","0.0",,"69","76","61","   29","111.8"
"CA001108395","VANCOUVER INTERNATIONAL A, BC CA","2018-07-06",,,,"68","77","59","    0","0.0"
"CA001108395","VANCOUVER INTERNATIONAL A, BC CA","2018-07-07","0.17","0.0",,"66","73","59","   20","73.8"
"CA001108395","VANCOUVER INTERNATIONAL A, BC CA","2018-07-08","0.00","0.0",,"63","74","52","    0","0.0"
"CA001108395","VANCOUVER INTERNATIONAL A, BC CA","2018-07-09","0.01","0.0",,"64","70","58","    0","0.0"
"CA001108395","VANCOUVER INTERNATIONAL A, BC CA","2018-07-10","0.00","0.0",,"64","69","58","    0","0.0"
"CA001108395","VANCOUVER INTERNATIONAL A, BC CA","2018-07-11","0.00","0.0",,"64","73","54","   30","87.2"
"CA001108395","VANCOUVER INTERNATIONAL A, BC CA","2018-07-12","0.00","0.0",,"66","75","58","   29","82.8"
"CA001108395","VANCOUVER INTERNATIONAL A, BC CA","2018-07-13","0.00","0.0",,"68","74","61","   27","107.4"
"CA001108395","VANCOUVER INTERNATIONAL A, BC CA","2018-07-14","0.00","0.0",,"67","74","59","   30","82.8"
"CA001108395","VANCOUVER INTERNATIONAL A, BC CA","2018-07-15","0.00","0.0",,"67","78","55","   29","71.6"
"CA001108395","VANCOUVER INTERNATIONAL A, BC CA","2018-07-16","0.00","0.0",,"69","78","59","   30","71.6"
"CA001108395","VANCOUVER INTERNATIONAL A, BC CA","2018-07-17","0.00","0.0",,"71","83","59","   22","71.6"
"CA001108395","VANCOUVER INTERNATIONAL A, BC CA","2018-07-18","0.00","0.0",,"67","75","58","   12","82.8"
"CA001108395","VANCOUVER INTERNATIONAL A, BC CA","2018-07-19","0.00","0.0",,"63","71","56","   13","73.8"
"CA001108395","VANCOUVER INTERNATIONAL A, BC CA","2018-07-20","0.00","0.0",,"62","70","53","   28","87.2"
"CA001108395","VANCOUVER INTERNATIONAL A, BC CA","2018-07-21","0.00","0.0",,"62","71","53","   28","73.8"
"CA001108395","VANCOUVER INTERNATIONAL A, BC CA","2018-07-22","0.00","0.0",,"65","76","54","    0","0.0"
"CA001108395","VANCOUVER INTERNATIONAL A, BC CA","2018-07-23","0.00","0.0",,"68","80","56","    0","0.0"
"CA001108395","VANCOUVER INTERNATIONAL A, BC CA","2018-07-24","0.00","0.0",,"68","79","57","   19","67.1"
"CA001108395","VANCOUVER INTERNATIONAL A, BC CA","2018-07-25","0.00","0.0",,"70","81","60","    0","0.0"
"CA001108395","VANCOUVER INTERNATIONAL A, BC CA","2018-07-26","0.00","0.0",,"70","80","60","    0","0.0"
"CA001108395","VANCOUVER INTERNATIONAL A, BC CA","2018-07-27","0.00","0.0",,"69","78","61","   22","71.6"
"CA001108395","VANCOUVER INTERNATIONAL A, BC CA","2018-07-28","0.00","0.0",,"69","78","60","   20","78.3"
"CA001108395","VANCOUVER INTERNATIONAL A, BC CA","2018-07-29","0.00","0.0",,"71","82","60","    0","0.0"
"CA001108395","VANCOUVER INTERNATIONAL A, BC CA","2018-07-30","0.00","0.0",,"72","83","62","   20","73.8"
"CA001108395","VANCOUVER INTERNATIONAL A, BC CA","2018-07-31","0.00","0.0",,"70","77","63","   13","82.8"
"CA001108395","VANCOUVER INTERNATIONAL A, BC CA","2018-08-01","0.00","0.0",,"66","72","60","   10","82.8"
"CA001108395","VANCOUVER INTERNATIONAL A, BC CA","2018-08-02","0.00","0.0",,"65","72","57","   14","82.8"
"CA001108395","VANCOUVER INTERNATIONAL A, BC CA","2018-08-03","0.00","0.0",,"67","74","59","   19","91.7"
"CA001108395","VANCOUVER INTERNATIONAL A, BC CA","2018-08-04","0.00","0.0",,"65","72","57","   20","71.6"
"CA001108395","VANCOUVER INTERNATIONAL A, BC CA","2018-08-05","0.00","0.0",,"69","78","60","   22","67.1"
"CA001108395","VANCOUVER INTERNATIONAL A, BC CA","2018-08-06","0.00","0.0",,"69","79","60","   21","78.3"
"CA001108395","VANCOUVER INTERNATIONAL A, BC CA","2018-08-07","0.00","0.0",,"70","80","60","   20","67.1"
"CA001108395","VANCOUVER INTERNATIONAL A, BC CA","2018-08-08","0.00","0.0",,"73","84","62","    0","0.0"
"CA001108395","VANCOUVER INTERNATIONAL A, BC CA","2018-08-09","0.00","0.0",,"72","84","61","   20","82.8"
"CA001108395","VANCOUVER INTERNATIONAL A, BC CA","2018-08-10","0.00","0.0",,"73","84","61","   10","91.7"
"CA001108395","VANCOUVER INTERNATIONAL A, BC CA","2018-08-11","0.24","0.0",,"67","73","61","   12","87.2"
"CA001108395","VANCOUVER INTERNATIONAL A, BC CA","2018-08-12","0.02","0.0",,"65","71","59","   21","67.1"
"CA001108395","VANCOUVER INTERNATIONAL A, BC CA","2018-08-13","0.00","0.0",,"63","72","55","   29","73.8"
"CA001108395","VANCOUVER INTERNATIONAL A, BC CA","2018-08-14","0.00","0.0",,"66","75","57","    0","0.0"
"CA001108395","VANCOUVER INTERNATIONAL A, BC CA","2018-08-15","0.00","0.0",,"67","75","58","    0","0.0"
"CA001108395","VANCOUVER INTERNATIONAL A, BC CA","2018-08-16","0.00","0.0",,"65","74","56","   20","98.4"
"CA001108395","VANCOUVER INTERNATIONAL A, BC CA","2018-08-17","0.00","0.0",,"62","71","53","   19","73.8"
"CA001108395","VANCOUVER INTERNATIONAL A, BC CA","2018-08-18","0.00","0.0",,,"69",,"    0","0.0"
"CA001108395","VANCOUVER INTERNATIONAL A, BC CA","2018-08-19","0.00","0.0",,"62","68","56","   30","67.1"
"CA001108395","VANCOUVER INTERNATIONAL A, BC CA","2018-08-20","0.00","0.0",,"65","74","56","   30","87.2"
"CA001108395","VANCOUVER INTERNATIONAL A, BC CA","2018-08-21","0.00","0.0",,"67","81","54","    0","0.0"
"CA001108395","VANCOUVER INTERNATIONAL A, BC CA","2018-08-22","0.00","0.0",,"64","73","55","    0","0.0"
"CA001108395","VANCOUVER INTERNATIONAL A, BC CA","2018-08-23","0.00","0.0",,"63","69","57","   19","98.4"
"CA001108395","VANCOUVER INTERNATIONAL A, BC CA","2018-08-24","0.00","0.0",,"61","67","54","   20","78.3"
"CA001108395","VANCOUVER INTERNATIONAL A, BC CA","2018-08-25","0.31","0.0",,"58","61","55","    0","0.0"
"CA001108395","VANCOUVER INTERNATIONAL A, BC CA","2018-08-26","0.03","0.0",,"62","66","56","    0","0.0"
"CA001108395","VANCOUVER INTERNATIONAL A, BC CA","2018-08-27","0.00","0.0",,"60","69","51","    0","0.0"
"CA001108395","VANCOUVER INTERNATIONAL A, BC CA","2018-08-28","0.00","0.0",,"62","72","51","    0","0.0"
"CA001108395","VANCOUVER INTERNATIONAL A, BC CA","2018-08-29","0.03","0.0",,"65","72","57","    0","0.0"
"CA001108395","VANCOUVER INTERNATIONAL A, BC CA","2018-08-30","0.00","0.0",,"64","71","57","   19","107.4"
"CA001108395","VANCOUVER INTERNATIONAL A, BC CA","2018-08-31","0.00","0.0",,"63","72","54","   20","98.4"
"CA001108395","VANCOUVER INTERNATIONAL A, BC CA","2018-09-01","0.00","0.0",,"61","67","55","    0","0.0"
"CA001108395","VANCOUVER INTERNATIONAL A, BC CA","2018-09-02","0.00","0.0",,"61","71","51","   29","87.2"
"CA001108395","VANCOUVER INTERNATIONAL A, BC CA","2018-09-03","0.00","0.0",,"61","67","54","   28","125.3"
"CA001108395","VANCOUVER INTERNATIONAL A, BC CA","2018-09-04","0.00","0.0",,"59","68","50","   30","73.8"
"CA001108395","VANCOUVER INTERNATIONAL A, BC CA","2018-09-05","0.00","0.0",,"60","72","49","    0","0.0"
"CA001108395","VANCOUVER INTERNATIONAL A, BC CA","2018-09-06","0.00","0.0",,"67","81","53","   11","73.8"
"CA001108395","VANCOUVER INTERNATIONAL A, BC CA","2018-09-07","0.03","0.0",,"63","68","58","   10","82.8"
"CA001108395","VANCOUVER INTERNATIONAL A, BC CA","2018-09-08","0.12","0.0",,"62","68","55","   11","67.1"
"CA001108395","VANCOUVER INTERNATIONAL A, BC CA","2018-09-09","0.28","0.0",,"59","62","56","   11","107.4"
"CA001108395","VANCOUVER INTERNATIONAL A, BC CA","2018-09-10","0.28","0.0",,"59","66","51","   13","73.8"
"CA001108395","VANCOUVER INTERNATIONAL A, BC CA","2018-09-11","0.06","0.0",,"60","65","55","    0","0.0"
"CA001108395","VANCOUVER INTERNATIONAL A, BC CA","2018-09-12","0.00","0.0",,"60","64","56","    0","0.0"
"CA001108395","VANCOUVER INTERNATIONAL A, BC CA","2018-09-13","0.00","0.0",,"59","65","54","   20","71.6"
"CA001108395","VANCOUVER INTERNATIONAL A, BC CA","2018-09-14","0.01","0.0",,"60","65","54","   13","67.1"
"CA001108395","VANCOUVER INTERNATIONAL A, BC CA","2018-09-15","0.30","0.0",,"58","63","53","    9","71.6"
"CA001108395","VANCOUVER INTERNATIONAL A, BC CA","2018-09-16","0.65","0.0",,"58","63","53","   17","102.9"
"CA001108395","VANCOUVER INTERNATIONAL A, BC CA","2018-09-17","0.02","0.0",,"56","61","52","   22","71.6"
"CA001108395","VANCOUVER INTERNATIONAL A, BC CA","2018-09-18","0.00","0.0",,"53","61","44","    0","0.0"
"CA001108395","VANCOUVER INTERNATIONAL A, BC CA","2018-09-19","0.04","0.0",,"56","67","46","    0","0.0"
"CA001108395","VANCOUVER INTERNATIONAL A, BC CA","2018-09-20","0.35","0.0",,"55","60","51","    3","67.1"
"CA001108395","VANCOUVER INTERNATIONAL A, BC CA","2018-09-21","0.94","0.0",,"57","61","53","   11","82.8"
"CA001108395","VANCOUVER INTERNATIONAL A, BC CA","2018-09-22","0.62","0.0",,"60","66","54","   20","78.3"
"CA001108395","VANCOUVER INTERNATIONAL A, BC CA","2018-09-23","0.01","0.0",,"55","59","50","   19","71.6"
"CA001108395","VANCOUVER INTERNATIONAL A, BC CA","2018-09-24","0.00","0.0",,"54","62","47","    0","0.0"
"CA001108395","VANCOUVER INTERNATIONAL A, BC CA","2018-09-25","0.00","0.0",,"53","62","43","   28","73.8"
"CA001108395","VANCOUVER INTERNATIONAL A, BC CA","2018-09-26","0.00","0.0",,"54","62","46","    0","0.0"
"CA001108395","VANCOUVER INTERNATIONAL A, BC CA","2018-09-27","0.00","0.0",,"56","63","48","   29","73.8"
"CA001108395","VANCOUVER INTERNATIONAL A, BC CA","2018-09-28","0.00","0.0",,"59","66","52","   31","71.6"
"CA001108395","VANCOUVER INTERNATIONAL A, BC CA","2018-09-29","0.03","0.0",,"55","62","48","    0","0.0"
"CA001108395","VANCOUVER INTERNATIONAL A, BC CA","2018-09-30","0.64","0.0",,"56","59","52","    9","82.8"
"CA001108395","VANCOUVER INTERNATIONAL A, BC CA","2018-10-01","0.25","0.0",,"60","64","55","   10","73.8"
"CA001108395","VANCOUVER INTERNATIONAL A, BC CA","2018-10-02","0.02","0.0",,"51","58","43","   27","136.5"
"CA001108395","VANCOUVER INTERNATIONAL A, BC CA","2018-10-03","0.00","0.0",,"43","51","35","    0","0.0"
"CA001108395","VANCOUVER INTERNATIONAL A, BC CA","2018-10-04","0.00","0.0",,"45","54","36","    0","0.0"
"CA001108395","VANCOUVER INTERNATIONAL A, BC CA","2018-10-05","0.05","0.0",,"50","56","43","   29","73.8"
"CA001108395","VANCOUVER INTERNATIONAL A, BC CA","2018-10-06","0.00","0.0",,"51","56","46","   31","87.2"
"CA001108395","VANCOUVER INTERNATIONAL A, BC CA","2018-10-07","0.24","0.0",,"52","55","49","    0","0.0"
"CA001108395","VANCOUVER INTERNATIONAL A, BC CA","2018-10-08","0.09","0.0",,"52","54","49","    0","0.0"
"CA001108395","VANCOUVER INTERNATIONAL A, BC CA","2018-10-09","0.00","0.0",,"50","58","43","   30","73.8"
"CA001108395","VANCOUVER INTERNATIONAL A, BC CA","2018-10-10","0.00","0.0",,"50","57","43","    0","0.0"
"CA001108395","VANCOUVER INTERNATIONAL A, BC CA","2018-10-11","0.00","0.0",,"49","57","41","    0","0.0"
"CA001108395","VANCOUVER INTERNATIONAL A, BC CA","2018-10-12","0.00","0.0",,"50","59","41","    0","0.0"
"CA001108395","VANCOUVER INTERNATIONAL A, BC CA","2018-10-13","0.00","0.0",,"48","58","39","    0","0.0"
"CA001108395","VANCOUVER INTERNATIONAL A, BC CA","2018-10-14","0.00","0.0",,"47","58","35","    0","0.0"
"CA001108395","VANCOUVER INTERNATIONAL A, BC CA","2018-10-15","0.00","0.0",,"47","57","37","    0","0.0"
"CA001108395","VANCOUVER INTERNATIONAL A, BC CA","2018-10-16","0.00","0.0",,"48","59","38","    0","0.0"
"CA001108395","VANCOUVER INTERNATIONAL A, BC CA","2018-10-17","0.00","0.0",,"49","60","38","    0","0.0"
"CA001108395","VANCOUVER INTERNATIONAL A, BC CA","2018-10-18","0.00","0.0",,"49","58","41","    0","0.0"
"CA001108395","VANCOUVER INTERNATIONAL A, BC CA","2018-10-19","0.00","0.0",,"49","59","40","    0","0.0"
"CA001108395","VANCOUVER INTERNATIONAL A, BC CA","2018-10-20","0.00","0.0",,"47","56","38","    0","0.0"
"CA001108395","VANCOUVER INTERNATIONAL A, BC CA","2018-10-21","0.00","0.0",,"48","57","39","    0","0.0"
"CA001108395","VANCOUVER INTERNATIONAL A, BC CA","2018-10-22","0.00","0.0",,"45","54","37","    0","0.0"
"CA001108395","VANCOUVER INTERNATIONAL A, BC CA","2018-10-23","0.02","0.0",,"47","54","39","   11","78.3"
"CA001108395","VANCOUVER INTERNATIONAL A, BC CA","2018-10-24","0.04","0.0",,"53","58","48","   12","71.6"
"CA001108395","VANCOUVER INTERNATIONAL A, BC CA","2018-10-25","0.35","0.0",,"54","56","52","   13","78.3"
"CA001108395","VANCOUVER INTERNATIONAL A, BC CA","2018-10-26","0.43","0.0",,"56","62","49","   20","107.4"
"CA001108395","VANCOUVER INTERNATIONAL A, BC CA","2018-10-27","0.43","0.0",,"49","57","41","    7","91.7"
"CA001108395","VANCOUVER INTERNATIONAL A, BC CA","2018-10-28","0.97","0.0",,"53","58","47","   17","87.2"
"CA001108395","VANCOUVER INTERNATIONAL A, BC CA","2018-10-29","0.46","0.0",,"48","54","43","    0","0.0"
"CA001108395","VANCOUVER INTERNATIONAL A, BC CA","2018-10-30","0.34",,,"50","55","44","   14",
"CA001108395","VANCOUVER INTERNATIONAL A, BC CA","2018-10-31","0.65",,,"50","52","48","    7","71.6"
"CA001108395","VANCOUVER INTERNATIONAL A, BC CA","2018-11-01","1.09",,,"55","59","50","   16","111.8"
"CA001108395","VANCOUVER INTERNATIONAL A, BC CA","2018-11-02","0.26",,,"53","58","49","   25","120.8"
"CA001108395","VANCOUVER INTERNATIONAL A, BC CA","2018-11-03","0.61",,,"51","53","50","   14","100.7"
"CA001108395","VANCOUVER INTERNATIONAL A, BC CA","2018-11-04","0.16",,,"51","56","46","   26","116.3"
"CA001108395","VANCOUVER INTERNATIONAL A, BC CA","2018-11-05","0.02","0.0",,"49","55","42",,
"CA001108395","VANCOUVER INTERNATIONAL A, BC CA","2018-11-06","0.00","0.0",,"48","54","42","   27","94.0"
"CA001108395","VANCOUVER INTERNATIONAL A, BC CA","2018-11-07","0.00","0.0",,"43","50","36",,
"CA001108395","VANCOUVER INTERNATIONAL A, BC CA","2018-11-08","0.00","0.0",,"42","48","37",,
"CA001108395","VANCOUVER INTERNATIONAL A, BC CA","2018-11-09","0.26","0.0",,"42","44","39",,
"CA001108395","VANCOUVER INTERNATIONAL A, BC CA","2018-11-10","0.00","0.0",,"43","49","36",,
"CA001108395","VANCOUVER INTERNATIONAL A, BC CA","2018-11-11","0.00","0.0",,"39","47","31",,
"CA001108395","VANCOUVER INTERNATIONAL A, BC CA","2018-11-12","0.00","0.0",,"40","49","32",,
"CA001108395","VANCOUVER INTERNATIONAL A, BC CA","2018-11-13","0.22","0.0",,"43","53","34","   10","78.3"
"CA001108395","VANCOUVER INTERNATIONAL A, BC CA","2018-11-14","0.76","0.0",,"51","57","46","    7","87.2"
"CA001108395","VANCOUVER INTERNATIONAL A, BC CA","2018-11-15","0.17","0.0",,"49","52","46","   13","73.8"
"CA001108395","VANCOUVER INTERNATIONAL A, BC CA","2018-11-16","0.00","0.0",,"45","53","38",,
"CA001108395","VANCOUVER INTERNATIONAL A, BC CA","2018-11-17","0.00","0.0",,"39","48","31",,
"CA001108395","VANCOUVER INTERNATIONAL A, BC CA","2018-11-18","0.00","0.0",,"37","46","28",,
"CA001108395","VANCOUVER INTERNATIONAL A, BC CA","2018-11-19","0.00","0.0",,"39","48","29",,
"CA001108395","VANCOUVER INTERNATIONAL A, BC CA","2018-11-20","0.00","0.0",,"40","49","32",,
"CA001108395","VANCOUVER INTERNATIONAL A, BC CA","2018-11-21","0.46","0.0",,"47","52","42","   10",
"CA001108395","VANCOUVER INTERNATIONAL A, BC CA","2018-11-22","0.72","0.0",,"47","50","45","    9","91.7"
"CA001108395","VANCOUVER INTERNATIONAL A, BC CA","2018-11-23","0.30","0.0",,"45","50","41","   13","82.8"
"CA001108395","VANCOUVER INTERNATIONAL A, BC CA","2018-11-24","0.02","0.0",,"44","47","41",,
"CA001108395","VANCOUVER INTERNATIONAL A, BC CA","2018-11-25","0.17","0.0",,"44","47","41","    7","82.8"
"CA001108395","VANCOUVER INTERNATIONAL A, BC CA","2018-11-26","1.83","0.0",,"49","52","45","   15","120.8"
"CA001108395","VANCOUVER INTERNATIONAL A, BC CA","2018-11-27","0.65","0.0",,"53","58","48","   14","111.8"
"CA001108395","VANCOUVER INTERNATIONAL A, BC CA","2018-11-28","0.10","0.0",,"48","50","45","   17","73.8"
"CA001108395","VANCOUVER INTERNATIONAL A, BC CA","2018-11-29","0.09","0.0",,"45","48","41",,
"CA001108395","VANCOUVER INTERNATIONAL A, BC CA","2018-11-30","0.11","0.0",,"46","49","43",,
"CA001108395","VANCOUVER INTERNATIONAL A, BC CA","2018-12-01","0.12","0.0",,"42","47","36","   30","71.6"
"CA001108395","VANCOUVER INTERNATIONAL A, BC CA","2018-12-02","0.00","0.0",,"37","45","30",,
"CA001108395","VANCOUVER INTERNATIONAL A, BC CA","2018-12-03","0.00","0.0",,"36","44","27",,
"CA001108395","VANCOUVER INTERNATIONAL A, BC CA","2018-12-04","0.00","0.0",,"32","40","24",,
"CA001108395","VANCOUVER INTERNATIONAL A, BC CA","2018-12-05","0.00","0.0",,"33","42","24",,
"CA001108395","VANCOUVER INTERNATIONAL A, BC CA","2018-12-06","0.00","0.0",,"32","40","24",,
"CA001108395","VANCOUVER INTERNATIONAL A, BC CA","2018-12-07","0.00","0.0",,"31","40","22",,
"CA001108395","VANCOUVER INTERNATIONAL A, BC CA","2018-12-08","0.13","0.0",,"38","43","33",,
"CA001108395","VANCOUVER INTERNATIONAL A, BC CA","2018-12-09","0.74","0.0",,"41","45","37","   10","91.7"
"CA001108395","VANCOUVER INTERNATIONAL A, BC CA","2018-12-10","0.11","0.0",,"46","50","42",,
"CA001108395","VANCOUVER INTERNATIONAL A, BC CA","2018-12-11","1.49","0.0",,"46","51","42","   11","120.8"
"CA001108395","VANCOUVER INTERNATIONAL A, BC CA","2018-12-12","0.15","0.0",,"42","46","37","   14","94.0"
"CA001108395","VANCOUVER INTERNATIONAL A, BC CA","2018-12-13","2.64","0.0",,"45","47","43","   11","102.9"
"CA001108395","VANCOUVER INTERNATIONAL A, BC CA","2018-12-14","0.20","0.0",,"48","54","42","   25","149.9"
"CA001108395","VANCOUVER INTERNATIONAL A, BC CA","2018-12-15","0.02","0.0",,"42","48","36","    8","111.8"
"CA001108395","VANCOUVER INTERNATIONAL A, BC CA","2018-12-16","0.38","0.0",,"46","50","42","   10","149.9"
"CA001108395","VANCOUVER INTERNATIONAL A, BC CA","2018-12-17","0.35","0.0",,"47","50","45","   12","145.4"
"CA001108395","VANCOUVER INTERNATIONAL A, BC CA","2018-12-18","0.37","0.0",,"47","50","44","   15","100.7"
"CA001108395","VANCOUVER INTERNATIONAL A, BC CA","2018-12-19","0.01","0.0",,"45","49","42","   16","107.4"
"CA001108395","VANCOUVER INTERNATIONAL A, BC CA","2018-12-20","0.66","0.0",,"47","55","40","   18","203.6"
"CA001108395","VANCOUVER INTERNATIONAL A, BC CA","2018-12-21","0.12","0.0",,"41","44","37","   29","116.3"
"CA001108395","VANCOUVER INTERNATIONAL A, BC CA","2018-12-22","0.19","0.0",,"41","45","37","   11","116.3"
"CA001108395","VANCOUVER INTERNATIONAL A, BC CA","2018-12-23","0.43","0.0",,"44","46","42","   14","94.0"
"CA001108395","VANCOUVER INTERNATIONAL A, BC CA","2018-12-24","0.00","0.0",,"42","47","37","   29","71.6"
"CA001108395","VANCOUVER INTERNATIONAL A, BC CA","2018-12-25","0.00","0.0",,"38","42","34",,
"CA001108395","VANCOUVER INTERNATIONAL A, BC CA","2018-12-26","0.15","0.0",,"38","40","37","    8","94.0"
"CA001108395","VANCOUVER INTERNATIONAL A, BC CA","2018-12-27","0.00","0.0",,"38","42","34",,
"CA001108395","VANCOUVER INTERNATIONAL A, BC CA","2018-12-28","1.40","0.0",,"38","41","35","    4",
"CA001108395","VANCOUVER INTERNATIONAL A, BC CA","2018-12-29","0.39","0.0",,"46","51","40","   18","129.7"
"CA001108395","VANCOUVER INTERNATIONAL A, BC CA","2018-12-30","0.00","0.0",,"40","46","34","   29","149.9"
"CA001108395","VANCOUVER INTERNATIONAL A, BC CA","2018-12-31","0.00","0.0",,"34","41","27",,
"CA001108395","VANCOUVER INTERNATIONAL A, BC CA","2019-01-01","0.00","0.0",,"38","42","33",,
"CA001108395","VANCOUVER INTERNATIONAL A, BC CA","2019-01-02","0.13","0.0",,"39","42","36","    6","91.7"
"CA001108395","VANCOUVER INTERNATIONAL A, BC CA","2019-01-03","2.16","0.0",,"45","49","40","   14","120.8"
"CA001108395","VANCOUVER INTERNATIONAL A, BC CA","2019-01-04","0.38","0.0",,"47","51","43","   15","100.7"
"CA001108395","VANCOUVER INTERNATIONAL A, BC CA","2019-01-05","0.13","0.0",,"45","48","42","   10","73.8"
"CA001108395","VANCOUVER INTERNATIONAL A, BC CA","2019-01-06","0.27","0.0",,"42","46","38","   24","132.0"
"CA001108395","VANCOUVER INTERNATIONAL A, BC CA","2019-01-07","0.00","0.0",,"38","42","33","   28","120.8"
"CA001108395","VANCOUVER INTERNATIONAL A, BC CA","2019-01-08","0.09","0.0",,"36","42","30",,
"CA001108395","VANCOUVER INTERNATIONAL A, BC CA","2019-01-09","0.27","0.0",,"45","51","39","   15","120.8"
"CA001108395","VANCOUVER INTERNATIONAL A, BC CA","2019-01-10","0.14","0.0",,"49","52","47","   15","100.7"
"CA001108395","VANCOUVER INTERNATIONAL A, BC CA","2019-01-11","0.00","0.0",,"44","50","38","   22",
"CA001108395","VANCOUVER INTERNATIONAL A, BC CA","2019-01-12","0.00","0.0",,"42","52","32",,
"CA001108395","VANCOUVER INTERNATIONAL A, BC CA","2019-01-13","0.00","0.0",,"41","48","33",,
"CA001108395","VANCOUVER INTERNATIONAL A, BC CA","2019-01-14","0.00","0.0",,"35","41","29",,
"CA001108395","VANCOUVER INTERNATIONAL A, BC CA","2019-01-15","0.00","0.0",,"35","42","28",,
"CA001108395","VANCOUVER INTERNATIONAL A, BC CA","2019-01-16","0.00","0.0",,"37","45","29",,
"CA001108395","VANCOUVER INTERNATIONAL A, BC CA","2019-01-17","0.48","0.0",,"42","51","32","    9","91.7"
"CA001108395","VANCOUVER INTERNATIONAL A, BC CA","2019-01-18","0.29","0.0",,"47","50","44","   13","111.8"
"CA001108395","VANCOUVER INTERNATIONAL A, BC CA","2019-01-19","0.08","0.0",,"44","49","40","   21","140.9"
"CA001108395","VANCOUVER INTERNATIONAL A, BC CA","2019-01-20","0.00","0.0",,"40","45","35","   30","102.9"
"CA001108395","VANCOUVER INTERNATIONAL A, BC CA","2019-01-21","0.00","0.0",,"37","45","29",,
"CA001108395","VANCOUVER INTERNATIONAL A, BC CA","2019-01-22","0.79","0.0",,"40","42","38","    6","94.0"
"CA001108395","VANCOUVER INTERNATIONAL A, BC CA","2019-01-23","0.25","0.0",,"42","44","40","   30","94.0"
"CA001108395","VANCOUVER INTERNATIONAL A, BC CA","2019-01-24","0.00","0.0",,"43","45","41",,
"CA001108395","VANCOUVER INTERNATIONAL A, BC CA","2019-01-25","0.00","0.0",,"42","46","39",,
"CA001108395","VANCOUVER INTERNATIONAL A, BC CA","2019-01-26","0.00","0.0",,"43","46","39",,
"CA001108395","VANCOUVER INTERNATIONAL A, BC CA","2019-01-27","0.02","0.0",,"40","45","33",,
"CA001108395","VANCOUVER INTERNATIONAL A, BC CA","2019-01-28","0.00","0.0",,"37","45","29",,
"CA001108395","VANCOUVER INTERNATIONAL A, BC CA","2019-01-29","0.00","0.0",,"36","45","27",,
"CA001108395","VANCOUVER INTERNATIONAL A, BC CA","2019-01-30","0.00","0.0",,"37","43","31",,
"CA001108395","VANCOUVER INTERNATIONAL A, BC CA","2019-01-31","0.06","0.0",,"43","47","38",,
"CA001108395","VANCOUVER INTERNATIONAL A, BC CA","2019-02-01","0.82","0.0",,"45","47","42","    8","78.3"
"CA001108395","VANCOUVER INTERNATIONAL A, BC CA","2019-02-02","0.00","0.0",,"41","45","36","   29","100.7"
"CA001108395","VANCOUVER INTERNATIONAL A, BC CA","2019-02-03","0.02","0.1","0.0","32","40","25","   11","111.8"
"CA001108395","VANCOUVER INTERNATIONAL A, BC CA","2019-02-04","0.02","0.6","0.4","27","33","21","   32","73.8"
"CA001108395","VANCOUVER INTERNATIONAL A, BC CA","2019-02-05","0.00","0.0",,"25","33","17",,
"CA001108395","VANCOUVER INTERNATIONAL A, BC CA","2019-02-06","0.00","0.0",,"27","35","19",,
"CA001108395","VANCOUVER INTERNATIONAL A, BC CA","2019-02-07","0.00","0.0",,"28","36","21",,
"CA001108395","VANCOUVER INTERNATIONAL A, BC CA","2019-02-08","0.01","0.1",,"30","35","26","    5","91.7"
"CA001108395","VANCOUVER INTERNATIONAL A, BC CA","2019-02-09","0.00","0.0",,"31","39","23","    4","102.9"
"CA001108395","VANCOUVER INTERNATIONAL A, BC CA","2019-02-10","0.19","3.9","1.2","23","29","16","   10","107.4"
"CA001108395","VANCOUVER INTERNATIONAL A, BC CA","2019-02-11","0.22","2.2","3.5","24","29","20",,
"CA001108395","VANCOUVER INTERNATIONAL A, BC CA","2019-02-12","0.27","2.9","5.5","28","30","26",,
"CA001108395","VANCOUVER INTERNATIONAL A, BC CA","2019-02-13","0.09","0.9","7.9","30","35","25",,
"CA001108395","VANCOUVER INTERNATIONAL A, BC CA","2019-02-14","0.24","1.6","3.9","26","36","17",,
"CA001108395","VANCOUVER INTERNATIONAL A, BC CA","2019-02-15","0.53","0.0","3.5","36","38","34","    8","73.8"
"CA001108395","VANCOUVER INTERNATIONAL A, BC CA","2019-02-16","0.01","0.0","2.0","36","42","31","   31",
"CA001108395","VANCOUVER INTERNATIONAL A, BC CA","2019-02-17","0.00","0.0","1.6","37","43","31","   29","71.6"
"CA001108395","VANCOUVER INTERNATIONAL A, BC CA","2019-02-18","0.00","0.0","0.4","34","39","29",,
"CA001108395","VANCOUVER INTERNATIONAL A, BC CA","2019-02-19","0.20","0.0","0.4","35","37","33",,
"CA001108395","VANCOUVER INTERNATIONAL A, BC CA","2019-02-20","0.00","0.0",,"37","43","32","   29","71.6"
"CA001108395","VANCOUVER INTERNATIONAL A, BC CA","2019-02-21","0.00","0.0",,"35","43","26",,
"CA001108395","VANCOUVER INTERNATIONAL A, BC CA","2019-02-22","0.26","0.4",,"38","43","34","   25","107.4"
"CA001108395","VANCOUVER INTERNATIONAL A, BC CA","2019-02-23","0.07","0.0",,"39","44","34","    8","73.8"
"CA001108395","VANCOUVER INTERNATIONAL A, BC CA","2019-02-24","0.00","0.0",,"37","44","29","   29","73.8"
"CA001108395","VANCOUVER INTERNATIONAL A, BC CA","2019-02-25","0.00","0.0",,"33","41","24","    9","73.8"
"CA001108395","VANCOUVER INTERNATIONAL A, BC CA","2019-02-26","0.00","0.0",,"31","43","20","    7","87.2"
"CA001108395","VANCOUVER INTERNATIONAL A, BC CA","2019-02-27","0.00","0.0",,"33","41","25","    9","100.7"
"CA001108395","VANCOUVER INTERNATIONAL A, BC CA","2019-02-28","0.00","0.0",,"38","45","30","   21","87.2"
"CA001108395","VANCOUVER INTERNATIONAL A, BC CA","2019-03-01","0.00","0.0",,"34","43","24","   28",
"CA001108395","VANCOUVER INTERNATIONAL A, BC CA","2019-03-02","0.00","0.0",,"34","44","24",,
"CA001108395","VANCOUVER INTERNATIONAL A, BC CA","2019-03-03","0.00","0.0",,"37","43","30","   10",
"CA001108395","VANCOUVER INTERNATIONAL A, BC CA","2019-03-04","0.00","0.0",,"33","42","24","   22",
"CA001108395","VANCOUVER INTERNATIONAL A, BC CA","2019-03-05","0.00","0.0",,"35","46","24","   29","78.3"
"CA001108395","VANCOUVER INTERNATIONAL A, BC CA","2019-03-06","0.05","0.0",,"32","40","24","   27","82.8"
"CA001108395","VANCOUVER INTERNATIONAL A, BC CA","2019-03-07","0.05","0.0",,"36","41","32","    4",
"CA001108395","VANCOUVER INTERNATIONAL A, BC CA","2019-03-08","0.00","0.0",,"38","43","32",,
"CA001108395","VANCOUVER INTERNATIONAL A, BC CA","2019-03-09","0.00","0.0",,"35","45","24","   27",
"CA001108395","VANCOUVER INTERNATIONAL A, BC CA","2019-03-10","0.00","0.0",,"36","46","26",,
"CA001108395","VANCOUVER INTERNATIONAL A, BC CA","2019-03-11","0.52","0.0",,"40","45","36","    7","94.0"
"CA001108395","VANCOUVER INTERNATIONAL A, BC CA","2019-03-12","0.15","0.0",,"41","47","35","   29","94.0"
"CA001108395","VANCOUVER INTERNATIONAL A, BC CA","2019-03-13","0.00","0.0",,"43","50","36",,
"CA001108395","VANCOUVER INTERNATIONAL A, BC CA","2019-03-14","0.12","0.0",,"44","50","38",,
"CA001108395","VANCOUVER INTERNATIONAL A, BC CA","2019-03-15","0.02","0.0",,"47","54","39",,
"CA001108395","VANCOUVER INTERNATIONAL A, BC CA","2019-03-16","0.00","0.0",,"44","52","36",,
"CA001108395","VANCOUVER INTERNATIONAL A, BC CA","2019-03-17","0.00","0.0",,"44","53","35","   30",
"CA001108395","VANCOUVER INTERNATIONAL A, BC CA","2019-03-18","0.00","0.0",,"46","57","34",,
"CA001108395","VANCOUVER INTERNATIONAL A, BC CA","2019-03-19","0.00","0.0",,"49","60","37",,
"CA001108395","VANCOUVER INTERNATIONAL A, BC CA","2019-03-20","0.00","0.0",,"46","57","35","   30","73.8"
"CA001108395","VANCOUVER INTERNATIONAL A, BC CA","2019-03-21","0.00","0.0",,"50","62","38","   11","73.8"
"CA001108395","VANCOUVER INTERNATIONAL A, BC CA","2019-03-22","0.03","0.0",,"55","63","47","   14","94.0"
"CA001108395","VANCOUVER INTERNATIONAL A, BC CA","2019-03-23","0.00","0.0",,"49","56","41","   20",
"CA001108395","VANCOUVER INTERNATIONAL A, BC CA","2019-03-24","0.00","0.0",,"44","51","37",,
"CA001108395","VANCOUVER INTERNATIONAL A, BC CA","2019-03-25","0.20","0.0",,"46","53","39","   28","71.6"
"CA001108395","VANCOUVER INTERNATIONAL A, BC CA","2019-03-26","0.09","0.0",,"50","55","44","   16","78.3"
"CA001108395","VANCOUVER INTERNATIONAL A, BC CA","2019-03-27","0.00","0.0",,"43","54","32","   29","91.7"
"CA001108395","VANCOUVER INTERNATIONAL A, BC CA","2019-03-28","0.00","0.0",,"51","58","43","   18","71.6"
"CA001108395","VANCOUVER INTERNATIONAL A, BC CA","2019-03-29","0.00","0.0",,"48","58","38",,
"CA001108395","VANCOUVER INTERNATIONAL A, BC CA","2019-03-30","0.00","0.0",,"48","57","39",,
"CA001108395","VANCOUVER INTERNATIONAL A, BC CA","2019-03-31","0.00","0.0",,"48","57","39","   21","73.8"
"CA001108395","VANCOUVER INTERNATIONAL A, BC CA","2019-04-01","0.00","0.0",,"48","59","38","   29","71.6"
"CA001108395","VANCOUVER INTERNATIONAL A, BC CA","2019-04-02","0.00","0.0",,"49","60","37","   28","71.6"
"CA001108395","VANCOUVER INTERNATIONAL A, BC CA","2019-04-03","0.77","0.0",,"53","58","48","   19","100.7"
"CA001108395","VANCOUVER INTERNATIONAL A, BC CA","2019-04-04","0.02","0.0",,"52","57","46","   18",
"CA001108395","VANCOUVER INTERNATIONAL A, BC CA","2019-04-05","0.22","0.0",,"52","58","46","   20","111.8"
"CA001108395","VANCOUVER INTERNATIONAL A, BC CA","2019-04-06","0.19","0.0",,"49","53","45","   12","136.5"
"CA001108395","VANCOUVER INTERNATIONAL A, BC CA","2019-04-07","0.17","0.0",,"51","57","44","   17","71.6"
"CA001108395","VANCOUVER INTERNATIONAL A, BC CA","2019-04-08","0.12","0.0",,"46","53","40",,
"CA001108395","VANCOUVER INTERNATIONAL A, BC CA","2019-04-09","0.02","0.0",,"51","56","45","   29","91.7"
"CA001108395","VANCOUVER INTERNATIONAL A, BC CA","2019-04-10","0.24","0.0",,"49","53","44","   17","100.7"
"CA001108395","VANCOUVER INTERNATIONAL A, BC CA","2019-04-11","0.51","0.0",,"46","48","44",,
"CA001108395","VANCOUVER INTERNATIONAL A, BC CA","2019-04-12","0.00","0.0",,"45","53","38","   29",
"CA001108395","VANCOUVER INTERNATIONAL A, BC CA","2019-04-13","0.39","0.0",,"48","52","44","   16","132.0"
"CA001108395","VANCOUVER INTERNATIONAL A, BC CA","2019-04-14","0.00","0.0",,"45","51","38","   25","87.2"
"CA001108395","VANCOUVER INTERNATIONAL A, BC CA","2019-04-15","0.00","0.0",,"45","52","38","   20",
"CA001108395","VANCOUVER INTERNATIONAL A, BC CA","2019-04-16","0.02","0.0",,"45","54","35",,
"CA001108395","VANCOUVER INTERNATIONAL A, BC CA","2019-04-17","0.06","0.0",,"53","60","45",,
"CA001108395","VANCOUVER INTERNATIONAL A, BC CA","2019-04-18","1.06","0.0",,"51","53","49","    9","82.8"
"CA001108395","VANCOUVER INTERNATIONAL A, BC CA","2019-04-19","0.06","0.0",,"53","56","49","   28","100.7"
"CA001108395","VANCOUVER INTERNATIONAL A, BC CA","2019-04-20","0.00","0.0",,"51","56","46","   29","100.7"
"CA001108395","VANCOUVER INTERNATIONAL A, BC CA","2019-04-21","0.00","0.0",,"51","59","43","   13","78.3"
"CA001108395","VANCOUVER INTERNATIONAL A, BC CA","2019-04-22","0.50","0.0",,"50","52","48","    7","73.8"
"CA001108395","VANCOUVER INTERNATIONAL A, BC CA","2019-04-23","0.00","0.0",,"53","58","49","   27","78.3"
"CA001108395","VANCOUVER INTERNATIONAL A, BC CA","2019-04-24","0.00","0.0",,"49","55","43","   30","120.8"
"CA001108395","VANCOUVER INTERNATIONAL A, BC CA","2019-04-25","0.00","0.0",,"44","55","34","   30","87.2"
"CA001108395","VANCOUVER INTERNATIONAL A, BC CA","2019-04-26","0.00","0.0",,"51","56","46","   29","94.0"
"CA001108395","VANCOUVER INTERNATIONAL A, BC CA","2019-04-27","0.00","0.0",,"49","54","44","   28","174.5"
"CA001108395","VANCOUVER INTERNATIONAL A, BC CA","2019-04-28","0.00","0.0",,"47","58","35",,
"CA001108395","VANCOUVER INTERNATIONAL A, BC CA","2019-04-29","0.00","0.0",,"48","61","36","   28","82.8"
"CA001108395","VANCOUVER INTERNATIONAL A, BC CA","2019-04-30","0.00","0.0",,"49","60","39","   20",
"CA001108395","VANCOUVER INTERNATIONAL A, BC CA","2019-05-01","0.00","0.0",,"54","62","46","   21","82.8"
"CA001108395","VANCOUVER INTERNATIONAL A, BC CA","2019-05-02","0.00","0.0",,"54","62","46","   19","78.3"
"CA001108395","VANCOUVER INTERNATIONAL A, BC CA","2019-05-03","0.00","0.0",,"54","59","49","   19","87.2"
"CA001108395","VANCOUVER INTERNATIONAL A, BC CA","2019-05-04","0.00","0.0",,"52","62","42",,
"CA001108395","VANCOUVER INTERNATIONAL A, BC CA","2019-05-05","0.00","0.0",,"52","62","43","   29","102.9"
"CA001108395","VANCOUVER INTERNATIONAL A, BC CA","2019-05-06","0.00","0.0",,"55","63","47","   30","111.8"
"CA001108395","VANCOUVER INTERNATIONAL A, BC CA","2019-05-07","0.00","0.0",,"57","63","51","   30","100.7"
"CA001108395","VANCOUVER INTERNATIONAL A, BC CA","2019-05-08","0.00","0.0",,"58","63","52","   29","87.2"
"CA001108395","VANCOUVER INTERNATIONAL A, BC CA","2019-05-09","0.00","0.0",,"60","71","50","   30","78.3"
"CA001108395","VANCOUVER INTERNATIONAL A, BC CA","2019-05-10","0.00","0.0",,"61","73","49",,
"CA001108395","VANCOUVER INTERNATIONAL A, BC CA","2019-05-11","0.00","0.0",,"61","71","51","   19","71.6"
"CA001108395","VANCOUVER INTERNATIONAL A, BC CA","2019-05-12","0.00","0.0",,"57","62","52","   19","82.8"
"CA001108395","VANCOUVER INTERNATIONAL A, BC CA","2019-05-13","0.00","0.0",,"54","62","47",,
"CA001108395","VANCOUVER INTERNATIONAL A, BC CA","2019-05-14","0.37","0.0",,"55","59","51","   14","73.8"
"CA001108395","VANCOUVER INTERNATIONAL A, BC CA","2019-05-15","0.06","0.0",,"57","64","51","   29","102.9"
"CA001108395","VANCOUVER INTERNATIONAL A, BC CA","2019-05-16","0.01","0.0",,"58","64","53","   30","73.8"
"CA001108395","VANCOUVER INTERNATIONAL A, BC CA","2019-05-17","0.00","0.0",,"57","63","52","   20","94.0"
"CA001108395","VANCOUVER INTERNATIONAL A, BC CA","2019-05-18","0.00","0.0",,"59","65","53","    9",
"CA001108395","VANCOUVER INTERNATIONAL A, BC CA","2019-05-19","0.00","0.0",,"59","70","49",,
"CA001108395","VANCOUVER INTERNATIONAL A, BC CA","2019-05-20","0.28","0.0",,"55","58","52","   10","78.3"
"CA001108395","VANCOUVER INTERNATIONAL A, BC CA","2019-05-21","0.06","0.0",,"58","65","50","   30","87.2"
"CA001108395","VANCOUVER INTERNATIONAL A, BC CA","2019-05-22","0.00","0.0",,"58","68","48","   29","73.8"
"CA001108395","VANCOUVER INTERNATIONAL A, BC CA","2019-05-23","0.00","0.0",,"58","68","49","   29","102.9"
"CA001108395","VANCOUVER INTERNATIONAL A, BC CA","2019-05-24","0.08","0.0",,"58","62","54","   27","107.4"
"CA001108395","VANCOUVER INTERNATIONAL A, BC CA","2019-05-25","0.34","0.0",,"55","59","50",,
"CA001108395","VANCOUVER INTERNATIONAL A, BC CA","2019-05-26","0.00","0.0",,"57","69","46",,
"CA001108395","VANCOUVER INTERNATIONAL A, BC CA","2019-05-27","0.00","0.0",,"64","75","53","   17","78.3"
"CA001108395","VANCOUVER INTERNATIONAL A, BC CA","2019-05-28","0.00","0.0",,"61","67","54","    9","91.7"
"CA001108395","VANCOUVER INTERNATIONAL A, BC CA","2019-05-29","0.00","0.0",,"60","66","53","   24","82.8"
"CA001108395","VANCOUVER INTERNATIONAL A, BC CA","2019-05-30","0.00","0.0",,"60","70","50",,
"CA001108395","VANCOUVER INTERNATIONAL A, BC CA","2019-05-31","0.00","0.0",,"62","72","52","   20","71.6"
"CA001108395","VANCOUVER INTERNATIONAL A, BC CA","2019-06-01","0.00","0.0",,"61","70","52","   21","78.3"
"CA001108395","VANCOUVER INTERNATIONAL A, BC CA","2019-06-02","0.00","0.0",,"66","76","57","   29","78.3"
"CA001108395","VANCOUVER INTERNATIONAL A, BC CA","2019-06-03","0.00","0.0",,"60","70","51","   18","87.2"
"CA001108395","VANCOUVER INTERNATIONAL A, BC CA","2019-06-04","0.00","0.0",,"58","68","49","   12","71.6"
"CA001108395","VANCOUVER INTERNATIONAL A, BC CA","2019-06-05","0.02","0.0",,"59","63","54","   11","78.3"
"CA001108395","VANCOUVER INTERNATIONAL A, BC CA","2019-06-06","0.00","0.0",,"55","64","46","   19","102.9"
"CA001108395","VANCOUVER INTERNATIONAL A, BC CA","2019-06-07","0.35","0.0",,"56","64","49","   18",
"CA001108395","VANCOUVER INTERNATIONAL A, BC CA","2019-06-08","0.00","0.0",,"58","67","50","   14","71.6"
"CA001108395","VANCOUVER INTERNATIONAL A, BC CA","2019-06-09","0.00","0.0",,"59","68","50","   19","71.6"
"CA001108395","VANCOUVER INTERNATIONAL A, BC CA","2019-06-10","0.00","0.0",,"62","69","56","   23","71.6"
"CA001108395","VANCOUVER INTERNATIONAL A, BC CA","2019-06-11","0.00","0.0",,"63","74","52","   29","82.8"
"CA001108395","VANCOUVER INTERNATIONAL A, BC CA","2019-06-12","0.00","0.0",,"72","86","58","   28","73.8"
"CA001108395","VANCOUVER INTERNATIONAL A, BC CA","2019-06-13","0.00","0.0",,"68","76","59","   13",
"CA001108395","VANCOUVER INTERNATIONAL A, BC CA","2019-06-14","0.00","0.0",,"61","68","54","   20","82.8"
"CA001108395","VANCOUVER INTERNATIONAL A, BC CA","2019-06-15","0.00","0.0",,"62","72","53","   19","71.6"
"CA001108395","VANCOUVER INTERNATIONAL A, BC CA","2019-06-16","0.00","0.0",,"63","73","53","   20","94.0"
"CA001108395","VANCOUVER INTERNATIONAL A, BC CA","2019-06-17","0.00","0.0",,"65","74","55","   13",
"CA001108395","VANCOUVER INTERNATIONAL A, BC CA","2019-06-18","0.00","0.0",,"65","72","58","   28","111.8"
"CA001108395","VANCOUVER INTERNATIONAL A, BC CA","2019-06-19","0.00","0.0",,"61","68","54","   28","158.8"
"CA001108395","VANCOUVER INTERNATIONAL A, BC CA","2019-06-20","0.01","0.0",,"59","67","51","   28","120.8"
"CA001108395","VANCOUVER INTERNATIONAL A, BC CA","2019-06-21","0.00","0.0",,"62","72","52","   10",
"CA001108395","VANCOUVER INTERNATIONAL A, BC CA","2019-06-22","0.00","0.0",,"62","67","56","   11","91.7"
"CA001108395","VANCOUVER INTERNATIONAL A, BC CA","2019-06-23","0.00","0.0",,"60","66","53",,
"CA001108395","VANCOUVER INTERNATIONAL A, BC CA","2019-06-24","0.02","0.0",,"61","68","54","   21",
"CA001108395","VANCOUVER INTERNATIONAL A, BC CA","2019-06-25","0.00","0.0",,"61","70","51","   20",
"CA001108395","VANCOUVER INTERNATIONAL A, BC CA","2019-06-26","0.00","0.0",,"63","71","56","   22","73.8"
"CA001108395","VANCOUVER INTERNATIONAL A, BC CA","2019-06-27","0.61","0.0",,"62","69","56","   13","73.8"
"CA001108395","VANCOUVER INTERNATIONAL A, BC CA","2019-06-28","0.02","0.0",,"61","67","56","   20",
"CA001108395","VANCOUVER INTERNATIONAL A, BC CA","2019-06-29","0.00","0.0",,"64","71","56",,
"CA001108395","VANCOUVER INTERNATIONAL A, BC CA","2019-06-30","0.00","0.0",,"61","72","50",,
"CA001108395","VANCOUVER INTERNATIONAL A, BC CA","2019-07-01","0.00","0.0",,"65","76","55","   19","82.8"
"CA001108395","VANCOUVER INTERNATIONAL A, BC CA","2019-07-02","0.11","0.0",,"62","68","57","   10","102.9"
"CA001108395","VANCOUVER INTERNATIONAL A, BC CA","2019-07-03","0.00","0.0",,"64","70","59","   15","71.6"
"CA001108395","VANCOUVER INTERNATIONAL A, BC CA","2019-07-04","0.00","0.0",,"63","68","58","   11","73.8"
"CA001108395","VANCOUVER INTERNATIONAL A, BC CA","2019-07-05","0.02","0.0",,"60","64","57",,
"CA001108395","VANCOUVER INTERNATIONAL A, BC CA","2019-07-06","0.01","0.0",,"62","69","54",,
"CA001108395","VANCOUVER INTERNATIONAL A, BC CA","2019-07-07","0.10","0.0",,"61","65","57","   10","71.6"
"CA001108395","VANCOUVER INTERNATIONAL A, BC CA","2019-07-08","0.00","0.0",,"61","71","52",,
"CA001108395","VANCOUVER INTERNATIONAL A, BC CA","2019-07-09","0.03","0.0",,"65","73","56",,
"CA001108395","VANCOUVER INTERNATIONAL A, BC CA","2019-07-10","0.57","0.0",,"66","72","61","   10","71.6"
"CA001108395","VANCOUVER INTERNATIONAL A, BC CA","2019-07-11","0.00","0.0",,"66","73","58","   20","87.2"
"CA001108395","VANCOUVER INTERNATIONAL A, BC CA","2019-07-12","0.00","0.0",,"65","73","57","   20",
"CA001108395","VANCOUVER INTERNATIONAL A, BC CA","2019-07-13","0.00","0.0",,"68","76","60","   17","73.8"
"CA001108395","VANCOUVER INTERNATIONAL A, BC CA","2019-07-14","0.02","0.0",,"66","74","57","   20","94.0"
"CA001108395","VANCOUVER INTERNATIONAL A, BC CA","2019-07-15","0.00","0.0",,"66","75","57","   19","102.9"
"CA001108395","VANCOUVER INTERNATIONAL A, BC CA","2019-07-16","0.00","0.0",,"67","76","58","   19","87.2"
"CA001108395","VANCOUVER INTERNATIONAL A, BC CA","2019-07-17","0.27","0.0",,"65","72","58","   25","111.8"
"CA001108395","VANCOUVER INTERNATIONAL A, BC CA","2019-07-18","0.00","0.0",,"65","70","59","   24","132.0"
"CA001108395","VANCOUVER INTERNATIONAL A, BC CA","2019-07-19","0.00","0.0",,"62","67","56","   28","100.7"
"CA001108395","VANCOUVER INTERNATIONAL A, BC CA","2019-07-20","0.00","0.0",,"62","73","51","   24","87.2"
"CA001108395","VANCOUVER INTERNATIONAL A, BC CA","2019-07-21","0.00","0.0",,"68","83","53","   23",
"CA001108395","VANCOUVER INTERNATIONAL A, BC CA","2019-07-22","0.00","0.0",,"69","80","58","   11","73.8"
"CA001108395","VANCOUVER INTERNATIONAL A, BC CA","2019-07-23","0.00","0.0",,"66","74","57","   19","100.7"
"CA001108395","VANCOUVER INTERNATIONAL A, BC CA","2019-07-24","0.00","0.0",,"66","74","58","   27","91.7"
"CA001108395","VANCOUVER INTERNATIONAL A, BC CA","2019-07-25","0.00","0.0",,"67","75","58","   20",
"CA001108395","VANCOUVER INTERNATIONAL A, BC CA","2019-07-26","0.00","0.0",,"71","85","58","   19","78.3"
"CA001108395","VANCOUVER INTERNATIONAL A, BC CA","2019-07-27","0.09","0.0",,"68","73","63","   25","111.8"
"CA001108395","VANCOUVER INTERNATIONAL A, BC CA","2019-07-28","0.00","0.0",,"64","74","55","   28","71.6"
"CA001108395","VANCOUVER INTERNATIONAL A, BC CA","2019-07-29","0.00","0.0",,"65","73","58","   25","71.6"
"CA001108395","VANCOUVER INTERNATIONAL A, BC CA","2019-07-30","0.00","0.0",,"67","74","59","   11","100.7"
"CA001108395","VANCOUVER INTERNATIONAL A, BC CA","2019-07-31","0.00","0.0",,"69","74","63","   22","71.6"
"CA001108395","VANCOUVER INTERNATIONAL A, BC CA","2019-08-01","0.00","0.0",,"69","77","61","   10","82.8"
"CA001108395","VANCOUVER INTERNATIONAL A, BC CA","2019-08-02","0.20","0.0",,"70","77","62","   16","82.8"
"CA001108395","VANCOUVER INTERNATIONAL A, BC CA","2019-08-03","0.00","0.0",,"66","74","57","   31","71.6"
"CA001108395","VANCOUVER INTERNATIONAL A, BC CA","2019-08-04","0.00","0.0",,"67","76","58","   29","78.3"
"CA001108395","VANCOUVER INTERNATIONAL A, BC CA","2019-08-05","0.00","0.0",,"67","78","55","   20",
"CA001108395","VANCOUVER INTERNATIONAL A, BC CA","2019-08-06","0.00","0.0",,"67","76","57","   20","87.2"
"CA001108395","VANCOUVER INTERNATIONAL A, BC CA","2019-08-07","0.00","0.0",,"68","78","57","   20","73.8"
"CA001108395","VANCOUVER INTERNATIONAL A, BC CA","2019-08-08","0.00","0.0",,"66","74","58","   12","87.2"
"CA001108395","VANCOUVER INTERNATIONAL A, BC CA","2019-08-09","0.00","0.0",,"67","73","61","   11","73.8"
"CA001108395","VANCOUVER INTERNATIONAL A, BC CA","2019-08-10","0.13","0.0",,"64","68","61",,
"CA001108395","VANCOUVER INTERNATIONAL A, BC CA","2019-08-11","0.12","0.0",,"64","70","59","   14","71.6"
"CA001108395","VANCOUVER INTERNATIONAL A, BC CA","2019-08-12","0.00","0.0",,"66","74","57","   21","82.8"
"CA001108395","VANCOUVER INTERNATIONAL A, BC CA","2019-08-13","0.00","0.0",,"64","75","53",,
"CA001108395","VANCOUVER INTERNATIONAL A, BC CA","2019-08-14","0.00","0.0",,"67","76","57",,
"CA001108395","VANCOUVER INTERNATIONAL A, BC CA","2019-08-15","0.00","0.0",,"66","75","58","   21","71.6"
"CA001108395","VANCOUVER INTERNATIONAL A, BC CA","2019-08-16","0.00","0.0",,"65","72","58","   22","71.6"
"CA001108395","VANCOUVER INTERNATIONAL A, BC CA","2019-08-17","0.00","0.0",,"67","71","63","   19","71.6"
"CA001108395","VANCOUVER INTERNATIONAL A, BC CA","2019-08-18","0.00","0.0",,"65","72","58","   12","78.3"
"CA001108395","VANCOUVER INTERNATIONAL A, BC CA","2019-08-19","0.00","0.0",,"65","74","56","   13","73.8"
"CA001108395","VANCOUVER INTERNATIONAL A, BC CA","2019-08-20","0.00","0.0",,"65","77","53",,
"CA001108395","VANCOUVER INTERNATIONAL A, BC CA","2019-08-21","0.49","0.0",,"64","68","60","   11","71.6"
"CA001108395","VANCOUVER INTERNATIONAL A, BC CA","2019-08-22","0.00","0.0",,"64","69","58","   29","100.7"
"CA001108395","VANCOUVER INTERNATIONAL A, BC CA","2019-08-23","0.04","0.0",,"62","67","57","   22","71.6"
"CA001108395","VANCOUVER INTERNATIONAL A, BC CA","2019-08-24","0.00","0.0",,"63","71","55",,
"CA001108395","VANCOUVER INTERNATIONAL A, BC CA","2019-08-25","0.00","0.0",,"63","69","57","   29","107.4"
"CA001108395","VANCOUVER INTERNATIONAL A, BC CA","2019-08-26","0.00","0.0",,"60","70","50","   28","71.6"
"CA001108395","VANCOUVER INTERNATIONAL A, BC CA","2019-08-27","0.00","0.0",,"64","75","54","   29",
"CA001108395","VANCOUVER INTERNATIONAL A, BC CA","2019-08-28","0.00","0.0",,"65","75","54","   29","71.6"
"CA001108395","VANCOUVER INTERNATIONAL A, BC CA","2019-08-29","0.00","0.0",,"67","79","55","   11","78.3"
"CA001108395","VANCOUVER INTERNATIONAL A, BC CA","2019-08-30","0.00","0.0",,"67","73","62",,
"CA001108395","VANCOUVER INTERNATIONAL A, BC CA","2019-08-31","0.04","0.0",,"69","77","61","   20","71.6"
"CA001108395","VANCOUVER INTERNATIONAL A, BC CA","2019-09-01","0.00","0.0",,"67","75","60","   19","73.8"
"CA001108395","VANCOUVER INTERNATIONAL A, BC CA","2019-09-02","0.00","0.0",,"65","73","56","   29","73.8"
"CA001108395","VANCOUVER INTERNATIONAL A, BC CA","2019-09-03","0.00","0.0",,"67","76","59","   20",
"CA001108395","VANCOUVER INTERNATIONAL A, BC CA","2019-09-04","0.00","0.0",,"64","71","57",,
"CA001108395","VANCOUVER INTERNATIONAL A, BC CA","2019-09-05","0.00","0.0",,"62","72","53","   30","71.6"
"CA001108395","VANCOUVER INTERNATIONAL A, BC CA","2019-09-06","0.00","0.0",,"69","82","56","   13","73.8"
"CA001108395","VANCOUVER INTERNATIONAL A, BC CA","2019-09-07","0.00","0.0",,"64","68","59","   13","73.8"
"CA001108395","VANCOUVER INTERNATIONAL A, BC CA","2019-09-08","0.35","0.0",,"62","66","57","    9","71.6"
"CA001108395","VANCOUVER INTERNATIONAL A, BC CA","2019-09-09","0.05","0.0",,"63","67","58",,
"CA001108395","VANCOUVER INTERNATIONAL A, BC CA","2019-09-10","0.01","0.0",,"63","68","59","   19",
"CA001108395","VANCOUVER INTERNATIONAL A, BC CA","2019-09-11","0.00","0.0",,"62","68","55","   10","78.3"
"CA001108395","VANCOUVER INTERNATIONAL A, BC CA","2019-09-12","0.87","0.0",,"62","66","58","    8","82.8"
"CA001108395","VANCOUVER INTERNATIONAL A, BC CA","2019-09-13","0.28","0.0",,"62","68","57","   16","78.3"
"CA001108395","VANCOUVER INTERNATIONAL A, BC CA","2019-09-14","0.35","0.0",,"60","62","57","   15","102.9"
"CA001108395","VANCOUVER INTERNATIONAL A, BC CA","2019-09-15","0.08","0.0",,"60","65","55","   16","82.8"
"CA001108395","VANCOUVER INTERNATIONAL A, BC CA","2019-09-16","0.02","0.0",,"60","65","54",,
"CA001108395","VANCOUVER INTERNATIONAL A, BC CA","2019-09-17","0.54","0.0",,"58","60","55","    7","111.8"
"CA001108395","VANCOUVER INTERNATIONAL A, BC CA","2019-09-18","0.28","0.0",,"59","64","54","   28","78.3"
"CA001108395","VANCOUVER INTERNATIONAL A, BC CA","2019-09-19","0.05","0.0",,"54","60","49",,
"CA001108395","VANCOUVER INTERNATIONAL A, BC CA","2019-09-20","0.02","0.0",,"61","66","55",,
"CA001108395","VANCOUVER INTERNATIONAL A, BC CA","2019-09-21","0.11","0.0",,"61","67","55",,
"CA001108395","VANCOUVER INTERNATIONAL A, BC CA","2019-09-22","1.20","0.0",,"59","61","57","   11",
"CA001108395","VANCOUVER INTERNATIONAL A, BC CA","2019-09-23","0.24","0.0",,"55","58","53","   20",
"CA001108395","VANCOUVER INTERNATIONAL A, BC CA","2019-09-24","0.03","0.0",,"59","64","54","   21","71.6"
"CA001108395","VANCOUVER INTERNATIONAL A, BC CA","2019-09-25","0.02","0.0",,"56","61","51","   28","82.8"
"CA001108395","VANCOUVER INTERNATIONAL A, BC CA","2019-09-26","0.28","0.0",,"59","63","54","   28","123.0"
"CA001108395","VANCOUVER INTERNATIONAL A, BC CA","2019-09-27","0.03","0.0",,"51","59","44","   28","145.4"
"CA001108395","VANCOUVER INTERNATIONAL A, BC CA","2019-09-28","0.00","0.0",,"54","65","43","   32","82.8"
"CA001108395","VANCOUVER INTERNATIONAL A, BC CA","2019-09-29","0.00","0.0",,"54","61","46","    5","82.8"
"CA001108395","VANCOUVER INTERNATIONAL A, BC CA","2019-09-30","0.00","0.0",,"49","58","38",,
"CA001108395","VANCOUVER INTERNATIONAL A, BC CA","2019-10-01","0.00","0.0",,"50","59","41",,
"CA001108395","VANCOUVER INTERNATIONAL A, BC CA","2019-10-02","0.06","0.0",,"52","59","45",,
"CA001108395","VANCOUVER INTERNATIONAL A, BC CA","2019-10-03","0.06","0.0",,"56","61","51","   13","87.2"
"CA001108395","VANCOUVER INTERNATIONAL A, BC CA","2019-10-04","0.15","0.0",,"52","54","50",,
"CA001108395","VANCOUVER INTERNATIONAL A, BC CA","2019-10-05","0.00","0.0",,"51","57","45","   21",
"CA001108395","VANCOUVER INTERNATIONAL A, BC CA","2019-10-06","0.00","0.0",,"48","55","42",,
"CA001108395","VANCOUVER INTERNATIONAL A, BC CA","2019-10-07","0.65","0.0",,"56","61","50","   24","120.8"
"CA001108395","VANCOUVER INTERNATIONAL A, BC CA","2019-10-08","0.00","0.0",,"45","53","37","   28","120.8"
"CA001108395","VANCOUVER INTERNATIONAL A, BC CA","2019-10-09","0.00","0.0",,"42","50","33","   24",
"CA001108395","VANCOUVER INTERNATIONAL A, BC CA","2019-10-10","0.00","0.0",,"41","50","31",,
"CA001108395","VANCOUVER INTERNATIONAL A, BC CA","2019-10-11","0.00","0.0",,"44","54","34",,
"CA001108395","VANCOUVER INTERNATIONAL A, BC CA","2019-10-12","0.03","0.0",,"48","56","40",,
"CA001108395","VANCOUVER INTERNATIONAL A, BC CA","2019-10-13","0.01","0.0",,"50","56","43",,
"CA001108395","VANCOUVER INTERNATIONAL A, BC CA","2019-10-14","0.00","0.0",,"49","56","42","   21","73.8"
"CA001108395","VANCOUVER INTERNATIONAL A, BC CA","2019-10-15","0.26","0.0",,"49","53","44","    7","87.2"
"CA001108395","VANCOUVER INTERNATIONAL A, BC CA","2019-10-16","0.55","0.0",,"51","56","47","   14","123.0"
"CA001108395","VANCOUVER INTERNATIONAL A, BC CA","2019-10-17","0.36","0.0",,"52","58","46","   17","102.9"
"CA001108395","VANCOUVER INTERNATIONAL A, BC CA","2019-10-18","0.20","0.0",,"50","52","47","   19","100.7"
"CA001108395","VANCOUVER INTERNATIONAL A, BC CA","2019-10-19","0.26","0.0",,"49","51","46","   27","102.9"
"CA001108395","VANCOUVER INTERNATIONAL A, BC CA","2019-10-20","0.50","0.0",,"46","48","44","    7","73.8"
"CA001108395","VANCOUVER INTERNATIONAL A, BC CA","2019-10-21","1.55","0.0",,"48","51","45","   13","71.6"
"CA001108395","VANCOUVER INTERNATIONAL A, BC CA","2019-10-22","0.00","0.0",,"51","56","46","   23","120.8"
"CA001108395","VANCOUVER INTERNATIONAL A, BC CA","2019-10-23","0.00","0.0",,"45","53","37",,
"CA001108395","VANCOUVER INTERNATIONAL A, BC CA","2019-10-24","0.04","0.0",,"51","56","45",,
"CA001108395","VANCOUVER INTERNATIONAL A, BC CA","2019-10-25","0.14","0.0",,"51","55","46","   27","187.9"
"CA001108395","VANCOUVER INTERNATIONAL A, BC CA","2019-10-26","0.00","0.0",,"45","53","36","   29","87.2"
"CA001108395","VANCOUVER INTERNATIONAL A, BC CA","2019-10-27","0.00","0.0",,"41","51","31",,
"CA001108395","VANCOUVER INTERNATIONAL A, BC CA","2019-10-28","0.00","0.0",,"42","49","34","   28","71.6"
"CA001108395","VANCOUVER INTERNATIONAL A, BC CA","2019-10-29","0.00","0.0",,"42","48","35","   11","91.7"
"CA001108395","VANCOUVER INTERNATIONAL A, BC CA","2019-10-30","0.00","0.0",,"38","48","29",,
"CA001108395","VANCOUVER INTERNATIONAL A, BC CA","2019-10-31","0.00","0.0",,"42","49","34",,
"CA001108395","VANCOUVER INTERNATIONAL A, BC CA","2019-11-01","0.00","0.0",,"41","51","30",,
"CA001108395","VANCOUVER INTERNATIONAL A, BC CA","2019-11-02","0.00","0.0",,"41","50","32",,
"CA001108395","VANCOUVER INTERNATIONAL A, BC CA","2019-11-03","0.00","0.0",,"41","48","34",,
"CA001108395","VANCOUVER INTERNATIONAL A, BC CA","2019-11-04","0.00","0.0",,"42","49","35",,
"CA001108395","VANCOUVER INTERNATIONAL A, BC CA","2019-11-05","0.00","0.0",,"44","51","38",,
"CA001108395","VANCOUVER INTERNATIONAL A, BC CA","2019-11-06","0.00","0.0",,"42","51","33","   30","78.3"
"CA001108395","VANCOUVER INTERNATIONAL A, BC CA","2019-11-07","0.00","0.0",,"43","51","35",,
"CA001108395","VANCOUVER INTERNATIONAL A, BC CA","2019-11-08","0.00","0.0",,"45","53","36",,
"CA001108395","VANCOUVER INTERNATIONAL A, BC CA","2019-11-09","0.32","0.0",,"49","51","47",,
"CA001108395","VANCOUVER INTERNATIONAL A, BC CA","2019-11-10","0.00","0.0",,"46","52","39",,
"CA001108395","VANCOUVER INTERNATIONAL A, BC CA","2019-11-11","0.02","0.0",,"43","49","36","   31","73.8"
"CA001108395","VANCOUVER INTERNATIONAL A, BC CA","2019-11-12","0.67","0.0",,"48","49","46",,
"CA001108395","VANCOUVER INTERNATIONAL A, BC CA","2019-11-13","0.01","0.0",,"46","53","39",,
"CA001108395","VANCOUVER INTERNATIONAL A, BC CA","2019-11-14","0.00","0.0",,"46","55","37",,
"CA001108395","VANCOUVER INTERNATIONAL A, BC CA","2019-11-15","0.36","0.0",,"49","56","41","   13",
"CA001108395","VANCOUVER INTERNATIONAL A, BC CA","2019-11-16","0.33","0.0",,"46","51","42",,
"CA001108395","VANCOUVER INTERNATIONAL A, BC CA","2019-11-17","0.73","0.0",,"50","55","45","   11","102.9"
"CA001108395","VANCOUVER INTERNATIONAL A, BC CA","2019-11-18","0.46","0.0",,"49","51","47",,
"CA001108395","VANCOUVER INTERNATIONAL A, BC CA","2019-11-19","0.08","0.0",,"44","51","38","   29","94.0"
"CA001108395","VANCOUVER INTERNATIONAL A, BC CA","2019-11-20","0.00","0.0",,"40","49","31",,
"CA001108395","VANCOUVER INTERNATIONAL A, BC CA","2019-11-21","0.00","0.0",,"39","47","30",,
"CA001108395","VANCOUVER INTERNATIONAL A, BC CA","2019-11-22","0.00","0.0",,"38","46","29",,
"CA001108395","VANCOUVER INTERNATIONAL A, BC CA","2019-11-23","0.05","0.0",,"45","50","41","   15","100.7"
"CA001108395","VANCOUVER INTERNATIONAL A, BC CA","2019-11-24","0.00","0.0",,"45","52","38","   27","129.7"
"CA001108395","VANCOUVER INTERNATIONAL A, BC CA","2019-11-25","0.15","0.0",,"41","46","36","   29","91.7"
"CA001108395","VANCOUVER INTERNATIONAL A, BC CA","2019-11-26","0.19","0.0",,"39","44","33","    4","73.8"
"CA001108395","VANCOUVER INTERNATIONAL A, BC CA","2019-11-27","0.00","0.0",,"40","47","32","    5","116.3"
"CA001108395","VANCOUVER INTERNATIONAL A, BC CA","2019-11-28","0.00","0.0",,"33","43","24",,
"CA001108395","VANCOUVER INTERNATIONAL A, BC CA","2019-11-29","0.00","0.0",,"31","40","23",,
"CA001108395","VANCOUVER INTERNATIONAL A, BC CA","2019-11-30","0.00","0.0",,"31","40","22",,
"CA001108395","VANCOUVER INTERNATIONAL A, BC CA","2019-12-01","0.25","0.0",,"31","40","23","   32",
"CA001108395","VANCOUVER INTERNATIONAL A, BC CA","2019-12-02","0.38","0.0",,"38","40","36",,
"CA001108395","VANCOUVER INTERNATIONAL A, BC CA","2019-12-03","0.06","0.0",,"44","48","40",,
"CA001108395","VANCOUVER INTERNATIONAL A, BC CA","2019-12-04","0.19","0.0",,"46","48","43","   29","87.2"
"CA001108395","VANCOUVER INTERNATIONAL A, BC CA","2019-12-05","0.00","0.0",,"39","45","33","   31",
"CA001108395","VANCOUVER INTERNATIONAL A, BC CA","2019-12-06","0.29","0.0",,"45","49","41",,
"CA001108395","VANCOUVER INTERNATIONAL A, BC CA","2019-12-07","0.17","0.0",,"47","49","45","   10",
"CA001108395","VANCOUVER INTERNATIONAL A, BC CA","2019-12-08","0.00","0.0",,"44","47","41",,
"CA001108395","VANCOUVER INTERNATIONAL A, BC CA","2019-12-09","0.00","0.0",,"41","45","36",,
"CA001108395","VANCOUVER INTERNATIONAL A, BC CA","2019-12-10","0.12","0.0",,"38","43","32","    7","73.8"
"CA001108395","VANCOUVER INTERNATIONAL A, BC CA","2019-12-11","0.39","0.0",,"45","48","42","    9","87.2"
"CA001108395","VANCOUVER INTERNATIONAL A, BC CA","2019-12-12","0.69","0.0",,"44","47","40","    9","78.3"
"CA001108395","VANCOUVER INTERNATIONAL A, BC CA","2019-12-13","0.07","0.0",,"43","47","38",,
"CA001108395","VANCOUVER INTERNATIONAL A, BC CA","2019-12-14","0.15","0.0",,"42","45","39",,
"CA001108395","VANCOUVER INTERNATIONAL A, BC CA","2019-12-15","0.00","0.0",,"39","44","34",,
"CA001108395","VANCOUVER INTERNATIONAL A, BC CA","2019-12-16","0.14","0.0",,"40","42","37","    8","71.6"
"CA001108395","VANCOUVER INTERNATIONAL A, BC CA","2019-12-17","0.17","0.0",,"43","46","40",,
"CA001108395","VANCOUVER INTERNATIONAL A, BC CA","2019-12-18","0.34","0.0",,"45","48","43","   12","107.4"
"CA001108395","VANCOUVER INTERNATIONAL A, BC CA","2019-12-19","0.83","0.0",,"43","45","40","   11","116.3"
"CA001108395","VANCOUVER INTERNATIONAL A, BC CA","2019-12-20","0.57","0.0",,"45","47","42",,
"CA001108395","VANCOUVER INTERNATIONAL A, BC CA","2019-12-21","0.22","0.0",,"42","43","41",,
"CA001108395","VANCOUVER INTERNATIONAL A, BC CA","2019-12-22","0.00","0.0",,"40","46","35","   33","73.8"
"CA001108395","VANCOUVER INTERNATIONAL A, BC CA","2019-12-23","0.00","0.0",,"38","43","33","   30",
"CA001108395","VANCOUVER INTERNATIONAL A, BC CA","2019-12-24","0.11","0.0",,"40","43","36",,
"CA001108395","VANCOUVER INTERNATIONAL A, BC CA","2019-12-25","0.00","0.0",,"38","44","31",,
"CA001108395","VANCOUVER INTERNATIONAL A, BC CA","2019-12-26","0.03","0.0",,"35","42","28","   11","111.8"
"CA001108395","VANCOUVER INTERNATIONAL A, BC CA","2019-12-27","0.02","0.0",,"39","41","36","    7",
"CA001108395","VANCOUVER INTERNATIONAL A, BC CA","2019-12-28","0.12","0.0",,"42","44","39",,
"CA001108395","VANCOUVER INTERNATIONAL A, BC CA","2019-12-29","0.09","0.0",,"45","47","42","   30",
"CA001108395","VANCOUVER INTERNATIONAL A, BC CA","2019-12-30","0.23","0.0",,"45","47","44","   12","73.8"
"CA001108395","VANCOUVER INTERNATIONAL A, BC CA","2019-12-31","0.83","0.0",,"47","50","45","   11","107.4"
"CA001108395","VANCOUVER INTERNATIONAL A, BC CA","2020-01-01","0.03","0.0",,"46","51","41","   27","152.1"
"CA001108395","VANCOUVER INTERNATIONAL A, BC CA","2020-01-02","0.31","0.0",,"40","43","37","   25","136.5"
"CA001108395","VANCOUVER INTERNATIONAL A, BC CA","2020-01-03","0.64","0.0",,"47","54","40","   14","123.0"
"CA001108395","VANCOUVER INTERNATIONAL A, BC CA","2020-01-04","0.11","0.0",,"44","47","41","   25","120.8"
"CA001108395","VANCOUVER INTERNATIONAL A, BC CA","2020-01-05","0.03","0.0",,"43","47","39","   29","161.1"
"CA001108395","VANCOUVER INTERNATIONAL A, BC CA","2020-01-06","0.52","0.0",,"40","42","38","    5","78.3"
"CA001108395","VANCOUVER INTERNATIONAL A, BC CA","2020-01-07","0.67","0.0",,"45","49","41","   27","129.7"
"CA001108395","VANCOUVER INTERNATIONAL A, BC CA","2020-01-08","0.00","0.0",,"39","45","33","   28","123.0"
"CA001108395","VANCOUVER INTERNATIONAL A, BC CA","2020-01-09","0.00","0.0",,"35","41","29",,
"CA001108395","VANCOUVER INTERNATIONAL A, BC CA","2020-01-10","0.90","3.4","0.4","36","40","33","    7","100.7"
"CA001108395","VANCOUVER INTERNATIONAL A, BC CA","2020-01-11","0.37","0.0",,"40","43","37","   27","170.0"
"CA001108395","VANCOUVER INTERNATIONAL A, BC CA","2020-01-12","0.50","1.7","0.8","34","40","27","   29","161.1"
"CA001108395","VANCOUVER INTERNATIONAL A, BC CA","2020-01-13","0.03","0.6","1.2","24","28","21","   14","73.8"
"CA001108395","VANCOUVER INTERNATIONAL A, BC CA","2020-01-14","0.07","1.9","1.2","19","21","18",,
"CA001108395","VANCOUVER INTERNATIONAL A, BC CA","2020-01-15","0.45","5.9","2.4","25","32","18","   10","129.7"
"CA001108395","VANCOUVER INTERNATIONAL A, BC CA","2020-01-16","0.01","0.1","5.5","30","36","24","    7","132.0"
"CA001108395","VANCOUVER INTERNATIONAL A, BC CA","2020-01-17","0.00","0.0","4.7","31","38","24","    7","73.8"
"CA001108395","VANCOUVER INTERNATIONAL A, BC CA","2020-01-18","0.36","0.0","4.3","38","43","33","    8","102.9"
"CA001108395","VANCOUVER INTERNATIONAL A, BC CA","2020-01-19","0.18","0.0","0.8","44","48","40",,
"CA001108395","VANCOUVER INTERNATIONAL A, BC CA","2020-01-20","0.23","0.0",,"45","49","40","    7","71.6"
"CA001108395","VANCOUVER INTERNATIONAL A, BC CA","2020-01-21","0.33","0.0",,"45","48","42","   15","107.4"
"CA001108395","VANCOUVER INTERNATIONAL A, BC CA","2020-01-22","0.39","0.0",,"44","46","42","   16","91.7"
"CA001108395","VANCOUVER INTERNATIONAL A, BC CA","2020-01-23","1.13","0.0",,"47","51","42","    6","94.0"
"CA001108395","VANCOUVER INTERNATIONAL A, BC CA","2020-01-24","0.36","0.0",,"47","51","42","   20","91.7"
"CA001108395","VANCOUVER INTERNATIONAL A, BC CA","2020-01-25","0.20","0.0",,"46","48","44",,
"CA001108395","VANCOUVER INTERNATIONAL A, BC CA","2020-01-26","0.17","0.0",,"47","52","43","   13","87.2"
"CA001108395","VANCOUVER INTERNATIONAL A, BC CA","2020-01-27","0.18","0.0",,"45","49","40","   12","116.3"
"CA001108395","VANCOUVER INTERNATIONAL A, BC CA","2020-01-28","0.06","0.0",,"45","50","40","   10","82.8"
"CA001108395","VANCOUVER INTERNATIONAL A, BC CA","2020-01-29","0.26","0.0",,"47","52","42","   13","94.0"
"CA001108395","VANCOUVER INTERNATIONAL A, BC CA","2020-01-30","0.25","0.0",,"44","47","39","   10","78.3"
"CA001108395","VANCOUVER INTERNATIONAL A, BC CA","2020-01-31","1.37","0.0",,"49","54","44","   18","94.0"
"CA001108395","VANCOUVER INTERNATIONAL A, BC CA","2020-02-01","0.23","0.0",,"45","52","38","   28","132.0"
"CA001108395","VANCOUVER INTERNATIONAL A, BC CA","2020-02-02","0.07","0.0",,"36","43","30","   14","73.8"
"CA001108395","VANCOUVER INTERNATIONAL A, BC CA","2020-02-03","0.00","0.0",,"36","40","32","   30","94.0"
"CA001108395","VANCOUVER INTERNATIONAL A, BC CA","2020-02-04","0.51","4.3","1.2","33","35","31",,
"CA001108395","VANCOUVER INTERNATIONAL A, BC CA","2020-02-05","0.55","0.0","0.8","37","41","33",,
"CA001108395","VANCOUVER INTERNATIONAL A, BC CA","2020-02-06","0.34","0.0",,"40","42","38",,
"CA001108395","VANCOUVER INTERNATIONAL A, BC CA","2020-02-07","0.14","0.0",,"42","47","38","   19","91.7"
"CA001108395","VANCOUVER INTERNATIONAL A, BC CA","2020-02-08","0.01","0.0",,"41","46","36","   29","111.8"
"CA001108395","VANCOUVER INTERNATIONAL A, BC CA","2020-02-09","0.00","0.0",,"36","42","29",,
"CA001108395","VANCOUVER INTERNATIONAL A, BC CA","2020-02-10","0.00","0.0",,"39","45","32",,
"CA001108395","VANCOUVER INTERNATIONAL A, BC CA","2020-02-11","0.00","0.0",,"43","50","36","   17","82.8"
"CA001108395","VANCOUVER INTERNATIONAL A, BC CA","2020-02-12","0.03","0.0",,"44","46","41",,
"CA001108395","VANCOUVER INTERNATIONAL A, BC CA","2020-02-13","0.06","0.0",,"44","48","40","   24","87.2"
"CA001108395","VANCOUVER INTERNATIONAL A, BC CA","2020-02-14","0.06","0.0",,"41","47","35","   22","82.8"
"CA001108395","VANCOUVER INTERNATIONAL A, BC CA","2020-02-15","0.36","0.0",,"41","45","37","   26","73.8"
"CA001108395","VANCOUVER INTERNATIONAL A, BC CA","2020-02-16","0.00","0.0",,"42","47","37","   28","116.3"
"CA001108395","VANCOUVER INTERNATIONAL A, BC CA","2020-02-17","0.00","0.0",,"38","45","31","   27","102.9"
"CA001108395","VANCOUVER INTERNATIONAL A, BC CA","2020-02-18","0.00","0.0",,"36","44","28",,
"CA001108395","VANCOUVER INTERNATIONAL A, BC CA","2020-02-19","0.00","0.0",,"36","44","27",,
"CA001108395","VANCOUVER INTERNATIONAL A, BC CA","2020-02-20","0.00","0.0",,"37","47","26",,
"CA001108395","VANCOUVER INTERNATIONAL A, BC CA","2020-02-21","0.00","0.0",,"40","52","29","   12",
"CA001108395","VANCOUVER INTERNATIONAL A, BC CA","2020-02-22","0.32","0.0",,"43","47","40",,
"CA001108395","VANCOUVER INTERNATIONAL A, BC CA","2020-02-23","0.39","0.0",,"44","48","39","   27","120.8"
"CA001108395","VANCOUVER INTERNATIONAL A, BC CA","2020-02-24","0.05","0.0",,"43","46","39","   27","120.8"
"CA001108395","VANCOUVER INTERNATIONAL A, BC CA","2020-02-25","0.04","0.0",,"41","45","38",,
"CA001108395","VANCOUVER INTERNATIONAL A, BC CA","2020-02-26","0.07","0.0",,"43","49","38",,
"CA001108395","VANCOUVER INTERNATIONAL A, BC CA","2020-02-27","0.17","0.0",,"46","49","43",,
"CA001108395","VANCOUVER INTERNATIONAL A, BC CA","2020-02-28","0.16","0.0",,"44","46","41","   18","102.9"
"CA001108395","VANCOUVER INTERNATIONAL A, BC CA","2020-02-29","0.05","0.0",,"44","47","40","   28","107.4"
"CA001108395","VANCOUVER INTERNATIONAL A, BC CA","2020-03-01","0.03","0.0",,"38","45","31","   28","71.6"
"CA001108395","VANCOUVER INTERNATIONAL A, BC CA","2020-03-02","0.58","0.0",,"41","43","38","    6","71.6"
"CA001108395","VANCOUVER INTERNATIONAL A, BC CA","2020-03-03","0.06","0.0",,"42","47","36","   16","107.4"
"CA001108395","VANCOUVER INTERNATIONAL A, BC CA","2020-03-04","0.00","0.0",,"45","50","39","   23","107.4"
"CA001108395","VANCOUVER INTERNATIONAL A, BC CA","2020-03-05","0.09","0.0",,"44","47","41","   10","73.8"
"CA001108395","VANCOUVER INTERNATIONAL A, BC CA","2020-03-06","0.00","0.0",,,,,,
"CA001108395","VANCOUVER INTERNATIONAL A, BC CA","2020-03-07","0.00","0.0",,"38","45","31",,
"CA001108395","VANCOUVER INTERNATIONAL A, BC CA","2020-03-08","0.00","0.0",,"37","44","30",,
"CA001108395","VANCOUVER INTERNATIONAL A, BC CA","2020-03-09","0.00","0.0",,"35","44","26",,
"CA001108395","VANCOUVER INTERNATIONAL A, BC CA","2020-03-10","0.08","0.0",,"41","44","38","    7","73.8"
"CA001108395","VANCOUVER INTERNATIONAL A, BC CA","2020-03-11","0.00","0.0",,"44","49","40","   28","145.4"
"CA001108395","VANCOUVER INTERNATIONAL A, BC CA","2020-03-12","0.00","0.0",,"40","47","34","   29","129.7"
"CA001108395","VANCOUVER INTERNATIONAL A, BC CA","2020-03-13","0.00","0.0",,"41","48","34","    7","94.0"
"CA001108395","VANCOUVER INTERNATIONAL A, BC CA","2020-03-14","0.00","0.0",,,,,"   10","100.7"
"CA001108395","VANCOUVER INTERNATIONAL A, BC CA","2020-03-15","0.00","0.0",,"34","44","24","   30","107.4"
"CA001108395","VANCOUVER INTERNATIONAL A, BC CA","2020-03-16","0.00","0.0",,"38","49","27",,
"CA001108395","VANCOUVER INTERNATIONAL A, BC CA","2020-03-17","0.00","0.0",,"39","49","29","   30","82.8"
"CA001108395","VANCOUVER INTERNATIONAL A, BC CA","2020-03-18","0.00","0.0",,"41","53","29",,
"CA001108395","VANCOUVER INTERNATIONAL A, BC CA","2020-03-19","0.00","0.0",,"44","53","34","   21",
"CA001108395","VANCOUVER INTERNATIONAL A, BC CA","2020-03-20","0.00","0.0",,,,,,
"CA001108395","VANCOUVER INTERNATIONAL A, BC CA","2020-03-21","0.00","0.0",,"42","52","32",,
"CA001108395","VANCOUVER INTERNATIONAL A, BC CA","2020-03-22","0.00","0.0",,"44","51","37","   21","73.8"
"CA001108395","VANCOUVER INTERNATIONAL A, BC CA","2020-03-23","0.06","0.0",,"45","50","40","   21","78.3"
"CA001108395","VANCOUVER INTERNATIONAL A, BC CA","2020-03-24","0.01","0.0",,"42","47","36",,
"CA001108395","VANCOUVER INTERNATIONAL A, BC CA","2020-03-25","0.00","0.0",,"43","49","36",,
"CA001108395","VANCOUVER INTERNATIONAL A, BC CA","2020-03-26","0.08","0.0",,"44","48","39",,
"CA001108395","VANCOUVER INTERNATIONAL A, BC CA","2020-03-27","0.22","0.0",,"45","48","42",,
"CA001108395","VANCOUVER INTERNATIONAL A, BC CA","2020-03-28","0.19","0.0",,"48","50","45","   15","100.7"
"CA001108395","VANCOUVER INTERNATIONAL A, BC CA","2020-03-29","0.02","0.0",,"51","56","45","   20","82.8"
"CA001108395","VANCOUVER INTERNATIONAL A, BC CA","2020-03-30","0.20","0.0",,"45","49","40","   15","136.5"
"CA001108395","VANCOUVER INTERNATIONAL A, BC CA","2020-03-31","0.00","0.0",,"43","51","35","   20","73.8"
"CA001108395","VANCOUVER INTERNATIONAL A, BC CA","2020-04-01","0.06","0.0",,"42","48","35","   28",
"CA001108395","VANCOUVER INTERNATIONAL A, BC CA","2020-04-02","0.00","0.0",,"42","48","36","   10","71.6"
"CA001108395","VANCOUVER INTERNATIONAL A, BC CA","2020-04-03","0.00","0.0",,"43","48","38","   28","100.7"
"CA001108395","VANCOUVER INTERNATIONAL A, BC CA","2020-04-04","0.03","0.0",,"43","50","36","   10","73.8"
"CA001108395","VANCOUVER INTERNATIONAL A, BC CA","2020-04-05","0.00","0.0",,"44","51","37","   30","71.6"
"CA001108395","VANCOUVER INTERNATIONAL A, BC CA","2020-04-06","0.00","0.0",,"42","52","33","   23",
"CA001108395","VANCOUVER INTERNATIONAL A, BC CA","2020-04-07","0.00","0.0",,"45","53","37","   28","87.2"
"CA001108395","VANCOUVER INTERNATIONAL A, BC CA","2020-04-08","0.00","0.0",,"45","55","34","   29",
"CA001108395","VANCOUVER INTERNATIONAL A, BC CA","2020-04-09","0.00","0.0",,"46","55","36",,
"CA001108395","VANCOUVER INTERNATIONAL A, BC CA","2020-04-10","0.00","0.0",,"49","58","39","   25",
"CA001108395","VANCOUVER INTERNATIONAL A, BC CA","2020-04-11","0.00","0.0",,"50","58","42","   29","100.7"
"CA001108395","VANCOUVER INTERNATIONAL A, BC CA","2020-04-12","0.00","0.0",,"45","57","33",,
"CA001108395","VANCOUVER INTERNATIONAL A, BC CA","2020-04-13","0.00","0.0",,"46","58","33",,
"CA001108395","VANCOUVER INTERNATIONAL A, BC CA","2020-04-14","0.00","0.0",,"49","58","39","   22","71.6"
"CA001108395","VANCOUVER INTERNATIONAL A, BC CA","2020-04-15","0.00","0.0",,"50","60","39",,
"CA001108395","VANCOUVER INTERNATIONAL A, BC CA","2020-04-16","0.00","0.0",,"50","63","37",,
"CA001108395","VANCOUVER INTERNATIONAL A, BC CA","2020-04-17","0.00","0.0",,"52","60","43",,
"CA001108395","VANCOUVER INTERNATIONAL A, BC CA","2020-04-18","0.03","0.0",,"55","61","49","   20","78.3"
"CA001108395","VANCOUVER INTERNATIONAL A, BC CA","2020-04-19","0.00","0.0",,"55","62","49",,
"CA001108395","VANCOUVER INTERNATIONAL A, BC CA","2020-04-20","0.00","0.0",,"51","60","43",,
"CA001108395","VANCOUVER INTERNATIONAL A, BC CA","2020-04-21","0.00","0.0",,"51","57","46","   13","78.3"
"CA001108395","VANCOUVER INTERNATIONAL A, BC CA","2020-04-22","0.33","0.0",,"50","53","46",,
"CA001108395","VANCOUVER INTERNATIONAL A, BC CA","2020-04-23","0.00","0.0",,"52","60","44","   20","71.6"
"CA001108395","VANCOUVER INTERNATIONAL A, BC CA","2020-04-24","0.02","0.0",,"51","57","46",,
"CA001108395","VANCOUVER INTERNATIONAL A, BC CA","2020-04-25","0.14","0.0",,"56","62","50","   15","116.3"
"CA001108395","VANCOUVER INTERNATIONAL A, BC CA","2020-04-26","0.08","0.0",,"50","59","41","   10","87.2"
"CA001108395","VANCOUVER INTERNATIONAL A, BC CA","2020-04-27","0.06","0.0",,"54","60","48","   12","87.2"
"CA001108395","VANCOUVER INTERNATIONAL A, BC CA","2020-04-28","0.02","0.0",,"50","58","43",,
"CA001108395","VANCOUVER INTERNATIONAL A, BC CA","2020-04-29","0.13","0.0",,"50","59","42","   18","94.0"
"CA001108395","VANCOUVER INTERNATIONAL A, BC CA","2020-04-30","0.00","0.0",,"54","61","47","   18","91.7"
"CA001108395","VANCOUVER INTERNATIONAL A, BC CA","2020-05-01","0.06","0.0",,"54","60","49","   20","87.2"
"CA001108395","VANCOUVER INTERNATIONAL A, BC CA","2020-05-02","0.27","0.0",,"54","59","49","    8","107.4"
"CA001108395","VANCOUVER INTERNATIONAL A, BC CA","2020-05-03","0.01","0.0",,"50","57","44","   19","102.9"
"CA001108395","VANCOUVER INTERNATIONAL A, BC CA","2020-05-04","0.02","0.0",,"49","59","39","   23","71.6"
"CA001108395","VANCOUVER INTERNATIONAL A, BC CA","2020-05-05","0.05","0.0",,"53","60","45","   29","73.8"
"CA001108395","VANCOUVER INTERNATIONAL A, BC CA","2020-05-06","0.07","0.0",,"56","63","49","   30","102.9"
"CA001108395","VANCOUVER INTERNATIONAL A, BC CA","2020-05-07","0.00","0.0",,"50","60","41","   30","82.8"
"CA001108395","VANCOUVER INTERNATIONAL A, BC CA","2020-05-08","0.00","0.0",,"56","69","42","   30","71.6"
"CA001108395","VANCOUVER INTERNATIONAL A, BC CA","2020-05-09","0.00","0.0",,"59","72","46","   30",
"CA001108395","VANCOUVER INTERNATIONAL A, BC CA","2020-05-10","0.00","0.0",,"61","73","49",,
"CA001108395","VANCOUVER INTERNATIONAL A, BC CA","2020-05-11","0.02","0.0",,"62","72","52","   11","71.6"
"CA001108395","VANCOUVER INTERNATIONAL A, BC CA","2020-05-12","0.61","0.0",,"59","66","52","   11","71.6"
"CA001108395","VANCOUVER INTERNATIONAL A, BC CA","2020-05-13","0.05","0.0",,"58","63","52","   14",
"CA001108395","VANCOUVER INTERNATIONAL A, BC CA","2020-05-14","0.02","0.0",,"57","62","51","   19","78.3"
"CA001108395","VANCOUVER INTERNATIONAL A, BC CA","2020-05-15","0.00","0.0",,"56","66","47","   14","73.8"
"CA001108395","VANCOUVER INTERNATIONAL A, BC CA","2020-05-16","0.13","0.0",,"57","62","52","    7","73.8"
"CA001108395","VANCOUVER INTERNATIONAL A, BC CA","2020-05-17","0.21","0.0",,"57","63","51","    7","116.3"
"CA001108395","VANCOUVER INTERNATIONAL A, BC CA","2020-05-18","0.00","0.0",,"56","63","47",,
"CA001108395","VANCOUVER INTERNATIONAL A, BC CA","2020-05-19","0.00","0.0",,"57","65","50","   20","94.0"
"CA001108395","VANCOUVER INTERNATIONAL A, BC CA","2020-05-20","0.00","0.0",,"56","62","50","   28","87.2"
"CA001108395","VANCOUVER INTERNATIONAL A, BC CA","2020-05-21","0.01","0.0",,"56","60","51","   28","100.7"
"CA001108395","VANCOUVER INTERNATIONAL A, BC CA","2020-05-22","0.00","0.0",,"57","62","52","   28","87.2"
"CA001108395","VANCOUVER INTERNATIONAL A, BC CA","2020-05-23","0.08","0.0",,"57","64","50",,
"CA001108395","VANCOUVER INTERNATIONAL A, BC CA","2020-05-24","0.03","0.0",,"58","63","52",,
"CA001108395","VANCOUVER INTERNATIONAL A, BC CA","2020-05-25","0.36","0.0",,"59","63","55",,
"CA001108395","VANCOUVER INTERNATIONAL A, BC CA","2020-05-26","0.02","0.0",,"58","63","54","   29","87.2"
"CA001108395","VANCOUVER INTERNATIONAL A, BC CA","2020-05-27","0.00","0.0",,"56","68","45",,
"CA001108395","VANCOUVER INTERNATIONAL A, BC CA","2020-05-28","0.00","0.0",,"63","73","53",,
"CA001108395","VANCOUVER INTERNATIONAL A, BC CA","2020-05-29","0.00","0.0",,"61","69","53",,
"CA001108395","VANCOUVER INTERNATIONAL A, BC CA","2020-05-30","0.20","0.0",,"57","61","52","   10","78.3"
"CA001108395","VANCOUVER INTERNATIONAL A, BC CA","2020-05-31","0.00","0.0",,"57","63","51","    9","78.3"
"CA001108395","VANCOUVER INTERNATIONAL A, BC CA","2020-06-01","0.00","0.0",,"55","65","45","   21","73.8"
"CA001108395","VANCOUVER INTERNATIONAL A, BC CA","2020-06-02","0.17","0.0",,"55","59","51","   10","71.6"
"CA001108395","VANCOUVER INTERNATIONAL A, BC CA","2020-06-03","0.00","0.0",,"56","62","50",,
"CA001108395","VANCOUVER INTERNATIONAL A, BC CA","2020-06-04","0.01","0.0",,"59","67","51","   16",
"CA001108395","VANCOUVER INTERNATIONAL A, BC CA","2020-06-05","0.00","0.0",,"57","64","49","   28","71.6"
"CA001108395","VANCOUVER INTERNATIONAL A, BC CA","2020-06-06","0.21","0.0",,"57","63","51","   18","78.3"
"CA001108395","VANCOUVER INTERNATIONAL A, BC CA","2020-06-07","0.00","0.0",,"56","64","48","   27","91.7"
"CA001108395","VANCOUVER INTERNATIONAL A, BC CA","2020-06-08","0.00","0.0",,"60","65","55","   27","94.0"
"CA001108395","VANCOUVER INTERNATIONAL A, BC CA","2020-06-09","0.31","0.0",,"54","58","51","    7","78.3"
"CA001108395","VANCOUVER INTERNATIONAL A, BC CA","2020-06-10","0.07","0.0",,"62","68","55",,
"CA001108395","VANCOUVER INTERNATIONAL A, BC CA","2020-06-11","0.00","0.0",,"63","68","57","   11","71.6"
"CA001108395","VANCOUVER INTERNATIONAL A, BC CA","2020-06-12","0.54","0.0",,"58","63","54","   18","78.3"
"CA001108395","VANCOUVER INTERNATIONAL A, BC CA","2020-06-13","0.04","0.0",,"56","61","51",,
"CA001108395","VANCOUVER INTERNATIONAL A, BC CA","2020-06-14","0.03","0.0",,"58","65","52","   15","78.3"
"CA001108395","VANCOUVER INTERNATIONAL A, BC CA","2020-06-15","0.21","0.0",,"55","57","52",,
"CA001108395","VANCOUVER INTERNATIONAL A, BC CA","2020-06-16","0.00","0.0",,"58","65","50","   28","71.6"
"CA001108395","VANCOUVER INTERNATIONAL A, BC CA","2020-06-17","0.00","0.0",,"60","70","50","   19","82.8"
"CA001108395","VANCOUVER INTERNATIONAL A, BC CA","2020-06-18","0.00","0.0",,"60","67","51",,
"CA001108395","VANCOUVER INTERNATIONAL A, BC CA","2020-06-19","0.03","0.0",,"66","75","57","   19","73.8"
"CA001108395","VANCOUVER INTERNATIONAL A, BC CA","2020-06-20","0.20","0.0",,"65","69","60",,
"CA001108395","VANCOUVER INTERNATIONAL A, BC CA","2020-06-21","0.00","0.0",,"64","71","57","   14","73.8"
"CA001108395","VANCOUVER INTERNATIONAL A, BC CA","2020-06-22","0.00","0.0",,"63","72","53","   30",
"CA001108395","VANCOUVER INTERNATIONAL A, BC CA","2020-06-23","0.03","0.0",,"64","70","59",,
"CA001108395","VANCOUVER INTERNATIONAL A, BC CA","2020-06-24","0.17","0.0",,"65","70","60","   29","71.6"
"CA001108395","VANCOUVER INTERNATIONAL A, BC CA","2020-06-25","0.00","0.0",,"63","70","57","   30","73.8"
"CA001108395","VANCOUVER INTERNATIONAL A, BC CA","2020-06-26","0.02","0.0",,"63","69","58",,
"CA001108395","VANCOUVER INTERNATIONAL A, BC CA","2020-06-27","0.02","0.0",,"61","66","56","   25","102.9"
"CA001108395","VANCOUVER INTERNATIONAL A, BC CA","2020-06-28","0.02","0.0",,"61","70","52","   28","71.6"
"CA001108395","VANCOUVER INTERNATIONAL A, BC CA","2020-06-29","0.00","0.0",,"63","71","55","   18","82.8"
"CA001108395","VANCOUVER INTERNATIONAL A, BC CA","2020-06-30","0.02","0.0",,"62","68","56","   11","78.3"
"CA001108395","VANCOUVER INTERNATIONAL A, BC CA","2020-07-01","0.06","0.0",,"57","59","55","   28","73.8"
"CA001108395","VANCOUVER INTERNATIONAL A, BC CA","2020-07-02","0.04","0.0",,"60","65","55","   13","94.0"
"CA001108395","VANCOUVER INTERNATIONAL A, BC CA","2020-07-03","0.64","0.0",,"56","58","54",,
"CA001108395","VANCOUVER INTERNATIONAL A, BC CA","2020-07-04","0.00","0.0",,"60","66","54",,
"CA001108395","VANCOUVER INTERNATIONAL A, BC CA","2020-07-05","0.00","0.0",,"59","68","50",,
"CA001108395","VANCOUVER INTERNATIONAL A, BC CA","2020-07-06","0.00","0.0",,"62","70","54","   13","71.6"
"CA001108395","VANCOUVER INTERNATIONAL A, BC CA","2020-07-07","0.00","0.0",,"61","66","56","   20","73.8"
"CA001108395","VANCOUVER INTERNATIONAL A, BC CA","2020-07-08","0.03","0.0",,"63","70","56","   13","73.8"
"CA001108395","VANCOUVER INTERNATIONAL A, BC CA","2020-07-09","0.18","0.0",,"63","69","57","   15","73.8"
"CA001108395","VANCOUVER INTERNATIONAL A, BC CA","2020-07-10","0.00","0.0",,"62","71","53","   12","78.3"
"CA001108395","VANCOUVER INTERNATIONAL A, BC CA","2020-07-11","0.13","0.0",,"60","63","56",,
"CA001108395","VANCOUVER INTERNATIONAL A, BC CA","2020-07-12","0.00","0.0",,"60","68","52","   20","78.3"
"CA001108395","VANCOUVER INTERNATIONAL A, BC CA","2020-07-13","0.00","0.0",,"60","67","52",,
"CA001108395","VANCOUVER INTERNATIONAL A, BC CA","2020-07-14","0.00","0.0",,"61","70","52",,
"CA001108395","VANCOUVER INTERNATIONAL A, BC CA","2020-07-15","0.00","0.0",,"66","76","57","   18","78.3"
"CA001108395","VANCOUVER INTERNATIONAL A, BC CA","2020-07-16","0.00","0.0",,"67","76","59","   11","73.8"
"CA001108395","VANCOUVER INTERNATIONAL A, BC CA","2020-07-17","0.00","0.0",,"65","70","60","   28","71.6"
"CA001108395","VANCOUVER INTERNATIONAL A, BC CA","2020-07-18","0.00","0.0",,"63","73","53","   28",
"CA001108395","VANCOUVER INTERNATIONAL A, BC CA","2020-07-19","0.00","0.0",,"65","73","58","   30","87.2"
"CA001108395","VANCOUVER INTERNATIONAL A, BC CA","2020-07-20","0.00","0.0",,"69","75","63","   29","82.8"
"CA001108395","VANCOUVER INTERNATIONAL A, BC CA","2020-07-21","0.00","0.0",,"71","81","60","   18","78.3"
"CA001108395","VANCOUVER INTERNATIONAL A, BC CA","2020-07-22","0.00","0.0",,"68","76","60","   13",
"CA001108395","VANCOUVER INTERNATIONAL A, BC CA","2020-07-23","0.00","0.0",,"65","71","59","   12","82.8"
"CA001108395","VANCOUVER INTERNATIONAL A, BC CA","2020-07-24","0.00","0.0",,"63","69","58","   10","73.8"
"CA001108395","VANCOUVER INTERNATIONAL A, BC CA","2020-07-25","0.00","0.0",,"61","71","52","   20",
"CA001108395","VANCOUVER INTERNATIONAL A, BC CA","2020-07-26","0.00","0.0",,"64","76","53","   29","71.6"
"CA001108395","VANCOUVER INTERNATIONAL A, BC CA","2020-07-27","0.00","0.0",,"69","80","58",,
"CA001108395","VANCOUVER INTERNATIONAL A, BC CA","2020-07-28","0.00","0.0",,"67","74","59","   19","71.6"
"CA001108395","VANCOUVER INTERNATIONAL A, BC CA","2020-07-29","0.00","0.0",,"65","76","53",,
"CA001108395","VANCOUVER INTERNATIONAL A, BC CA","2020-07-30","0.00","0.0",,"67","78","56",,
"CA001108395","VANCOUVER INTERNATIONAL A, BC CA","2020-07-31","0.00","0.0",,"70","78","62","   12","82.8"
"CA001108395","VANCOUVER INTERNATIONAL A, BC CA","2020-08-01","0.00","0.0",,"67","76","57","   14","82.8"
"CA001108395","VANCOUVER INTERNATIONAL A, BC CA","2020-08-02","0.00","0.0",,"68","78","58","   12","78.3"
"CA001108395","VANCOUVER INTERNATIONAL A, BC CA","2020-08-03","0.00","0.0",,"69","78","59","   17",
"CA001108395","VANCOUVER INTERNATIONAL A, BC CA","2020-08-04","0.00","0.0",,"68","76","60","   28","73.8"
"CA001108395","VANCOUVER INTERNATIONAL A, BC CA","2020-08-05","0.00","0.0",,"69","80","59","   12","73.8"
"CA001108395","VANCOUVER INTERNATIONAL A, BC CA","2020-08-06","1.01","0.0",,"64","69","59","   19","107.4"
"CA001108395","VANCOUVER INTERNATIONAL A, BC CA","2020-08-07","0.18","0.0",,"62","67","57","   11",
"CA001108395","VANCOUVER INTERNATIONAL A, BC CA","2020-08-08","0.07","0.0",,"64","69","58","   28","87.2"
"CA001108395","VANCOUVER INTERNATIONAL A, BC CA","2020-08-09","0.00","0.0",,"61","70","52",,
"CA001108395","VANCOUVER INTERNATIONAL A, BC CA","2020-08-10","0.00","0.0",,"63","71","55","   28","73.8"
"CA001108395","VANCOUVER INTERNATIONAL A, BC CA","2020-08-11","0.00","0.0",,"62","66","57","   26","82.8"
"CA001108395","VANCOUVER INTERNATIONAL A, BC CA","2020-08-12","0.00","0.0",,"62","68","56","   29","82.8"
"CA001108395","VANCOUVER INTERNATIONAL A, BC CA","2020-08-13","0.00","0.0",,"60","68","51","   21",
"CA001108395","VANCOUVER INTERNATIONAL A, BC CA","2020-08-14","0.00","0.0",,"63","72","54",,
"CA001108395","VANCOUVER INTERNATIONAL A, BC CA","2020-08-15","0.00","0.0",,"65","75","55",,
"CA001108395","VANCOUVER INTERNATIONAL A, BC CA","2020-08-16","0.00","0.0",,"71","83","59",,
"CA001108395","VANCOUVER INTERNATIONAL A, BC CA","2020-08-17","0.00","0.0",,"75","85","65","   12",
"CA001108395","VANCOUVER INTERNATIONAL A, BC CA","2020-08-18","0.00","0.0",,"70","78","61","   11","82.8"
"CA001108395","VANCOUVER INTERNATIONAL A, BC CA","2020-08-19","0.00","0.0",,"67","76","58","   13",
"CA001108395","VANCOUVER INTERNATIONAL A, BC CA","2020-08-20","0.26","0.0",,"66","72","60","   12","87.2"
"CA001108395","VANCOUVER INTERNATIONAL A, BC CA","2020-08-21","0.30","0.0",,"66","71","62","   16","87.2"
"CA001108395","VANCOUVER INTERNATIONAL A, BC CA","2020-08-22","0.00","0.0",,"61","69","53",,
"CA001108395","VANCOUVER INTERNATIONAL A, BC CA","2020-08-23","0.00","0.0",,"62","68","55","   28","78.3"
"CA001108395","VANCOUVER INTERNATIONAL A, BC CA","2020-08-24","0.01","0.0",,"63","67","58",,
"CA001108395","VANCOUVER INTERNATIONAL A, BC CA","2020-08-25","0.00","0.0",,"60","68","52","   28","71.6"
"CA001108395","VANCOUVER INTERNATIONAL A, BC CA","2020-08-26","0.00","0.0",,"60","68","52",,
"CA001108395","VANCOUVER INTERNATIONAL A, BC CA","2020-08-27","0.00","0.0",,"61","69","53",,
"CA001108395","VANCOUVER INTERNATIONAL A, BC CA","2020-08-28","0.00","0.0",,"63","71","54","   29","94.0"
"CA001108395","VANCOUVER INTERNATIONAL A, BC CA","2020-08-29","0.00","0.0",,"62","66","57","   28","123.0"
"CA001108395","VANCOUVER INTERNATIONAL A, BC CA","2020-08-30","0.00","0.0",,"58","67","49","   29",
"CA001108395","VANCOUVER INTERNATIONAL A, BC CA","2020-08-31","0.00","0.0",,"61","67","55",,
"CA001108395","VANCOUVER INTERNATIONAL A, BC CA","2020-09-01","0.00","0.0",,"65","71","58",,
"CA001108395","VANCOUVER INTERNATIONAL A, BC CA","2020-09-02","0.00","0.0",,"64","72","56",,
"CA001108395","VANCOUVER INTERNATIONAL A, BC CA","2020-09-03","0.00","0.0",,"62","71","53",,
"CA001108395","VANCOUVER INTERNATIONAL A, BC CA","2020-09-04","0.00","0.0",,"64","74","55",,
"CA001108395","VANCOUVER INTERNATIONAL A, BC CA","2020-09-05","0.00","0.0",,"64","71","58","   12","78.3"
"CA001108395","VANCOUVER INTERNATIONAL A, BC CA","2020-09-06","0.00","0.0",,"63","70","56",,
"CA001108395","VANCOUVER INTERNATIONAL A, BC CA","2020-09-07","0.00","0.0",,"66","75","57","   29","78.3"
"CA001108395","VANCOUVER INTERNATIONAL A, BC CA","2020-09-08","0.00","0.0",,"62","74","50","   20",
"CA001108395","VANCOUVER INTERNATIONAL A, BC CA","2020-09-09","0.00","0.0",,"62","73","52","   30","71.6"
"CA001108395","VANCOUVER INTERNATIONAL A, BC CA","2020-09-10","0.00","0.0",,"65","76","54",,
"CA001108395","VANCOUVER INTERNATIONAL A, BC CA","2020-09-11","0.00","0.0",,"67","75","58","   10","78.3"
"CA001108395","VANCOUVER INTERNATIONAL A, BC CA","2020-09-12","0.00","0.0",,"59","64","55",,
"CA001108395","VANCOUVER INTERNATIONAL A, BC CA","2020-09-13","0.00","0.0",,"57","62","52",,
"CA001108395","VANCOUVER INTERNATIONAL A, BC CA","2020-09-14","0.04","0.0",,"58","63","52",,
"CA001108395","VANCOUVER INTERNATIONAL A, BC CA","2020-09-15","0.07","0.0",,"66","71","60","   29","78.3"
"CA001108395","VANCOUVER INTERNATIONAL A, BC CA","2020-09-16","0.00","0.0",,"63","68","58",,
"CA001108395","VANCOUVER INTERNATIONAL A, BC CA","2020-09-17","0.00","0.0",,"64","68","60",,
"CA001108395","VANCOUVER INTERNATIONAL A, BC CA","2020-09-18","0.00","0.0",,"62","65","58",,
"CA001108395","VANCOUVER INTERNATIONAL A, BC CA","2020-09-19","0.11","0.0",,"61","65","57",,
"CA001108395","VANCOUVER INTERNATIONAL A, BC CA","2020-09-20","0.00","0.0",,"62","70","54",,
"CA001108395","VANCOUVER INTERNATIONAL A, BC CA","2020-09-21","0.00","0.0",,"61","70","52",,
"CA001108395","VANCOUVER INTERNATIONAL A, BC CA","2020-09-22","0.03","0.0",,"62","69","54",,
"CA001108395","VANCOUVER INTERNATIONAL A, BC CA","2020-09-23","1.17","0.0",,"61","64","57","   13","111.8"
"CA001108395","VANCOUVER INTERNATIONAL A, BC CA","2020-09-24","0.50","0.0",,"61","65","56","   14","91.7"
"CA001108395","VANCOUVER INTERNATIONAL A, BC CA","2020-09-25","0.31","0.0",,"61","66","56","   14","120.8"
"CA001108395","VANCOUVER INTERNATIONAL A, BC CA","2020-09-26","0.10","0.0",,"55","60","50","   17","71.6"
"CA001108395","VANCOUVER INTERNATIONAL A, BC CA","2020-09-27","0.00","0.0",,"55","62","49",,
"CA001108395","VANCOUVER INTERNATIONAL A, BC CA","2020-09-28","0.00","0.0",,"56","63","49",,
"CA001108395","VANCOUVER INTERNATIONAL A, BC CA","2020-09-29","0.00","0.0",,"57","66","47","   30",
"CA001108395","VANCOUVER INTERNATIONAL A, BC CA","2020-09-30","0.00","0.0",,"60","69","51",,
"CA001108395","VANCOUVER INTERNATIONAL A, BC CA","2020-10-01","0.00","0.0",,"59","65","52",,
"CA001108395","VANCOUVER INTERNATIONAL A, BC CA","2020-10-02","0.00","0.0",,"58","67","48",,
"CA001108395","VANCOUVER INTERNATIONAL A, BC CA","2020-10-03","0.00","0.0",,"57","65","49",,
"CA001108395","VANCOUVER INTERNATIONAL A, BC CA","2020-10-04","0.01","0.0",,"57","60","55",,
"CA001108395","VANCOUVER INTERNATIONAL A, BC CA","2020-10-05","0.00","0.0",,"56","63","48",,
"CA001108395","VANCOUVER INTERNATIONAL A, BC CA","2020-10-06","0.00","0.0",,"55","61","50",,
"CA001108395","VANCOUVER INTERNATIONAL A, BC CA","2020-10-07","0.00","0.0",,"54","60","48",,
"CA001108395","VANCOUVER INTERNATIONAL A, BC CA","2020-10-08","0.00","0.0",,"60","65","55","   11",
"CA001108395","VANCOUVER INTERNATIONAL A, BC CA","2020-10-09","0.62","0.0",,"57","59","56","    9","91.7"
"CA001108395","VANCOUVER INTERNATIONAL A, BC CA","2020-10-10","0.47","0.0",,"56","60","53","   14","100.7"
"CA001108395","VANCOUVER INTERNATIONAL A, BC CA","2020-10-11","0.57","0.0",,"49","54","44","    6","91.7"
"CA001108395","VANCOUVER INTERNATIONAL A, BC CA","2020-10-12","0.00","0.0",,"52","56","48","   28","136.5"
"CA001108395","VANCOUVER INTERNATIONAL A, BC CA","2020-10-13","0.55","0.0",,"54","61","46","   19","145.4"
"CA001108395","VANCOUVER INTERNATIONAL A, BC CA","2020-10-14","0.00","0.0",,"51","57","45","   27","87.2"
"CA001108395","VANCOUVER INTERNATIONAL A, BC CA","2020-10-15","0.01","0.0",,"47","54","41","   27","71.6"
"CA001108395","VANCOUVER INTERNATIONAL A, BC CA","2020-10-16","0.11","0.0",,"53","58","49","    6","78.3"
"CA001108395","VANCOUVER INTERNATIONAL A, BC CA","2020-10-17","0.02","0.0",,"53","55","50","   27","100.7"
"CA001108395","VANCOUVER INTERNATIONAL A, BC CA","2020-10-18","0.43","0.0",,"50","53","47",,
"CA001108395","VANCOUVER INTERNATIONAL A, BC CA","2020-10-19","0.00","0.0",,"53","55","50","   28","82.8"
"CA001108395","VANCOUVER INTERNATIONAL A, BC CA","2020-10-20","0.00","0.0",,"50","55","45","   29","82.8"
"CA001108395","VANCOUVER INTERNATIONAL A, BC CA","2020-10-21","0.00","0.0",,"49","53","44","   28","116.3"
"CA001108395","VANCOUVER INTERNATIONAL A, BC CA","2020-10-22","0.00","0.0",,"45","51","40","   20","73.8"
"CA001108395","VANCOUVER INTERNATIONAL A, BC CA","2020-10-23","0.50","0.0",,"42","45","39","    8","87.2"
"CA001108395","VANCOUVER INTERNATIONAL A, BC CA","2020-10-24","0.00","0.0",,"41","50","33","    9","73.8"
"CA001108395","VANCOUVER INTERNATIONAL A, BC CA","2020-10-25","0.00","0.0",,"34","43","24","    7","78.3"
"CA001108395","VANCOUVER INTERNATIONAL A, BC CA","2020-10-26","0.02","0.0",,"40","44","37",,
"CA001108395","VANCOUVER INTERNATIONAL A, BC CA","2020-10-27","0.00","0.0",,"46","50","41","    4","71.6"
"CA001108395","VANCOUVER INTERNATIONAL A, BC CA","2020-10-28","0.00","0.0",,"53","56","50","   11","78.3"
"CA001108395","VANCOUVER INTERNATIONAL A, BC CA","2020-10-29","0.00","0.0",,,,,"    9","71.6"
"CA001108395","VANCOUVER INTERNATIONAL A, BC CA","2020-10-30","0.14","0.0",,"50","55","45","   25","129.7"
"CA001108395","VANCOUVER INTERNATIONAL A, BC CA","2020-10-31","0.00","0.0",,"42","50","34","   26","73.8"
"CA001108395","VANCOUVER INTERNATIONAL A, BC CA","2020-11-01","0.00","0.0",,"44","52","35",,
"CA001108395","VANCOUVER INTERNATIONAL A, BC CA","2020-11-02","0.00","0.0",,"46","58","34",,
"CA001108395","VANCOUVER INTERNATIONAL A, BC CA","2020-11-03","1.36","0.0",,"50","53","48","    9","73.8"
"CA001108395","VANCOUVER INTERNATIONAL A, BC CA","2020-11-04","0.28","0.0",,"56","60","53","   17","91.7"
"CA001108395","VANCOUVER INTERNATIONAL A, BC CA","2020-11-05","0.00","0.0",,"50","60","41","   23","107.4"
"CA001108395","VANCOUVER INTERNATIONAL A, BC CA","2020-11-06","0.00","0.0",,"44","48","40","   30","123.0"
"CA001108395","VANCOUVER INTERNATIONAL A, BC CA","2020-11-07","0.00","0.0",,"44","48","39","   29","100.7"
"CA001108395","VANCOUVER INTERNATIONAL A, BC CA","2020-11-08","0.00","0.0",,"37","47","28","   33","82.8"
"CA001108395","VANCOUVER INTERNATIONAL A, BC CA","2020-11-09","0.08","0.0",,"35","40","29","    8","78.3"
"CA001108395","VANCOUVER INTERNATIONAL A, BC CA","2020-11-10","0.15","0.0",,"38","42","34",,
"CA001108395","VANCOUVER INTERNATIONAL A, BC CA","2020-11-11","0.00","0.0",,"36","41","31",,
"CA001108395","VANCOUVER INTERNATIONAL A, BC CA","2020-11-12","0.90","0.0",,"40","43","38","    8","94.0"
"CA001108395","VANCOUVER INTERNATIONAL A, BC CA","2020-11-13","1.25","0.0",,"44","47","40","   29","132.0"
"CA001108395","VANCOUVER INTERNATIONAL A, BC CA","2020-11-14","0.22","0.0",,"41","47","36","    9","100.7"
"CA001108395","VANCOUVER INTERNATIONAL A, BC CA","2020-11-15","0.05","0.0",,"47","53","40","   24","136.5"
"CA001108395","VANCOUVER INTERNATIONAL A, BC CA","2020-11-16","0.81","0.0",,"44","46","43",,
"CA001108395","VANCOUVER INTERNATIONAL A, BC CA","2020-11-17","0.18","0.0",,"49","58","41","   15","145.4"
"CA001108395","VANCOUVER INTERNATIONAL A, BC CA","2020-11-18","0.67","0.0",,"46","48","43","    6","78.3"
"CA001108395","VANCOUVER INTERNATIONAL A, BC CA","2020-11-19","0.21","0.0",,"44","48","39",,
"CA001108395","VANCOUVER INTERNATIONAL A, BC CA","2020-11-20","0.11","0.0",,"46","49","44","   16","87.2"
"CA001108395","VANCOUVER INTERNATIONAL A, BC CA","2020-11-21","0.00","0.0",,"42","48","35",,
"CA001108395","VANCOUVER INTERNATIONAL A, BC CA","2020-11-22","0.10","0.0",,"40","45","35",,
"CA001108395","VANCOUVER INTERNATIONAL A, BC CA","2020-11-23","0.37","0.0",,"43","45","42",,
"CA001108395","VANCOUVER INTERNATIONAL A, BC CA","2020-11-24","0.37","0.0",,"44","47","41","   13","120.8"
"CA001108395","VANCOUVER INTERNATIONAL A, BC CA","2020-11-25","0.05","0.0",,"43","47","40",,
"CA001108395","VANCOUVER INTERNATIONAL A, BC CA","2020-11-26","0.09","0.0",,"43","47","39","   16","78.3"
"CA001108395","VANCOUVER INTERNATIONAL A, BC CA","2020-11-27","0.05","0.0",,"48","50","45","   13","94.0"
"CA001108395","VANCOUVER INTERNATIONAL A, BC CA","2020-11-28","0.00","0.0",,"42","47","36","   24","73.8"
"CA001108395","VANCOUVER INTERNATIONAL A, BC CA","2020-11-29","0.01","0.0",,"39","46","31",,
"CA001108395","VANCOUVER INTERNATIONAL A, BC CA","2020-11-30","0.15","0.0",,"45","48","42","   28","161.1"
"CA001108395","VANCOUVER INTERNATIONAL A, BC CA","2020-12-01","0.00",,,"39","45","33",,
"CA001108395","VANCOUVER INTERNATIONAL A, BC CA","2020-12-02","0.00",,,"38","45","30",,
"CA001108395","VANCOUVER INTERNATIONAL A, BC CA","2020-12-03","0.00",,,"38","47","29",,
"CA001108395","VANCOUVER INTERNATIONAL A, BC CA","2020-12-04","0.00",,,"41","50","32",,
"CA001108395","VANCOUVER INTERNATIONAL A, BC CA","2020-12-05","0.00",,,"42","54","29",,
"CA001108395","VANCOUVER INTERNATIONAL A, BC CA","2020-12-06","0.09",,,"44","51","37","   10","71.6"
"CA001108395","VANCOUVER INTERNATIONAL A, BC CA","2020-12-07","0.43",,,"49","50","47","    7","82.8"
"CA001108395","VANCOUVER INTERNATIONAL A, BC CA","2020-12-08","0.58",,,"47","51","44","    9","100.7"
"CA001108395","VANCOUVER INTERNATIONAL A, BC CA","2020-12-09","0.01","0.0",,,,,,
"CA001108395","VANCOUVER INTERNATIONAL A, BC CA","2020-12-10","0.00","0.0",,"41","44","38",,
"CA001108395","VANCOUVER INTERNATIONAL A, BC CA","2020-12-11","0.36","0.0",,"39","43","35",,
"CA001108395","VANCOUVER INTERNATIONAL A, BC CA","2020-12-12","0.00","0.0",,"35","42","28",,
"CA001108395","VANCOUVER INTERNATIONAL A, BC CA","2020-12-13","0.41","0.0",,"38","41","34","    7","73.8"
"CA001108395","VANCOUVER INTERNATIONAL A, BC CA","2020-12-14","0.06","0.0",,"43","46","40",,
"CA001108395","VANCOUVER INTERNATIONAL A, BC CA","2020-12-15","0.29","0.0",,"45","49","42","   11","120.8"
"CA001108395","VANCOUVER INTERNATIONAL A, BC CA","2020-12-16","0.30","0.0",,"47","49","45","    7","94.0"
"CA001108395","VANCOUVER INTERNATIONAL A, BC CA","2020-12-17","0.36","0.0",,"45","48","42","   10","87.2"
"CA001108395","VANCOUVER INTERNATIONAL A, BC CA","2020-12-18","0.78","0.0",,"45","48","43","   14","145.4"
"CA001108395","VANCOUVER INTERNATIONAL A, BC CA","2020-12-19","0.77","0.0",,"44","47","40","   27","132.0"
"CA001108395","VANCOUVER INTERNATIONAL A, BC CA","2020-12-20","0.00","0.0",,"45","50","40","   19","120.8"
"CA001108395","VANCOUVER INTERNATIONAL A, BC CA","2020-12-21","1.25","0.0",,"40","43","36","   30","87.2"
"CA001108395","VANCOUVER INTERNATIONAL A, BC CA","2020-12-22","0.00","0.0",,"36","42","29",,
"CA001108395","VANCOUVER INTERNATIONAL A, BC CA","2020-12-23","0.00","0.0",,,,,,
"CA001108395","VANCOUVER INTERNATIONAL A, BC CA","2020-12-24","0.00","0.0",,"32","39","25",,
"CA001108395","VANCOUVER INTERNATIONAL A, BC CA","2020-12-25","0.32","0.0",,"39","46","32","    5","71.6"
"CA001108395","VANCOUVER INTERNATIONAL A, BC CA","2020-12-26","0.15","0.0",,"44","47","41","   17","111.8"
"CA001108395","VANCOUVER INTERNATIONAL A, BC CA","2020-12-27","0.25","0.0",,"41","44","39",,
"CA001108395","VANCOUVER INTERNATIONAL A, BC CA","2020-12-28","0.03","0.0",,"42","44","39","   30","87.2"
"CA001108395","VANCOUVER INTERNATIONAL A, BC CA","2020-12-29","0.32","0.0",,"39","42","36","    7","71.6"
"CA001108395","VANCOUVER INTERNATIONAL A, BC CA","2020-12-30","1.24","0.0",,"41","43","38","    8","107.4"
"CA001108395","VANCOUVER INTERNATIONAL A, BC CA","2020-12-31","0.27","0.0",,"44","46","42","    8","73.8"
"CA001108395","VANCOUVER INTERNATIONAL A, BC CA","2021-01-01","0.69","0.0",,"47","50","44","    9","100.7"
"CA001108395","VANCOUVER INTERNATIONAL A, BC CA","2021-01-02","0.50","0.0",,"46","48","44","   15","132.0"
"CA001108395","VANCOUVER INTERNATIONAL A, BC CA","2021-01-03","0.25","0.0",,"42","49","36","   14","91.7"
"CA001108395","VANCOUVER INTERNATIONAL A, BC CA","2021-01-04","0.71","0.0",,"42","46","39","   10","107.4"
"CA001108395","VANCOUVER INTERNATIONAL A, BC CA","2021-01-05","1.16","0.0",,"41","46","37","   11","140.9"
"CA001108395","VANCOUVER INTERNATIONAL A, BC CA","2021-01-06","0.01","0.0",,"44","50","38","   15","120.8"
"CA001108395","VANCOUVER INTERNATIONAL A, BC CA","2021-01-07","0.00","0.0",,"42","48","36",,
"CA001108395","VANCOUVER INTERNATIONAL A, BC CA","2021-01-08","0.37","0.0",,"40","46","34","    4","87.2"
"CA001108395","VANCOUVER INTERNATIONAL A, BC CA","2021-01-09","0.00","0.0",,"38","45","31","    4","91.7"
"CA001108395","VANCOUVER INTERNATIONAL A, BC CA","2021-01-10","0.17","0.0",,"44","47","42","   11","73.8"
"CA001108395","VANCOUVER INTERNATIONAL A, BC CA","2021-01-11","0.60","0.0",,"48","50","46","    9","102.9"
"CA001108395","VANCOUVER INTERNATIONAL A, BC CA","2021-01-12","0.87","0.0",,"49","53","45","   14","111.8"
"CA001108395","VANCOUVER INTERNATIONAL A, BC CA","2021-01-13","0.15","0.0",,"46","54","38","   27","203.6"
"CA001108395","VANCOUVER INTERNATIONAL A, BC CA","2021-01-14","0.00","0.0",,"41","47","34",,
"CA001108395","VANCOUVER INTERNATIONAL A, BC CA","2021-01-15","0.08","0.0",,"45","51","40","    6","100.7"
"CA001108395","VANCOUVER INTERNATIONAL A, BC CA","2021-01-16","0.10","0.0",,"42","45","38",,
"CA001108395","VANCOUVER INTERNATIONAL A, BC CA","2021-01-17","0.03","0.0",,"42","47","38",,
"CA001108395","VANCOUVER INTERNATIONAL A, BC CA","2021-01-18","0.00","0.0",,"39","46","33",,
"CA001108395","VANCOUVER INTERNATIONAL A, BC CA","2021-01-19","0.00","0.0",,"39","44","34",,
"CA001108395","VANCOUVER INTERNATIONAL A, BC CA","2021-01-20","0.00","0.0",,"41","45","37",,
"CA001108395","VANCOUVER INTERNATIONAL A, BC CA","2021-01-21","0.02","0.0",,"39","46","32","   28","73.8"
"CA001108395","VANCOUVER INTERNATIONAL A, BC CA","2021-01-22","0.00","0.0",,"35","42","27","   29",
"CA001108395","VANCOUVER INTERNATIONAL A, BC CA","2021-01-23","0.00","0.0",,"32","40","24",,
"CA001108395","VANCOUVER INTERNATIONAL A, BC CA","2021-01-24","0.35","0.0",,"36","38","35",,
"CA001108395","VANCOUVER INTERNATIONAL A, BC CA","2021-01-25","0.42","0.0",,"38","41","34","    9","71.6"
"CA001108395","VANCOUVER INTERNATIONAL A, BC CA","2021-01-26","0.00","0.0",,"40","45","35","   13","111.8"
"CA001108395","VANCOUVER INTERNATIONAL A, BC CA","2021-01-27","0.02","0.0",,"38","41","34","    7","94.0"
"CA001108395","VANCOUVER INTERNATIONAL A, BC CA","2021-01-28","0.06","0.0",,"40","44","37",,
"CA001108395","VANCOUVER INTERNATIONAL A, BC CA","2021-01-29","0.00","0.0",,"41","45","36",,
"CA001108395","VANCOUVER INTERNATIONAL A, BC CA","2021-01-30","0.07","0.0",,"42","45","40","    8","94.0"
"CA001108395","VANCOUVER INTERNATIONAL A, BC CA","2021-01-31","0.29","0.0",,"44","45","42","   10","82.8"
"CA001108395","VANCOUVER INTERNATIONAL A, BC CA","2021-02-01","0.76","0.0",,"43","46","41","    9","71.6"
"CA001108395","VANCOUVER INTERNATIONAL A, BC CA","2021-02-02","0.53","0.0",,"42","44","39","   20","78.3"
"CA001108395","VANCOUVER INTERNATIONAL A, BC CA","2021-02-03","0.00","0.0",,"40","45","36",,
"CA001108395","VANCOUVER INTERNATIONAL A, BC CA","2021-02-04","0.30","0.0",,"41","44","38",,
"CA001108395","VANCOUVER INTERNATIONAL A, BC CA","2021-02-05","0.04","0.0",,"44","47","40","   27","129.7"
"CA001108395","VANCOUVER INTERNATIONAL A, BC CA","2021-02-06","0.07","0.0",,"44","47","41","   29","136.5"
"CA001108395","VANCOUVER INTERNATIONAL A, BC CA","2021-02-07","0.00","0.0",,"42","46","38","   29","149.9"
"CA001108395","VANCOUVER INTERNATIONAL A, BC CA","2021-02-08","0.00","0.0",,"33","40","27","   30","82.8"
"CA001108395","VANCOUVER INTERNATIONAL A, BC CA","2021-02-09","0.00","0.0",,"31","36","26","   19","78.3"
"CA001108395","VANCOUVER INTERNATIONAL A, BC CA","2021-02-10","0.00","0.0",,"29","32","26","   10","78.3"
"CA001108395","VANCOUVER INTERNATIONAL A, BC CA","2021-02-11","0.00","0.0",,"29","33","24","   11",
"CA001108395","VANCOUVER INTERNATIONAL A, BC CA","2021-02-12","0.00","0.0",,"26","32","20","   11","78.3"
"CA001108395","VANCOUVER INTERNATIONAL A, BC CA","2021-02-13","0.24","3.5","0.0","29","32","26","    7","87.2"
"CA001108395","VANCOUVER INTERNATIONAL A, BC CA","2021-02-14","0.08","1.5","1.6","32","34","30",,
"CA001108395","VANCOUVER INTERNATIONAL A, BC CA","2021-02-15","0.53","0.0",,"36","40","33","   29","78.3"
"CA001108395","VANCOUVER INTERNATIONAL A, BC CA","2021-02-16","0.01","0.0",,"42","46","38","   28","136.5"
"CA001108395","VANCOUVER INTERNATIONAL A, BC CA","2021-02-17","0.00","0.0",,"38","45","31","   29","120.8"
"CA001108395","VANCOUVER INTERNATIONAL A, BC CA","2021-02-18","0.07","0.0",,"39","43","35","   11","94.0"
"CA001108395","VANCOUVER INTERNATIONAL A, BC CA","2021-02-19","0.06","0.0",,"40","47","34","   15","78.3"
"CA001108395","VANCOUVER INTERNATIONAL A, BC CA","2021-02-20","0.04","0.0",,"37","45","29",,
"CA001108395","VANCOUVER INTERNATIONAL A, BC CA","2021-02-21","0.07","0.0",,"46","52","41","   17","116.3"
"CA001108395","VANCOUVER INTERNATIONAL A, BC CA","2021-02-22","0.06","0.0",,"47","53","40","   28","123.0"
"CA001108395","VANCOUVER INTERNATIONAL A, BC CA","2021-02-23","0.01","0.0",,"40","46","34","   29","132.0"
"CA001108395","VANCOUVER INTERNATIONAL A, BC CA","2021-02-24","0.00","0.0",,"35","43","27",,
"CA001108395","VANCOUVER INTERNATIONAL A, BC CA","2021-02-25","0.18","0.0",,"42","49","35","   20","87.2"
"CA001108395","VANCOUVER INTERNATIONAL A, BC CA","2021-02-26","0.06","0.0",,"42","47","38","   31","161.1"
"CA001108395","VANCOUVER INTERNATIONAL A, BC CA","2021-02-27","0.02","0.0",,"36","45","28","   30","94.0"
"CA001108395","VANCOUVER INTERNATIONAL A, BC CA","2021-02-28","0.13","0.0",,"41","45","38","   12",
"CA001108395","VANCOUVER INTERNATIONAL A, BC CA","2021-03-01","0.00","0.0",,"46","52","40",,
"CA001108395","VANCOUVER INTERNATIONAL A, BC CA","2021-03-02","0.00","0.0",,"41","47","35","   28","71.6"
"CA001108395","VANCOUVER INTERNATIONAL A, BC CA","2021-03-03","0.00","0.0",,"44","51","37",,
"CA001108395","VANCOUVER INTERNATIONAL A, BC CA","2021-03-04","0.16","0.0",,"44","51","36","   15","87.2"
"CA001108395","VANCOUVER INTERNATIONAL A, BC CA","2021-03-05","0.15","0.0",,"48","53","42","   15","158.8"
"CA001108395","VANCOUVER INTERNATIONAL A, BC CA","2021-03-06","0.03","0.0",,"46","52","40","   15","94.0"
"CA001108395","VANCOUVER INTERNATIONAL A, BC CA","2021-03-07","0.06","0.0",,"44","47","41","   14","129.7"
"CA001108395","VANCOUVER INTERNATIONAL A, BC CA","2021-03-08","0.00","0.0",,"43","51","34","   28",
"CA001108395","VANCOUVER INTERNATIONAL A, BC CA","2021-03-09","0.00","0.0",,"45","52","37","   20","85.0"
"CA001108395","VANCOUVER INTERNATIONAL A, BC CA","2021-03-10","0.00","0.0",,"40","48","32",,
"CA001108395","VANCOUVER INTERNATIONAL A, BC CA","2021-03-11","0.00","0.0",,"37","46","28",,
"CA001108395","VANCOUVER INTERNATIONAL A, BC CA","2021-03-12","0.00","0.0",,"44","54","34",,
"CA001108395","VANCOUVER INTERNATIONAL A, BC CA","2021-03-13","0.00","0.0",,"47","58","36",,
"CA001108395","VANCOUVER INTERNATIONAL A, BC CA","2021-03-14","0.05","0.0",,"45","50","39","   29","129.7"
"CA001108395","VANCOUVER INTERNATIONAL A, BC CA","2021-03-15","0.00","0.0",,"39","46","32","   28","102.9"
"CA001108395","VANCOUVER INTERNATIONAL A, BC CA","2021-03-16","0.00","0.0",,"39","47","31",,
"CA001108395","VANCOUVER INTERNATIONAL A, BC CA","2021-03-17","0.04","0.0",,"42","49","34",,
"CA001108395","VANCOUVER INTERNATIONAL A, BC CA","2021-03-18","0.11","0.0",,"46","55","36","   13","100.7"
"CA001108395","VANCOUVER INTERNATIONAL A, BC CA","2021-03-19","0.04","0.0",,"47","52","43","   12","111.8"
"CA001108395","VANCOUVER INTERNATIONAL A, BC CA","2021-03-20","0.07","0.0",,"46","49","42","   27","94.0"
"CA001108395","VANCOUVER INTERNATIONAL A, BC CA","2021-03-21","0.23","0.0",,"42","44","40","   16","87.2"
"CA001108395","VANCOUVER INTERNATIONAL A, BC CA","2021-03-22","0.00","0.0",,"45","50","40","   28","114.1"
"CA001108395","VANCOUVER INTERNATIONAL A, BC CA","2021-03-23","0.02","0.0",,"42","48","35",,
"CA001108395","VANCOUVER INTERNATIONAL A, BC CA","2021-03-24","0.24","0.0",,"43","47","39","   14","71.6"
"CA001108395","VANCOUVER INTERNATIONAL A, BC CA","2021-03-25","0.00","0.0",,"45","50","40","   29","87.2"
"CA001108395","VANCOUVER INTERNATIONAL A, BC CA","2021-03-26","0.00","0.0",,"44","51","36",,
"CA001108395","VANCOUVER INTERNATIONAL A, BC CA","2021-03-27","0.00","0.0",,"44","49","39","   11","69.3"
"CA001108395","VANCOUVER INTERNATIONAL A, BC CA","2021-03-28","0.17","0.0",,"44","50","38","   29","196.9"
"CA001108395","VANCOUVER INTERNATIONAL A, BC CA","2021-03-29","0.00","0.0",,"41","49","32","   29","127.5"
"CA001108395","VANCOUVER INTERNATIONAL A, BC CA","2021-03-30","0.00","0.0",,"40","49","31","   29","78.3"
"CA001108395","VANCOUVER INTERNATIONAL A, BC CA","2021-03-31","0.00","0.0",,"42","51","32",,
"CA001108395","VANCOUVER INTERNATIONAL A, BC CA","2021-04-01","0.00","0.0",,"48","56","40","   19",
"CA001108395","VANCOUVER INTERNATIONAL A, BC CA","2021-04-02","0.00","0.0",,"48","53","42",,
"CA001108395","VANCOUVER INTERNATIONAL A, BC CA","2021-04-03","0.05","0.0",,"47","52","42","    9",
"CA001108395","VANCOUVER INTERNATIONAL A, BC CA","2021-04-04","0.00","0.0",,"46","51","42","   28","129.7"
"CA001108395","VANCOUVER INTERNATIONAL A, BC CA","2021-04-05","0.00","0.0",,"40","49","32","   30","69.3"
"CA001108395","VANCOUVER INTERNATIONAL A, BC CA","2021-04-06","0.00","0.0",,"47","59","35",,
"CA001108395","VANCOUVER INTERNATIONAL A, BC CA","2021-04-07","0.07","0.0",,"43","47","39","   17","96.2"
"CA001108395","VANCOUVER INTERNATIONAL A, BC CA","2021-04-08","0.00","0.0",,"45","51","40","   28","140.9"
"CA001108395","VANCOUVER INTERNATIONAL A, BC CA","2021-04-09","0.04","0.0",,"42","47","36","   17","109.6"
"CA001108395","VANCOUVER INTERNATIONAL A, BC CA","2021-04-10","0.00","0.0",,"42","49","35","   26","134.2"
"CA001108395","VANCOUVER INTERNATIONAL A, BC CA","2021-04-11","0.00","0.0",,"40","49","30",,
"CA001108395","VANCOUVER INTERNATIONAL A, BC CA","2021-04-12","0.00","0.0",,"43","53","32","   30","89.5"
"CA001108395","VANCOUVER INTERNATIONAL A, BC CA","2021-04-13","0.00","0.0",,"47","57","38","   29","94.0"
"CA001108395","VANCOUVER INTERNATIONAL A, BC CA","2021-04-14","0.00","0.0",,"46","58","35","   30","82.8"
"CA001108395","VANCOUVER INTERNATIONAL A, BC CA","2021-04-15","0.00","0.0",,"51","63","39",,
"CA001108395","VANCOUVER INTERNATIONAL A, BC CA","2021-04-16","0.00","0.0",,"53","64","41",,
"CA001108395","VANCOUVER INTERNATIONAL A, BC CA","2021-04-17","0.00","0.0",,"53","66","41",,
"CA001108395","VANCOUVER INTERNATIONAL A, BC CA","2021-04-18","0.00","0.0",,"53","65","41",,
"CA001108395","VANCOUVER INTERNATIONAL A, BC CA","2021-04-19","0.00","0.0",,"56","67","44",,
"CA001108395","VANCOUVER INTERNATIONAL A, BC CA","2021-04-20","0.00","0.0",,"52","63","42",,
"CA001108395","VANCOUVER INTERNATIONAL A, BC CA","2021-04-21","0.00","0.0",,"49","59","40","   27","100.7"
"CA001108395","VANCOUVER INTERNATIONAL A, BC CA","2021-04-22","0.00","0.0",,"52","59","44","   29","91.7"
"CA001108395","VANCOUVER INTERNATIONAL A, BC CA","2021-04-23","0.01","0.0",,"52","58","47","   13","80.5"
"CA001108395","VANCOUVER INTERNATIONAL A, BC CA","2021-04-24","0.43","0.0",,"50","53","47",,
"CA001108395","VANCOUVER INTERNATIONAL A, BC CA","2021-04-25","0.30","0.0",,"50","54","46","   11","71.6"
"CA001108395","VANCOUVER INTERNATIONAL A, BC CA","2021-04-26","0.00","0.0",,"50","56","44","   19","80.5"
"CA001108395","VANCOUVER INTERNATIONAL A, BC CA","2021-04-27","0.00","0.0",,"52","58","46","   11","69.3"
"CA001108395","VANCOUVER INTERNATIONAL A, BC CA","2021-04-28","0.06","0.0",,"54","58","50",,
"CA001108395","VANCOUVER INTERNATIONAL A, BC CA","2021-04-29","0.01","0.0",,"57","64","49",,
"CA001108395","VANCOUVER INTERNATIONAL A, BC CA","2021-04-30","0.53","0.0",,"58","65","50","   31","76.1"
"CA001108395","VANCOUVER INTERNATIONAL A, BC CA","2021-05-01","0.00","0.0",,"53","59","48","   30","73.8"
"CA001108395","VANCOUVER INTERNATIONAL A, BC CA","2021-05-02","0.00","0.0",,"51","59","44","   18",
"CA001108395","VANCOUVER INTERNATIONAL A, BC CA","2021-05-03","0.09","0.0",,"51","53","48",,
"CA001108395","VANCOUVER INTERNATIONAL A, BC CA","2021-05-04","0.00","0.0",,"54","59","48",,
"CA001108395","VANCOUVER INTERNATIONAL A, BC CA","2021-05-05","0.00","0.0",,"51","59","43",,
"CA001108395","VANCOUVER INTERNATIONAL A, BC CA","2021-05-06","0.01","0.0",,"57","68","45","   20","98.4"
"CA001108395","VANCOUVER INTERNATIONAL A, BC CA","2021-05-07","0.00","0.0",,"50","55","44","   20","80.5"
"CA001108395","VANCOUVER INTERNATIONAL A, BC CA","2021-05-08","0.00","0.0",,"52","56","48","   17","78.3"
"CA001108395","VANCOUVER INTERNATIONAL A, BC CA","2021-05-09","0.00","0.0",,"52","57","47",,
"CA001108395","VANCOUVER INTERNATIONAL A, BC CA","2021-05-10","0.00","0.0",,"52","60","43",,
"CA001108395","VANCOUVER INTERNATIONAL A, BC CA","2021-05-11","0.00","0.0",,"52","62","43",,
"CA001108395","VANCOUVER INTERNATIONAL A, BC CA","2021-05-12","0.14","0.0",,,,,,
"CA001108395","VANCOUVER INTERNATIONAL A, BC CA","2021-05-13","0.00","0.0",,"55","65","45",,
"CA001108395","VANCOUVER INTERNATIONAL A, BC CA","2021-05-14","0.00","0.0",,"55","65","46","   29","76.1"
"CA001108395","VANCOUVER INTERNATIONAL A, BC CA","2021-05-15","0.00","0.0",,"59","65","53","   31","82.8"
"CA001108395","VANCOUVER INTERNATIONAL A, BC CA","2021-05-16","0.00","0.0",,"57","67","47",,
"CA001108395","VANCOUVER INTERNATIONAL A, BC CA","2021-05-17","0.28","0.0",,"56","62","50","   11","89.5"
"CA001108395","VANCOUVER INTERNATIONAL A, BC CA","2021-05-18","0.20","0.0",,"52","58","47","   20","129.7"
"CA001108395","VANCOUVER INTERNATIONAL A, BC CA","2021-05-19","0.00","0.0",,"51","59","43","   29","89.5"
"CA001108395","VANCOUVER INTERNATIONAL A, BC CA","2021-05-20","0.00","0.0",,"51","61","41","   18",
"CA001108395","VANCOUVER INTERNATIONAL A, BC CA","2021-05-21","0.00","0.0",,"54","62","45","   20","71.6"
"CA001108395","VANCOUVER INTERNATIONAL A, BC CA","2021-05-22","0.00","0.0",,"56","64","47","   10","80.5"
"CA001108395","VANCOUVER INTERNATIONAL A, BC CA","2021-05-23","0.00","0.0",,"57","60","53","   10","80.5"
"CA001108395","VANCOUVER INTERNATIONAL A, BC CA","2021-05-24","0.12","0.0",,"54","56","51",,
"CA001108395","VANCOUVER INTERNATIONAL A, BC CA","2021-05-25","0.00","0.0",,"59","65","53","   19","71.6"
"CA001108395","VANCOUVER INTERNATIONAL A, BC CA","2021-05-26","0.00","0.0",,"57","60","53","   11","78.3"
"CA001108395","VANCOUVER INTERNATIONAL A, BC CA","2021-05-27","0.32","0.0",,"55","58","53","   12","87.2"
"CA001108395","VANCOUVER INTERNATIONAL A, BC CA","2021-05-28","0.03","0.0",,"56","63","50","   19","98.4"
"CA001108395","VANCOUVER INTERNATIONAL A, BC CA","2021-05-29","0.00","0.0",,"55","66","44",,
"CA001108395","VANCOUVER INTERNATIONAL A, BC CA","2021-05-30","0.00","0.0",,"58","67","50","   29","73.8"
"CA001108395","VANCOUVER INTERNATIONAL A, BC CA","2021-05-31","0.00","0.0",,"62","71","53","   29",
"CA001108395","VANCOUVER INTERNATIONAL A, BC CA","2021-06-01","0.00","0.0",,"64","75","52",,
"CA001108395","VANCOUVER INTERNATIONAL A, BC CA","2021-06-02","0.00","0.0",,"69","83","55","   15",
"CA001108395","VANCOUVER INTERNATIONAL A, BC CA","2021-06-03","0.00","0.0",,"65","71","58","   12","71.6"
"CA001108395","VANCOUVER INTERNATIONAL A, BC CA","2021-06-04","0.06","0.0",,"58","65","52","   10","85.0"
"CA001108395","VANCOUVER INTERNATIONAL A, BC CA","2021-06-05","0.03","0.0",,"58","65","51","   21","85.0"
"CA001108395","VANCOUVER INTERNATIONAL A, BC CA","2021-06-06","0.20","0.0",,"52","55","49","   24","87.2"
"CA001108395","VANCOUVER INTERNATIONAL A, BC CA","2021-06-07","0.20","0.0",,"54","60","47","   19","82.8"
"CA001108395","VANCOUVER INTERNATIONAL A, BC CA","2021-06-08","0.00","0.0",,"53","63","43","   19","80.5"
"CA001108395","VANCOUVER INTERNATIONAL A, BC CA","2021-06-09","0.05","0.0",,"58","64","51","   19","87.2"
"CA001108395","VANCOUVER INTERNATIONAL A, BC CA","2021-06-10","0.00","0.0",,"60","72","49","   20","76.1"
"CA001108395","VANCOUVER INTERNATIONAL A, BC CA","2021-06-11","0.25","0.0",,"57","64","51","   13","123.0"
"CA001108395","VANCOUVER INTERNATIONAL A, BC CA","2021-06-12","0.02","0.0",,"62","70","53","   13","76.1"
"CA001108395","VANCOUVER INTERNATIONAL A, BC CA","2021-06-13","0.49","0.0",,"61","65","57","   10","73.8"
"CA001108395","VANCOUVER INTERNATIONAL A, BC CA","2021-06-14","0.06","0.0",,"63","68","58","   10","71.6"
"CA001108395","VANCOUVER INTERNATIONAL A, BC CA","2021-06-15","0.10","0.0",,,,,"   20","85.0"
"CA001108395","VANCOUVER INTERNATIONAL A, BC CA","2021-06-16","0.00","0.0",,"62","70","53","   20",
"CA001108395","VANCOUVER INTERNATIONAL A, BC CA","2021-06-17","0.00","0.0",,"62","74","50","   19","82.8"
"CA001108395","VANCOUVER INTERNATIONAL A, BC CA","2021-06-18","0.00","0.0",,"58","67","50",,
"CA001108395","VANCOUVER INTERNATIONAL A, BC CA","2021-06-19","0.00","0.0",,"62","69","54","   21","69.3"
"CA001108395","VANCOUVER INTERNATIONAL A, BC CA","2021-06-20","0.00","0.0",,,,,"   31","82.8"
"CA001108395","VANCOUVER INTERNATIONAL A, BC CA","2021-06-21","0.00","0.0",,"67","75","59","   29","71.6"
"CA001108395","VANCOUVER INTERNATIONAL A, BC CA","2021-06-22","0.00","0.0",,"66","73","59","   19","78.3"
"CA001108395","VANCOUVER INTERNATIONAL A, BC CA","2021-06-23","0.00","0.0",,"64","72","56","   19","82.8"
"CA001108395","VANCOUVER INTERNATIONAL A, BC CA","2021-06-24","0.00","0.0",,"66","74","58","   29","69.3"
"CA001108395","VANCOUVER INTERNATIONAL A, BC CA","2021-06-25","0.00","0.0",,"71","78","64","   30","80.5"
"CA001108395","VANCOUVER INTERNATIONAL A, BC CA","2021-06-26","0.00","0.0",,"77","90","63",,
"CA001108395","VANCOUVER INTERNATIONAL A, BC CA","2021-06-27","0.00","0.0",,"78","88","67","   29","69.3"
"CA001108395","VANCOUVER INTERNATIONAL A, BC CA","2021-06-28","0.00","0.0",,"79","89","69","   30","73.8"
"CA001108395","VANCOUVER INTERNATIONAL A, BC CA","2021-06-29","0.00","0.0",,"80","90","69","   10","78.3"
"CA001108395","VANCOUVER INTERNATIONAL A, BC CA","2021-06-30","0.00","0.0",,"70","76","64","   11","94.0"
"CA001108395","VANCOUVER INTERNATIONAL A, BC CA","2021-07-01","0.00","0.0",,"69","74","64","   11","80.5"
"CA001108395","VANCOUVER INTERNATIONAL A, BC CA","2021-07-02","0.00","0.0",,"67","73","62","   30","78.3"
"CA001108395","VANCOUVER INTERNATIONAL A, BC CA","2021-07-03","0.00","0.0",,"67","73","62","   29","78.3"
"CA001108395","VANCOUVER INTERNATIONAL A, BC CA","2021-07-04","0.00","0.0",,"69","76","61","   29","73.8"
"CA001108395","VANCOUVER INTERNATIONAL A, BC CA","2021-07-05","0.00","0.0",,"68","75","60","   20",
"CA001108395","VANCOUVER INTERNATIONAL A, BC CA","2021-07-06","0.00","0.0",,"65","73","56",,
"CA001108395","VANCOUVER INTERNATIONAL A, BC CA","2021-07-07","0.00","0.0",,"65","71","59","   12","94.0"
"CA001108395","VANCOUVER INTERNATIONAL A, BC CA","2021-07-08","0.00","0.0",,"64","71","57","   19","85.0"
"CA001108395","VANCOUVER INTERNATIONAL A, BC CA","2021-07-09","0.00","0.0",,"68","75","61","   20","78.3"
"CA001108395","VANCOUVER INTERNATIONAL A, BC CA","2021-07-10","0.00","0.0",,"67","77","57","   21","69.3"
"CA001108395","VANCOUVER INTERNATIONAL A, BC CA","2021-07-11","0.00","0.0",,"65","74","56",,
"CA001108395","VANCOUVER INTERNATIONAL A, BC CA","2021-07-12","0.00","0.0",,"66","74","57",,
"CA001108395","VANCOUVER INTERNATIONAL A, BC CA","2021-07-13","0.00","0.0",,"67","76","57",,
"CA001108395","VANCOUVER INTERNATIONAL A, BC CA","2021-07-14","0.00","0.0",,"67","76","56",,
"CA001108395","VANCOUVER INTERNATIONAL A, BC CA","2021-07-15","0.00","0.0",,"63","71","55","   13","91.7"
"CA001108395","VANCOUVER INTERNATIONAL A, BC CA","2021-07-16","0.00","0.0",,"63","71","55","   13","82.8"
"CA001108395","VANCOUVER INTERNATIONAL A, BC CA","2021-07-17","0.00","0.0",,"67","76","59","   20","87.2"
"CA001108395","VANCOUVER INTERNATIONAL A, BC CA","2021-07-18","0.00","0.0",,"64","74","55","   19","76.1"
"CA001108395","VANCOUVER INTERNATIONAL A, BC CA","2021-07-19","0.00","0.0",,"69","80","57","   16","82.8"
"CA001108395","VANCOUVER INTERNATIONAL A, BC CA","2021-07-20","0.00","0.0",,"67","75","59","   15","85.0"
"CA001108395","VANCOUVER INTERNATIONAL A, BC CA","2021-07-21","0.00","0.0",,"64","71","56","   21","91.7"
"CA001108395","VANCOUVER INTERNATIONAL A, BC CA","2021-07-22","0.00","0.0",,"63","71","55","   21",
"CA001108395","VANCOUVER INTERNATIONAL A, BC CA","2021-07-23","0.00","0.0",,"68","76","60","   19","82.8"
"CA001108395","VANCOUVER INTERNATIONAL A, BC CA","2021-07-24","0.00","0.0",,"67","77","58",,
"CA001108395","VANCOUVER INTERNATIONAL A, BC CA","2021-07-25","0.00","0.0",,"68","77","58","   19",
"CA001108395","VANCOUVER INTERNATIONAL A, BC CA","2021-07-26","0.00","0.0",,"67","78","56","   20","71.6"
"CA001108395","VANCOUVER INTERNATIONAL A, BC CA","2021-07-27","0.00","0.0",,"67","76","58",,
"CA001108395","VANCOUVER INTERNATIONAL A, BC CA","2021-07-28","0.00","0.0",,"69","80","58",,
"CA001108395","VANCOUVER INTERNATIONAL A, BC CA","2021-07-29","0.00","0.0",,"69","78","60",,
"CA001108395","VANCOUVER INTERNATIONAL A, BC CA","2021-07-30","0.00","0.0",,"71","83","59",,
"CA001108395","VANCOUVER INTERNATIONAL A, BC CA","2021-07-31","0.00","0.0",,"71","79","64",,
"CA001108395","VANCOUVER INTERNATIONAL A, BC CA","2021-08-01","0.00","0.0",,"72","79","64",,
"CA001108395","VANCOUVER INTERNATIONAL A, BC CA","2021-08-02","0.00","0.0",,"67","74","60","   21","69.3"
"CA001108395","VANCOUVER INTERNATIONAL A, BC CA","2021-08-03","0.00","0.0",,"69","77","61",,
"CA001108395","VANCOUVER INTERNATIONAL A, BC CA","2021-08-04","0.00","0.0",,"69","77","60","   11","69.3"
"CA001108395","VANCOUVER INTERNATIONAL A, BC CA","2021-08-05","0.00","0.0",,"73","84","63","   20","69.3"
"CA001108395","VANCOUVER INTERNATIONAL A, BC CA","2021-08-06","0.00","0.0",,"69","74","64","   29","89.5"
"CA001108395","VANCOUVER INTERNATIONAL A, BC CA","2021-08-07","0.87","0.0",,"65","72","57","   28","120.8"
"CA001108395","VANCOUVER INTERNATIONAL A, BC CA","2021-08-08","0.02","0.0",,"66","72","59","   28","107.4"
"CA001108395","VANCOUVER INTERNATIONAL A, BC CA","2021-08-09","0.00","0.0",,"66","73","59","   22","69.3"
"CA001108395","VANCOUVER INTERNATIONAL A, BC CA","2021-08-10","0.00","0.0",,"68","75","60","   23","71.6"
"CA001108395","VANCOUVER INTERNATIONAL A, BC CA","2021-08-11","0.00","0.0",,"69","78","60","   29","73.8"
"CA001108395","VANCOUVER INTERNATIONAL A, BC CA","2021-08-12","0.00","0.0",,"74","82","66","   29","94.0"
"CA001108395","VANCOUVER INTERNATIONAL A, BC CA","2021-08-13","0.00","0.0",,"73","84","62",,
"CA001108395","VANCOUVER INTERNATIONAL A, BC CA","2021-08-14","0.00","0.0",,"72","83","62","   11","73.8"
"CA001108395","VANCOUVER INTERNATIONAL A, BC CA","2021-08-15","0.00","0.0",,"69","77","60","   13","87.2"
"CA001108395","VANCOUVER INTERNATIONAL A, BC CA","2021-08-16","0.00","0.0",,"66","70","61",,
"CA001108395","VANCOUVER INTERNATIONAL A, BC CA","2021-08-17","0.01","0.0",,"64","70","58","   29","91.7"
"CA001108395","VANCOUVER INTERNATIONAL A, BC CA","2021-08-18","0.00","0.0",,"62","69","55",,
"CA001108395","VANCOUVER INTERNATIONAL A, BC CA","2021-08-19","0.00","0.0",,"65","73","57",,
"CA001108395","VANCOUVER INTERNATIONAL A, BC CA","2021-08-20","0.06","0.0",,"61","66","57",,
"CA001108395","VANCOUVER INTERNATIONAL A, BC CA","2021-08-21","0.00","0.0",,"65","71","59","   20","80.5"
"CA001108395","VANCOUVER INTERNATIONAL A, BC CA","2021-08-22","0.00","0.0",,"66","73","58","   28","78.3"
"CA001108395","VANCOUVER INTERNATIONAL A, BC CA","2021-08-23","0.01","0.0",,"62","69","55","   20","69.3"
"CA001108395","VANCOUVER INTERNATIONAL A, BC CA","2021-08-24","0.00","0.0",,"60","72","49",,
"CA001108395","VANCOUVER INTERNATIONAL A, BC CA","2021-08-25","0.00","0.0",,"65","78","52",,
"CA001108395","VANCOUVER INTERNATIONAL A, BC CA","2021-08-26","0.12","0.0",,"61","63","59","    9","76.1"
"CA001108395","VANCOUVER INTERNATIONAL A, BC CA","2021-08-27","0.28","0.0",,"63","68","58","   19","73.8"
"CA001108395","VANCOUVER INTERNATIONAL A, BC CA","2021-08-28","0.00","0.0",,"60","70","50",,
"CA001108395","VANCOUVER INTERNATIONAL A, BC CA","2021-08-29","0.00","0.0",,"62","70","54",,
"CA001108395","VANCOUVER INTERNATIONAL A, BC CA","2021-08-30","0.00","0.0",,"60","65","56","   11","98.4"
"CA001108395","VANCOUVER INTERNATIONAL A, BC CA","2021-08-31","0.07","0.0",,"60","68","52",,
"CA001108395","VANCOUVER INTERNATIONAL A, BC CA","2021-09-01","0.00","0.0",,"57","66","48",,
"CA001108395","VANCOUVER INTERNATIONAL A, BC CA","2021-09-02","0.00","0.0",,"60","70","51",,
"CA001108395","VANCOUVER INTERNATIONAL A, BC CA","2021-09-03","0.00","0.0",,"64","75","53",,
"CA001108395","VANCOUVER INTERNATIONAL A, BC CA","2021-09-04","0.53","0.0",,"61","68","54","    5","71.6"
"CA001108395","VANCOUVER INTERNATIONAL A, BC CA","2021-09-05","0.00","0.0",,"63","67","59",,
"CA001108395","VANCOUVER INTERNATIONAL A, BC CA","2021-09-06","0.00","0.0",,"63","71","55",,
"CA001108395","VANCOUVER INTERNATIONAL A, BC CA","2021-09-07","0.00","0.0",,"63","71","54",,
"CA001108395","VANCOUVER INTERNATIONAL A, BC CA","2021-09-08","0.03","0.0",,"67","76","58","   10","78.3"
"CA001108395","VANCOUVER INTERNATIONAL A, BC CA","2021-09-09","0.00","0.0",,"69","79","58",,
"CA001108395","VANCOUVER INTERNATIONAL A, BC CA","2021-09-10","0.00","0.0",,"67","74","59","   11","76.1"
"CA001108395","VANCOUVER INTERNATIONAL A, BC CA","2021-09-11","0.21","0.0",,"61","63","58","   11","76.1"
"CA001108395","VANCOUVER INTERNATIONAL A, BC CA","2021-09-12","0.03","0.0",,"60","65","55","   28","76.1"
"CA001108395","VANCOUVER INTERNATIONAL A, BC CA","2021-09-13","0.00","0.0",,"58","65","51",,
"CA001108395","VANCOUVER INTERNATIONAL A, BC CA","2021-09-14","0.46","0.0",,"56","58","54",,
"CA001108395","VANCOUVER INTERNATIONAL A, BC CA","2021-09-15","0.00","0.0",,"58","63","53","   28","138.7"
"CA001108395","VANCOUVER INTERNATIONAL A, BC CA","2021-09-16","0.00","0.0",,"52","60","43","    9","78.3"
"CA001108395","VANCOUVER INTERNATIONAL A, BC CA","2021-09-17","2.00","0.0",,"55","58","52","   10","132.0"
"CA001108395","VANCOUVER INTERNATIONAL A, BC CA","2021-09-18","0.34","0.0",,"60","66","53","   15","96.2"
"CA001108395","VANCOUVER INTERNATIONAL A, BC CA","2021-09-19","0.09","0.0",,"56","60","52","   10","69.3"
"CA001108395","VANCOUVER INTERNATIONAL A, BC CA","2021-09-20","0.00","0.0",,"57","63","51",,
"CA001108395","VANCOUVER INTERNATIONAL A, BC CA","2021-09-21","0.00","0.0",,"56","64","47",,
"CA001108395","VANCOUVER INTERNATIONAL A, BC CA","2021-09-22","0.06","0.0",,"59","64","54","   29","71.6"
"CA001108395","VANCOUVER INTERNATIONAL A, BC CA","2021-09-23","0.00","0.0",,"57","63","52",,
"CA001108395","VANCOUVER INTERNATIONAL A, BC CA","2021-09-24","0.00","0.0",,"56","65","47",,
"CA001108395","VANCOUVER INTERNATIONAL A, BC CA","2021-09-25","0.00","0.0",,"61","72","50",,
"CA001108395","VANCOUVER INTERNATIONAL A, BC CA","2021-09-26","0.84","0.0",,"57","60","54","   12","87.2"
"CA001108395","VANCOUVER INTERNATIONAL A, BC CA","2021-09-27","0.25","0.0",,"58","62","53","   15","100.7"
"CA001108395","VANCOUVER INTERNATIONAL A, BC CA","2021-09-28","0.27","0.0",,"58","63","53","   20","89.5"
"CA001108395","VANCOUVER INTERNATIONAL A, BC CA","2021-09-29","0.44","0.0",,"53","55","51","    7","89.5"
"CA001108395","VANCOUVER INTERNATIONAL A, BC CA","2021-09-30","0.56","0.0",,"56","60","52","   15","111.8"
"CA001108395","VANCOUVER INTERNATIONAL A, BC CA","2021-10-01","0.00","0.0",,"52","59","46",,
"CA001108395","VANCOUVER INTERNATIONAL A, BC CA","2021-10-02","0.00","0.0",,"53","58","48",,
"CA001108395","VANCOUVER INTERNATIONAL A, BC CA","2021-10-03","0.02","0.0",,"54","58","50","   29","82.8"
"CA001108395","VANCOUVER INTERNATIONAL A, BC CA","2021-10-04","0.00","0.0",,"53","58","47",,
"CA001108395","VANCOUVER INTERNATIONAL A, BC CA","2021-10-05","0.18","0.0",,"51","58","45","   14","149.9"
"CA001108395","VANCOUVER INTERNATIONAL A, BC CA","2021-10-06","0.00","0.0",,"48","55","41","    7","76.1"
"CA001108395","VANCOUVER INTERNATIONAL A, BC CA","2021-10-07","0.00","0.0",,"48","55","41",,
"CA001108395","VANCOUVER INTERNATIONAL A, BC CA","2021-10-08","0.00","0.0",,"48","54","42",,
"CA001108395","VANCOUVER INTERNATIONAL A, BC CA","2021-10-09","0.46","0.0",,"47","53","42","   16","82.8"
"CA001108395","VANCOUVER INTERNATIONAL A, BC CA","2021-10-10","0.00","0.0",,"51","55","47","   28","132.0"
"CA001108395","VANCOUVER INTERNATIONAL A, BC CA","2021-10-11","0.00","0.0",,"45","52","38","   29","100.7"
"CA001108395","VANCOUVER INTERNATIONAL A, BC CA","2021-10-12","0.07","0.0",,"43","49","37","    9","102.9"
"CA001108395","VANCOUVER INTERNATIONAL A, BC CA","2021-10-13","0.11","0.0",,"45","50","40",,
"CA001108395","VANCOUVER INTERNATIONAL A, BC CA","2021-10-14","0.04","0.0",,"47","50","45",,
"CA001108395","VANCOUVER INTERNATIONAL A, BC CA","2021-10-15","1.19","0.0",,"51","53","49","   10","94.0"
"CA001108395","VANCOUVER INTERNATIONAL A, BC CA","2021-10-16","1.70","0.0",,"55","58","52","   10","98.4"
"CA001108395","VANCOUVER INTERNATIONAL A, BC CA","2021-10-17","0.28","0.0",,"52","55","48","   30","89.5"
"CA001108395","VANCOUVER INTERNATIONAL A, BC CA","2021-10-18","0.00","0.0",,"49","54","43",,
"CA001108395","VANCOUVER INTERNATIONAL A, BC CA","2021-10-19","0.00","0.0",,"47","57","36",,
"CA001108395","VANCOUVER INTERNATIONAL A, BC CA","2021-10-20","0.30","0.0",,"50","56","44","   15","80.5"
"CA001108395","VANCOUVER INTERNATIONAL A, BC CA","2021-10-21","0.15","0.0",,"57","64","50","    7","127.5"
"CA001108395","VANCOUVER INTERNATIONAL A, BC CA","2021-10-22","0.19","0.0",,"51","56","47","   12","123.0"
"CA001108395","VANCOUVER INTERNATIONAL A, BC CA","2021-10-23","0.02","0.0",,"51","53","48","   10","78.3"
"CA001108395","VANCOUVER INTERNATIONAL A, BC CA","2021-10-24","0.14","0.0",,"52","56","49","   12","129.7"
"CA001108395","VANCOUVER INTERNATIONAL A, BC CA","2021-10-25","0.07","0.0",,"54","56","51","   11","152.1"
"CA001108395","VANCOUVER INTERNATIONAL A, BC CA","2021-10-26","0.17","0.0",,"51","54","48","   10","107.4"
"CA001108395","VANCOUVER INTERNATIONAL A, BC CA","2021-10-27","0.01","0.0",,"51","56","45","   18","94.0"
"CA001108395","VANCOUVER INTERNATIONAL A, BC CA","2021-10-28","0.74","0.0",,"48","49","46","   28","73.8"
"CA001108395","VANCOUVER INTERNATIONAL A, BC CA","2021-10-29","0.00","0.0",,"45","51","40","   28","111.8"
"CA001108395","VANCOUVER INTERNATIONAL A, BC CA","2021-10-30","0.00","0.0",,"40","49","32","   29","82.8"
"CA001108395","VANCOUVER INTERNATIONAL A, BC CA","2021-10-31","0.00","0.0",,"40","49","31",,
"CA001108395","VANCOUVER INTERNATIONAL A, BC CA","2021-11-01","0.26","0.0",,"40","50","31","    4","71.6"
"CA001108395","VANCOUVER INTERNATIONAL A, BC CA","2021-11-02","0.43","0.0",,"47","52","41","    7","107.4"
"CA001108395","VANCOUVER INTERNATIONAL A, BC CA","2021-11-03","0.42","0.0",,"52","55","49","    7","91.7"
"CA001108395","VANCOUVER INTERNATIONAL A, BC CA","2021-11-04","0.62","0.0",,"52","57","46","   21","114.1"
"CA001108395","VANCOUVER INTERNATIONAL A, BC CA","2021-11-05","0.19","0.0",,"49","52","45","   19","129.7"
"CA001108395","VANCOUVER INTERNATIONAL A, BC CA","2021-11-06","0.15","0.0",,"44","47","41","   16","123.0"
"CA001108395","VANCOUVER INTERNATIONAL A, BC CA","2021-11-07","0.24","0.0",,"44","48","39","   14","111.8"
"CA001108395","VANCOUVER INTERNATIONAL A, BC CA","2021-11-08","0.02","0.0",,"45","51","40","    9","87.2"
"CA001108395","VANCOUVER INTERNATIONAL A, BC CA","2021-11-09","0.60","0.0",,"49","54","44","   12","190.1"
"CA001108395","VANCOUVER INTERNATIONAL A, BC CA","2021-11-10","0.01","0.0",,"44","48","39",,
"CA001108395","VANCOUVER INTERNATIONAL A, BC CA","2021-11-11","0.52","0.0",,"46","49","43","    9","76.1"
"CA001108395","VANCOUVER INTERNATIONAL A, BC CA","2021-11-12","0.04","0.0",,"50","55","44","   12","78.3"
"CA001108395","VANCOUVER INTERNATIONAL A, BC CA","2021-11-13","0.78","0.0",,"44","48","39","    8","94.0"
"CA001108395","VANCOUVER INTERNATIONAL A, BC CA","2021-11-14","2.07","0.0",,"48","54","42","   15","87.2"
"CA001108395","VANCOUVER INTERNATIONAL A, BC CA","2021-11-15","1.88","0.0",,"48","54","42","   28","196.9"
"CA001108395","VANCOUVER INTERNATIONAL A, BC CA","2021-11-16","0.00","0.0",,"40","46","34","   28","105.1"
"CA001108395","VANCOUVER INTERNATIONAL A, BC CA","2021-11-17","0.00","0.0",,"36","44","29",,
"CA001108395","VANCOUVER INTERNATIONAL A, BC CA","2021-11-18","0.26","0.0",,,,,"    2","78.3"
"CA001108395","VANCOUVER INTERNATIONAL A, BC CA","2021-11-19","0.00","0.0",,"41","45","36","   30","98.4"
"CA001108395","VANCOUVER INTERNATIONAL A, BC CA","2021-11-20","0.00","0.0",,"41","45","37",,
"CA001108395","VANCOUVER INTERNATIONAL A, BC CA","2021-11-21","0.00","0.0",,"42","49","35",,
"CA001108395","VANCOUVER INTERNATIONAL A, BC CA","2021-11-22","0.00","0.0",,"40","47","32","   13","91.7"
"CA001108395","VANCOUVER INTERNATIONAL A, BC CA","2021-11-23","0.00","0.0",,"44","47","41","   29","120.8"
"CA001108395","VANCOUVER INTERNATIONAL A, BC CA","2021-11-24","0.08","0.0",,"41","45","36","   11","71.6"
"CA001108395","VANCOUVER INTERNATIONAL A, BC CA","2021-11-25","1.07","0.0",,"43","45","41","    7","100.7"
"CA001108395","VANCOUVER INTERNATIONAL A, BC CA","2021-11-26","0.11","0.0",,"47","52","43","   10","71.6"
"CA001108395","VANCOUVER INTERNATIONAL A, BC CA","2021-11-27","0.80","0.0",,"49","53","44","    8","73.8"
"CA001108395","VANCOUVER INTERNATIONAL A, BC CA","2021-11-28","0.97","0.0",,"51","54","48","   15","82.8"
"CA001108395","VANCOUVER INTERNATIONAL A, BC CA","2021-11-29","0.12","0.0",,"52","55","49","   15","73.8"
"CA001108395","VANCOUVER INTERNATIONAL A, BC CA","2021-11-30","0.65","0.0",,"51","52","49","   13","96.2"
"CA001108395","VANCOUVER INTERNATIONAL A, BC CA","2021-12-01","0.07","0.0",,"51","54","48","   16","125.3"
"CA001108395","VANCOUVER INTERNATIONAL A, BC CA","2021-12-02","0.00","0.0",,"43","51","35","   28","129.7"
"CA001108395","VANCOUVER INTERNATIONAL A, BC CA","2021-12-03","0.00","0.0",,"36","43","29","   29","71.6"
"CA001108395","VANCOUVER INTERNATIONAL A, BC CA","2021-12-04","0.11","0.0",,"38","41","35","   29","96.2"
"CA001108395","VANCOUVER INTERNATIONAL A, BC CA","2021-12-05","0.00","0.0",,"34","40","27","   29","94.0"
"CA001108395","VANCOUVER INTERNATIONAL A, BC CA","2021-12-06","0.24","0.9","0.4","36","39","32",,
"CA001108395","VANCOUVER INTERNATIONAL A, BC CA","2021-12-07","0.13","0.0",,"41","45","36","    8","80.5"
"CA001108395","VANCOUVER INTERNATIONAL A, BC CA","2021-12-08","0.00","0.0",,"40","47","33","   28","145.4"
"CA001108395","VANCOUVER INTERNATIONAL A, BC CA","2021-12-09","0.02","0.0",,"37","43","32","   32","73.8"
"CA001108395","VANCOUVER INTERNATIONAL A, BC CA","2021-12-10","0.44","0.0",,"37","44","30","   13","116.3"
"CA001108395","VANCOUVER INTERNATIONAL A, BC CA","2021-12-11","0.22","0.0",,"41","47","35","   16","118.6"
"CA001108395","VANCOUVER INTERNATIONAL A, BC CA","2021-12-12","0.15","0.0",,"38","41","34","   16","94.0"
"CA001108395","VANCOUVER INTERNATIONAL A, BC CA","2021-12-13","0.33","0.0",,"39","43","36","    8","105.1"
"CA001108395","VANCOUVER INTERNATIONAL A, BC CA","2021-12-14","0.03","0.0",,"37","40","33","    9","85.0"
"CA001108395","VANCOUVER INTERNATIONAL A, BC CA","2021-12-15","0.00","0.0",,"41","45","36","    7","105.1"
"CA001108395","VANCOUVER INTERNATIONAL A, BC CA","2021-12-16","0.03","0.0",,"37","43","31","   29","105.1"
"CA001108395","VANCOUVER INTERNATIONAL A, BC CA","2021-12-17","0.07","0.0",,"32","36","28","    9","69.3"
"CA001108395","VANCOUVER INTERNATIONAL A, BC CA","2021-12-18","1.23","0.0",,"40","46","33","   20","102.9"
"CA001108395","VANCOUVER INTERNATIONAL A, BC CA","2021-12-19","0.00","0.0",,"35","42","27","   31","69.3"
"CA001108395","VANCOUVER INTERNATIONAL A, BC CA","2021-12-20","0.00","0.0",,"30","36","24",,
"CA001108395","VANCOUVER INTERNATIONAL A, BC CA","2021-12-21","0.26","0.0",,"28","35","21",,
"CA001108395","VANCOUVER INTERNATIONAL A, BC CA","2021-12-22","0.13","0.0",,"41","48","34","   14","102.9"
"CA001108395","VANCOUVER INTERNATIONAL A, BC CA","2021-12-23","0.09","0.0",,"40","45","35","   26","102.9"
"CA001108395","VANCOUVER INTERNATIONAL A, BC CA","2021-12-24","0.34","2.7","0.4","35","38","32","   10","87.2"
"CA001108395","VANCOUVER INTERNATIONAL A, BC CA","2021-12-25","0.06","0.9","0.0","27","33","22","    9","94.0"
"CA001108395","VANCOUVER INTERNATIONAL A, BC CA","2021-12-26","0.12","1.6","0.8","17","22","13",,
"CA001108395","VANCOUVER INTERNATIONAL A, BC CA","2021-12-27","0.03","0.4","0.4","11","18","4",,
"CA001108395","VANCOUVER INTERNATIONAL A, BC CA","2021-12-28","0.00","0.0","0.4","17","24","9",,
"CA001108395","VANCOUVER INTERNATIONAL A, BC CA","2021-12-29","0.00","0.1","1.2","18","25","11",,
"CA001108395","VANCOUVER INTERNATIONAL A, BC CA","2021-12-30",,"7.5","6.3","24","31","17","    7","71.6"
"CA001108395","VANCOUVER INTERNATIONAL A, BC CA","2021-12-31","0.00","0.0",,"20","27","12",,
"CA001108395","VANCOUVER INTERNATIONAL A, BC CA","2022-01-01","0.00","0.0",,"24","35","14","    9","109.6"
"CA001108395","VANCOUVER INTERNATIONAL A, BC CA","2022-01-02","0.34","1.5","2.8","37","41","33","   14","152.1"
"CA001108395","VANCOUVER INTERNATIONAL A, BC CA","2022-01-03","0.30","0.0","0.8","38","42","35","   20","138.7"
"CA001108395","VANCOUVER INTERNATIONAL A, BC CA","2022-01-04","0.28","0.2","0.0","37","41","32","   20","102.9"
"CA001108395","VANCOUVER INTERNATIONAL A, BC CA","2022-01-05","0.04","0.4","0.0","30","33","26",,
"CA001108395","VANCOUVER INTERNATIONAL A, BC CA","2022-01-06","0.65","4.7","4.7","32","39","26","   10","85.0"
"CA001108395","VANCOUVER INTERNATIONAL A, BC CA","2022-01-07","0.30","0.0","0.8","37","40","34","   29","185.7"
"CA001108395","VANCOUVER INTERNATIONAL A, BC CA","2022-01-08","0.12","0.0",,"33","38","28","    7","71.6"
"CA001108395","VANCOUVER INTERNATIONAL A, BC CA","2022-01-09","0.00","0.0",,"37","44","29",,
"CA001108395","VANCOUVER INTERNATIONAL A, BC CA","2022-01-10","0.18","0.0",,"38","47","29","    7","85.0"
"CA001108395","VANCOUVER INTERNATIONAL A, BC CA","2022-01-11","0.70","0.0",,"47","50","44","   10","91.7"
"CA001108395","VANCOUVER INTERNATIONAL A, BC CA","2022-01-12","1.15","0.0",,"50","53","48","    9","85.0"
"CA001108395","VANCOUVER INTERNATIONAL A, BC CA","2022-01-13","0.01","0.0",,"45","52","39",,
"CA001108395","VANCOUVER INTERNATIONAL A, BC CA","2022-01-14","0.00","0.0",,"45","50","41",,
"CA001108395","VANCOUVER INTERNATIONAL A, BC CA","2022-01-15","0.01","0.0",,"41","45","38",,
"CA001108395","VANCOUVER INTERNATIONAL A, BC CA","2022-01-16","0.00","0.0",,"42","44","40",,
"CA001108395","VANCOUVER INTERNATIONAL A, BC CA","2022-01-17","0.07","0.0",,"42","45","39",,
"CA001108395","VANCOUVER INTERNATIONAL A, BC CA","2022-01-18","0.12","0.0",,"43","45","42",,
"CA001108395","VANCOUVER INTERNATIONAL A, BC CA","2022-01-19","0.31","0.0",,"47","49","44",,
"CA001108395","VANCOUVER INTERNATIONAL A, BC CA","2022-01-20","0.43","0.0",,"48","53","43","   26","111.8"
"CA001108395","VANCOUVER INTERNATIONAL A, BC CA","2022-01-21","0.00","0.0",,"41","46","36",,
"CA001108395","VANCOUVER INTERNATIONAL A, BC CA","2022-01-22","0.00","0.0",,"40","45","35",,
"CA001108395","VANCOUVER INTERNATIONAL A, BC CA","2022-01-23","0.00","0.0",,"36","40","32",,
"CA001108395","VANCOUVER INTERNATIONAL A, BC CA","2022-01-24","0.00","0.0",,"38","40","36",,
"CA001108395","VANCOUVER INTERNATIONAL A, BC CA","2022-01-25","0.00","0.0",,"36","37","34",,
"CA001108395","VANCOUVER INTERNATIONAL A, BC CA","2022-01-26","0.00","0.0",,"36","38","34",,
"CA001108395","VANCOUVER INTERNATIONAL A, BC CA","2022-01-27","0.00","0.0",,"36","41","31",,
"CA001108395","VANCOUVER INTERNATIONAL A, BC CA","2022-01-28","0.00","0.0",,"37","46","28",,
"CA001108395","VANCOUVER INTERNATIONAL A, BC CA","2022-01-29","0.25","0.0",,"38","45","32",,
"CA001108395","VANCOUVER INTERNATIONAL A, BC CA","2022-01-30","0.55","0.0",,"43","46","40","   28","132.0"
"CA001108395","VANCOUVER INTERNATIONAL A, BC CA","2022-01-31","0.00","0.0",,"42","45","39","   28","120.8"
"CA001108395","VANCOUVER INTERNATIONAL A, BC CA","2022-02-01","0.00","0.0",,"37","43","31","   28","107.4"
"CA001108395","VANCOUVER INTERNATIONAL A, BC CA","2022-02-02","0.01","0.0",,"32","36","29",,
"CA001108395","VANCOUVER INTERNATIONAL A, BC CA","2022-02-03","0.29","0.0",,"39","43","35",,
"CA001108395","VANCOUVER INTERNATIONAL A, BC CA","2022-02-04","0.13","0.0",,"43","47","39","   12","102.9"
"CA001108395","VANCOUVER INTERNATIONAL A, BC CA","2022-02-05","0.00","0.0",,"42","45","39","   24","116.3"
"CA001108395","VANCOUVER INTERNATIONAL A, BC CA","2022-02-06","0.00","0.0",,"38","45","31",,
"CA001108395","VANCOUVER INTERNATIONAL A, BC CA","2022-02-07","0.00","0.0",,"45","53","37","   19","73.8"
"CA001108395","VANCOUVER INTERNATIONAL A, BC CA","2022-02-08","0.11","0.0",,"42","46","37",,
"CA001108395","VANCOUVER INTERNATIONAL A, BC CA","2022-02-09","0.04","0.0",,"45","48","42",,
"CA001108395","VANCOUVER INTERNATIONAL A, BC CA","2022-02-10","0.01","0.0",,"41","44","38",,
"CA001108395","VANCOUVER INTERNATIONAL A, BC CA","2022-02-11","0.00","0.0",,"41","46","36","   30","85.0"
"CA001108395","VANCOUVER INTERNATIONAL A, BC CA","2022-02-12","0.00","0.0",,"38","45","32",,
"CA001108395","VANCOUVER INTERNATIONAL A, BC CA","2022-02-13","0.00","0.0",,"40","49","31",,
"CA001108395","VANCOUVER INTERNATIONAL A, BC CA","2022-02-14","0.14","0.0",,"43","47","38",,
"CA001108395","VANCOUVER INTERNATIONAL A, BC CA","2022-02-15","0.00","0.0",,"43","48","38",,
"CA001108395","VANCOUVER INTERNATIONAL A, BC CA","2022-02-16","0.00","0.0",,"42","48","35",,
"CA001108395","VANCOUVER INTERNATIONAL A, BC CA","2022-02-17","0.00","0.0",,"44","49","40",,
"CA001108395","VANCOUVER INTERNATIONAL A, BC CA","2022-02-18","0.00","0.0",,"42","47","38",,
"CA001108395","VANCOUVER INTERNATIONAL A, BC CA","2022-02-19","0.14","0.0",,"42","47","37","   14","78.3"
"CA001108395","VANCOUVER INTERNATIONAL A, BC CA","2022-02-20","0.00","0.0",,"42","46","38","   29","109.6"
"CA001108395","VANCOUVER INTERNATIONAL A, BC CA","2022-02-21","0.04","0.0",,"38","46","31","   11","91.7"
"CA001108395","VANCOUVER INTERNATIONAL A, BC CA","2022-02-22","0.00","0.0",,"32","37","26","    7","89.5"
"CA001108395","VANCOUVER INTERNATIONAL A, BC CA","2022-02-23","0.00","0.0","0.0","27","35","20","   10","73.8"
"CA001108395","VANCOUVER INTERNATIONAL A, BC CA","2022-02-24",,"0.9","0.8","31","39","23",,
"CA001108395","VANCOUVER INTERNATIONAL A, BC CA","2022-02-25","0.00","0.0",,"33","42","24","   21","71.6"
"CA001108395","VANCOUVER INTERNATIONAL A, BC CA","2022-02-26","0.24","0.0",,"39","52","26","   11","134.2"
"CA001108395","VANCOUVER INTERNATIONAL A, BC CA","2022-02-27","0.76","0.0",,"46","51","40","   18","94.0"
"CA001108395","VANCOUVER INTERNATIONAL A, BC CA","2022-02-28","0.44","0.0",,"45","47","44","    8","87.2"
"CA001108395","VANCOUVER INTERNATIONAL A, BC CA","2022-03-01","0.14","0.0",,"50","55","45","   27","71.6"
"CA001108395","VANCOUVER INTERNATIONAL A, BC CA","2022-03-02","0.19","0.0",,"48","53","43","   10","71.6"
"CA001108395","VANCOUVER INTERNATIONAL A, BC CA","2022-03-03","0.01","0.0",,"45","49","41",,
"CA001108395","VANCOUVER INTERNATIONAL A, BC CA","2022-03-04","0.00","0.0",,"44","48","40","   28","100.7"
"CA001108395","VANCOUVER INTERNATIONAL A, BC CA","2022-03-05","0.00","0.0",,"43","48","38","   30","87.2"
"CA001108395","VANCOUVER INTERNATIONAL A, BC CA","2022-03-06","0.00","0.0",,"40","49","31",,
"CA001108395","VANCOUVER INTERNATIONAL A, BC CA","2022-03-07","0.00","0.0",,"43","50","37",,
"CA001108395","VANCOUVER INTERNATIONAL A, BC CA","2022-03-08","0.01","0.0",,"45","50","39",,
"CA001108395","VANCOUVER INTERNATIONAL A, BC CA","2022-03-09","0.00","0.0",,"38","46","30","   26","78.3"
"CA001108395","VANCOUVER INTERNATIONAL A, BC CA","2022-03-10","0.00","0.0",,"36","44","28",,
"CA001108395","VANCOUVER INTERNATIONAL A, BC CA","2022-03-11","0.13","0.0",,"39","42","36",,
"CA001108395","VANCOUVER INTERNATIONAL A, BC CA","2022-03-12","0.56","0.0",,"45","52","38","   12","96.2"
"CA001108395","VANCOUVER INTERNATIONAL A, BC CA","2022-03-13","0.33","0.0",,"47","52","42",,
"CA001108395","VANCOUVER INTERNATIONAL A, BC CA","2022-03-14","1.41","0.0",,"45","47","43","   11","102.9"
"CA001108395","VANCOUVER INTERNATIONAL A, BC CA","2022-03-15","0.13","0.0",,"46","50","42","    5","85.0"
"CA001108395","VANCOUVER INTERNATIONAL A, BC CA","2022-03-16","0.00","0.0",,"44","52","35","   14","82.8"
"CA001108395","VANCOUVER INTERNATIONAL A, BC CA","2022-03-17","0.69","0.0",,"44","46","42",,
"CA001108395","VANCOUVER INTERNATIONAL A, BC CA","2022-03-18","0.16","0.0",,"46","50","42",,
"CA001108395","VANCOUVER INTERNATIONAL A, BC CA","2022-03-19","0.08","0.0",,"46","50","43","   28","102.9"
"CA001108395","VANCOUVER INTERNATIONAL A, BC CA","2022-03-20","0.32","0.0",,"40","45","34","   17","91.7"
"CA001108395","VANCOUVER INTERNATIONAL A, BC CA","2022-03-21","0.85","0.0",,"44","47","40","    9","71.6"
"CA001108395","VANCOUVER INTERNATIONAL A, BC CA","2022-03-22","0.31","0.0",,"50","55","44",,
"CA001108395","VANCOUVER INTERNATIONAL A, BC CA","2022-03-23","0.16","0.0",,"48","54","42","   29","114.1"
"CA001108395","VANCOUVER INTERNATIONAL A, BC CA","2022-03-24","0.00","0.0",,"42","50","35",,
"CA001108395","VANCOUVER INTERNATIONAL A, BC CA","2022-03-25","0.00","0.0",,"48","54","41",,
"CA001108395","VANCOUVER INTERNATIONAL A, BC CA","2022-03-26","0.24","0.0",,"50","55","45",,
"CA001108395","VANCOUVER INTERNATIONAL A, BC CA","2022-03-27","0.08","0.0",,"50","54","46","   31","76.1"
"CA001108395","VANCOUVER INTERNATIONAL A, BC CA","2022-03-28","0.15","0.0",,"47","52","42","   29","85.0"
"CA001108395","VANCOUVER INTERNATIONAL A, BC CA","2022-03-29","0.06","0.0",,"49","59","40","   20","69.3"
"CA001108395","VANCOUVER INTERNATIONAL A, BC CA","2022-03-30","0.03","0.0",,"48","54","42",,
"CA001108395","VANCOUVER INTERNATIONAL A, BC CA","2022-03-31","0.00","0.0",,"47","51","43","   28","91.7"
"CA001108395","VANCOUVER INTERNATIONAL A, BC CA","2022-04-01","0.09","0.0",,"45","49","42","   13","71.6"
"CA001108395","VANCOUVER INTERNATIONAL A, BC CA","2022-04-02","0.02","0.0",,"47","54","40","   15","78.3"
"CA001108395","VANCOUVER INTERNATIONAL A, BC CA","2022-04-03","0.65","0.0",,"46","49","43","   13","127.5"
"CA001108395","VANCOUVER INTERNATIONAL A, BC CA","2022-04-04","0.21","0.0",,"46","49","43","   15","149.9"
"CA001108395","VANCOUVER INTERNATIONAL A, BC CA","2022-04-05","0.01","0.0",,"47","52","42","   28","120.8"
"CA001108395","VANCOUVER INTERNATIONAL A, BC CA","2022-04-06","0.00","0.0",,"44","51","36","   20","73.8"
"CA001108395","VANCOUVER INTERNATIONAL A, BC CA","2022-04-07","0.01","0.0",,"49","56","43",,
"CA001108395","VANCOUVER INTERNATIONAL A, BC CA","2022-04-08","0.17","0.0",,"49","53","44","   29","127.5"
"CA001108395","VANCOUVER INTERNATIONAL A, BC CA","2022-04-09","0.00","0.0",,"45","49","42","   23","107.4"
"CA001108395","VANCOUVER INTERNATIONAL A, BC CA","2022-04-10","0.06","0.0",,"43","49","37","   12","73.8"
"CA001108395","VANCOUVER INTERNATIONAL A, BC CA","2022-04-11","0.00","0.0",,"45","56","34","   29","118.6"
"CA001108395","VANCOUVER INTERNATIONAL A, BC CA","2022-04-12","0.34","0.0",,"42","46","36","    9","127.5"
"CA001108395","VANCOUVER INTERNATIONAL A, BC CA","2022-04-13","0.01","0.0",,"41","49","32","   29","69.3"
"CA001108395","VANCOUVER INTERNATIONAL A, BC CA","2022-04-14","0.00","0.0",,"40","52","29","   29","76.1"
"CA001108395","VANCOUVER INTERNATIONAL A, BC CA","2022-04-15","0.17","0.0",,"42","48","36",,
"CA001108395","VANCOUVER INTERNATIONAL A, BC CA","2022-04-16","0.00","0.0",,"41","52","30","   20","89.5"
"CA001108395","VANCOUVER INTERNATIONAL A, BC CA","2022-04-17","0.00","0.0",,"46","55","37","   13","73.8"
"CA001108395","VANCOUVER INTERNATIONAL A, BC CA","2022-04-18","0.76","0.0",,"48","53","42","   14","154.3"
"CA001108395","VANCOUVER INTERNATIONAL A, BC CA","2022-04-19","0.00","0.0",,"47","52","42","   17","76.1"
"CA001108395","VANCOUVER INTERNATIONAL A, BC CA","2022-04-20","0.20","0.0",,"47","57","36","   12","154.3"
"CA001108395","VANCOUVER INTERNATIONAL A, BC CA","2022-04-21","0.37","0.0",,"49","55","42","   10","73.8"
"CA001108395","VANCOUVER INTERNATIONAL A, BC CA","2022-04-22","0.00","0.0",,"49","56","42",,
"CA001108395","VANCOUVER INTERNATIONAL A, BC CA","2022-04-23","0.00","0.0",,"49","59","39",,
"CA001108395","VANCOUVER INTERNATIONAL A, BC CA","2022-04-24","0.04","0.0",,"52","62","41","   28","98.4"
"CA001108395","VANCOUVER INTERNATIONAL A, BC CA","2022-04-25","0.24","0.0",,"51","56","45","   18","82.8"
"CA001108395","VANCOUVER INTERNATIONAL A, BC CA","2022-04-26","0.04","0.0",,"46","53","39","   22","78.3"
"CA001108395","VANCOUVER INTERNATIONAL A, BC CA","2022-04-27","0.00","0.0",,"46","53","39",,
"CA001108395","VANCOUVER INTERNATIONAL A, BC CA","2022-04-28","0.00","0.0",,"45","54","37",,
"CA001108395","VANCOUVER INTERNATIONAL A, BC CA","2022-04-29","0.00","0.0",,"52","60","44","   12","89.5"
"CA001108395","VANCOUVER INTERNATIONAL A, BC CA","2022-04-30","0.35","0.0",,"52","58","47","   30","71.6"
"CA001108395","VANCOUVER INTERNATIONAL A, BC CA","2022-05-01","0.00","0.0",,"51","60","41",,
"CA001108395","VANCOUVER INTERNATIONAL A, BC CA","2022-05-02","0.09","0.0",,"53","58","48","   28","78.3"
"CA001108395","VANCOUVER INTERNATIONAL A, BC CA","2022-05-03","0.09","0.0",,"52","56","47","   18","80.5"
"CA001108395","VANCOUVER INTERNATIONAL A, BC CA","2022-05-04","0.07","0.0",,"50","54","46",,
"CA001108395","VANCOUVER INTERNATIONAL A, BC CA","2022-05-05","0.46","0.0",,"49","51","47","   12","87.2"
"CA001108395","VANCOUVER INTERNATIONAL A, BC CA","2022-05-06","0.00","0.0",,,,,"   20","78.3"
"CA001108395","VANCOUVER INTERNATIONAL A, BC CA","2022-05-07","0.00","0.0",,"49","57","42","   21","111.8"
"CA001108395","VANCOUVER INTERNATIONAL A, BC CA","2022-05-08","0.13","0.0",,"48","53","43",,
"CA001108395","VANCOUVER INTERNATIONAL A, BC CA","2022-05-09","0.14","0.0",,"51","57","45","   19","73.8"
"CA001108395","VANCOUVER INTERNATIONAL A, BC CA","2022-05-10","0.04","0.0",,"52","59","46","   16","82.8"
"CA001108395","VANCOUVER INTERNATIONAL A, BC CA","2022-05-11","0.04","0.0",,"51","57","45","   13","89.5"
"CA001108395","VANCOUVER INTERNATIONAL A, BC CA","2022-05-12","0.26","0.0",,"48","51","44","   12","129.7"
"CA001108395","VANCOUVER INTERNATIONAL A, BC CA","2022-05-13","0.06","0.0",,"48","56","40","   25","87.2"
"CA001108395","VANCOUVER INTERNATIONAL A, BC CA","2022-05-14","0.15","0.0",,"51","57","45",,
"CA001108395","VANCOUVER INTERNATIONAL A, BC CA","2022-05-15","0.96","0.0",,"54","57","51","   26","91.7"
"CA001108395","VANCOUVER INTERNATIONAL A, BC CA","2022-05-16","0.04","0.0",,"53","60","46","   24","107.4"
"CA001108395","VANCOUVER INTERNATIONAL A, BC CA","2022-05-17","0.00","0.0",,"51","58","44","   20","82.8"
"CA001108395","VANCOUVER INTERNATIONAL A, BC CA","2022-05-18","0.22","0.0",,"53","60","47","   21","138.7"
"CA001108395","VANCOUVER INTERNATIONAL A, BC CA","2022-05-19","0.00","0.0",,"53","58","46","   30","125.3"
"CA001108395","VANCOUVER INTERNATIONAL A, BC CA","2022-05-20","0.00","0.0",,"49","59","39","   19","69.3"
"CA001108395","VANCOUVER INTERNATIONAL A, BC CA","2022-05-21","0.00","0.0",,"53","64","42",,
"CA001108395","VANCOUVER INTERNATIONAL A, BC CA","2022-05-22","0.00","0.0",,"57","67","46","   18","89.5"
"CA001108395","VANCOUVER INTERNATIONAL A, BC CA","2022-05-23","0.00","0.0",,"58","62","53","   20","78.3"
"CA001108395","VANCOUVER INTERNATIONAL A, BC CA","2022-05-24","0.00","0.0",,"55","60","50",,
"CA001108395","VANCOUVER INTERNATIONAL A, BC CA","2022-05-25","0.02","0.0",,"58","65","51",,
"CA001108395","VANCOUVER INTERNATIONAL A, BC CA","2022-05-26","0.35","0.0",,"56","61","51",,
"CA001108395","VANCOUVER INTERNATIONAL A, BC CA","2022-05-27","0.31","0.0",,"55","60","50","   20","96.2"
"CA001108395","VANCOUVER INTERNATIONAL A, BC CA","2022-05-28","0.00","0.0",,"53","59","47","   28","78.3"
"CA001108395","VANCOUVER INTERNATIONAL A, BC CA","2022-05-29","0.00","0.0",,"56","60","52","   20","73.8"
"CA001108395","VANCOUVER INTERNATIONAL A, BC CA","2022-05-30","0.20","0.0",,"54","58","49",,
"CA001108395","VANCOUVER INTERNATIONAL A, BC CA","2022-05-31","0.00","0.0",,"58","63","52",,
"CA001108395","VANCOUVER INTERNATIONAL A, BC CA","2022-06-01","0.00","0.0",,"58","65","51",,
"CA001108395","VANCOUVER INTERNATIONAL A, BC CA","2022-06-02","0.00","0.0",,"62","69","56",,
"CA001108395","VANCOUVER INTERNATIONAL A, BC CA","2022-06-03","0.35","0.0",,"60","63","57","   10","80.5"
"CA001108395","VANCOUVER INTERNATIONAL A, BC CA","2022-06-04","0.31","0.0",,"62","69","54","    9","82.8"
"CA001108395","VANCOUVER INTERNATIONAL A, BC CA","2022-06-05","0.49","0.0",,"61","68","54","   20","78.3"
"CA001108395","VANCOUVER INTERNATIONAL A, BC CA","2022-06-06","0.00","0.0",,"56","63","49","   22","80.5"
"CA001108395","VANCOUVER INTERNATIONAL A, BC CA","2022-06-07","0.03","0.0",,"56","64","48",,
"CA001108395","VANCOUVER INTERNATIONAL A, BC CA","2022-06-08","0.01","0.0",,"61","68","55","   12","71.6"
"CA001108395","VANCOUVER INTERNATIONAL A, BC CA","2022-06-09","1.04","0.0",,"57","59","54","    9","87.2"
"CA001108395","VANCOUVER INTERNATIONAL A, BC CA","2022-06-10","0.02","0.0",,"63","70","55",,
"CA001108395","VANCOUVER INTERNATIONAL A, BC CA","2022-06-11","0.01","0.0",,"61","68","53","   17","69.3"
"CA001108395","VANCOUVER INTERNATIONAL A, BC CA","2022-06-12","0.18","0.0",,"58","62","54","   27","76.1"
"CA001108395","VANCOUVER INTERNATIONAL A, BC CA","2022-06-13","0.00","0.0",,"58","62","54","   28","107.4"
"CA001108395","VANCOUVER INTERNATIONAL A, BC CA","2022-06-14","0.00","0.0",,"59","64","53","   28","109.6"
"CA001108395","VANCOUVER INTERNATIONAL A, BC CA","2022-06-15","0.02","0.0",,"57","60","53",,
"CA001108395","VANCOUVER INTERNATIONAL A, BC CA","2022-06-16","0.02","0.0",,"59","65","53",,
"CA001108395","VANCOUVER INTERNATIONAL A, BC CA","2022-06-17","0.02","0.0",,"58","65","50","   30","98.4"
"CA001108395","VANCOUVER INTERNATIONAL A, BC CA","2022-06-18","0.18","0.0",,"59","65","53",,
"CA001108395","VANCOUVER INTERNATIONAL A, BC CA","2022-06-19","0.00","0.0",,"60","65","54",,
"CA001108395","VANCOUVER INTERNATIONAL A, BC CA","2022-06-20","0.00","0.0",,"59","67","52","   19","82.8"
"CA001108395","VANCOUVER INTERNATIONAL A, BC CA","2022-06-21","0.01","0.0",,"60","65","56","   10","80.5"
"CA001108395","VANCOUVER INTERNATIONAL A, BC CA","2022-06-22","0.00","0.0",,"60","65","55","   28","98.4"
"CA001108395","VANCOUVER INTERNATIONAL A, BC CA","2022-06-23","0.00","0.0",,"58","65","52","   29","120.8"
"CA001108395","VANCOUVER INTERNATIONAL A, BC CA","2022-06-24","0.00","0.0",,"56","69","44",,
"CA001108395","VANCOUVER INTERNATIONAL A, BC CA","2022-06-25","0.00","0.0",,"62","73","51",,
"CA001108395","VANCOUVER INTERNATIONAL A, BC CA","2022-06-26","0.00","0.0",,"65","75","55","   30","71.6"
"CA001108395","VANCOUVER INTERNATIONAL A, BC CA","2022-06-27","0.00","0.0",,"68","79","57",,
"CA001108395","VANCOUVER INTERNATIONAL A, BC CA","2022-06-28","0.05","0.0",,"64","70","57","    9","80.5"
"CA001108395","VANCOUVER INTERNATIONAL A, BC CA","2022-06-29","0.00","0.0",,"63","70","56","   17","73.8"
"CA001108395","VANCOUVER INTERNATIONAL A, BC CA","2022-06-30","0.00","0.0",,"62","70","53",,
"CA001108395","VANCOUVER INTERNATIONAL A, BC CA","2022-07-01","0.00","0.0",,"65","74","56","   18","82.8"
"CA001108395","VANCOUVER INTERNATIONAL A, BC CA","2022-07-02","0.00","0.0",,"62","69","54",,
"CA001108395","VANCOUVER INTERNATIONAL A, BC CA","2022-07-03","0.38","0.0",,"58","60","55","   11","71.6"
"CA001108395","VANCOUVER INTERNATIONAL A, BC CA","2022-07-04","0.10","0.0",,"59","64","55",,
"CA001108395","VANCOUVER INTERNATIONAL A, BC CA","2022-07-05","0.00","0.0",,"63","69","57",,
"CA001108395","VANCOUVER INTERNATIONAL A, BC CA","2022-07-06","0.06","0.0",,"66","72","61",,
"CA001108395","VANCOUVER INTERNATIONAL A, BC CA","2022-07-07","0.43","0.0",,"66","73","59",,
"CA001108395","VANCOUVER INTERNATIONAL A, BC CA","2022-07-08","0.00","0.0",,"64","70","59",,
"CA001108395","VANCOUVER INTERNATIONAL A, BC CA","2022-07-09","0.00","0.0",,"64","71","57",,
"CA001108395","VANCOUVER INTERNATIONAL A, BC CA","2022-07-10","0.00","0.0",,"66","74","59",,
"CA001108395","VANCOUVER INTERNATIONAL A, BC CA","2022-07-11","0.00","0.0",,"65","76","55",,
"CA001108395","VANCOUVER INTERNATIONAL A, BC CA","2022-07-12","0.00","0.0",,"65","72","58","   27","94.0"
"CA001108395","VANCOUVER INTERNATIONAL A, BC CA","2022-07-13","0.00","0.0",,"65","70","60","   28","107.4"
"CA001108395","VANCOUVER INTERNATIONAL A, BC CA","2022-07-14","0.00","0.0",,,,,"   15","80.5"
"CA001108395","VANCOUVER INTERNATIONAL A, BC CA","2022-07-15","0.05","0.0",,"64","69","59","   10","80.5"
"CA001108395","VANCOUVER INTERNATIONAL A, BC CA","2022-07-16","0.00","0.0",,"65","72","58","   19","73.8"
"CA001108395","VANCOUVER INTERNATIONAL A, BC CA","2022-07-17","0.07","0.0",,"61","65","56",,
"CA001108395","VANCOUVER INTERNATIONAL A, BC CA","2022-07-18","0.00","0.0",,"63","69","57","   13","71.6"
"CA001108395","VANCOUVER INTERNATIONAL A, BC CA","2022-07-19","0.00","0.0",,"63","71","54","   22","69.3"
"CA001108395","VANCOUVER INTERNATIONAL A, BC CA","2022-07-20","0.00","0.0",,"65","74","55",,
"CA001108395","VANCOUVER INTERNATIONAL A, BC CA","2022-07-21","0.00","0.0",,"67","74","60","   20","80.5"
"CA001108395","VANCOUVER INTERNATIONAL A, BC CA","2022-07-22","0.00","0.0",,"64","71","57","   10","89.5"
"CA001108395","VANCOUVER INTERNATIONAL A, BC CA","2022-07-23","0.00","0.0",,"62","69","54","   19","76.1"
"CA001108395","VANCOUVER INTERNATIONAL A, BC CA","2022-07-24","0.00","0.0",,"65","73","56",,
"CA001108395","VANCOUVER INTERNATIONAL A, BC CA","2022-07-25","0.00","0.0",,"69","76","62","   30","82.8"
"CA001108395","VANCOUVER INTERNATIONAL A, BC CA","2022-07-26","0.00","0.0",,"73","81","65",,
"CA001108395","VANCOUVER INTERNATIONAL A, BC CA","2022-07-27","0.00","0.0",,"76","87","65","   22","87.2"
"CA001108395","VANCOUVER INTERNATIONAL A, BC CA","2022-07-28","0.00","0.0",,"73","82","64",,
"CA001108395","VANCOUVER INTERNATIONAL A, BC CA","2022-07-29","0.00","0.0",,"74","83","65",,
"CA001108395","VANCOUVER INTERNATIONAL A, BC CA","2022-07-30","0.00","0.0",,"74","84","65",,
"CA001108395","VANCOUVER INTERNATIONAL A, BC CA","2022-07-31","0.00","0.0",,"74","82","65",,
"CA001108395","VANCOUVER INTERNATIONAL A, BC CA","2022-08-01","0.00","0.0",,"69","76","62",,
"CA001108395","VANCOUVER INTERNATIONAL A, BC CA","2022-08-02","0.00","0.0",,"68","73","63","   28","80.5"
"CA001108395","VANCOUVER INTERNATIONAL A, BC CA","2022-08-03","0.23","0.0",,"65","71","60","   11","87.2"
"CA001108395","VANCOUVER INTERNATIONAL A, BC CA","2022-08-04","0.00","0.0",,"64","69","59","   24","78.3"
"CA001108395","VANCOUVER INTERNATIONAL A, BC CA","2022-08-05","0.00","0.0",,"63","72","53","   29","102.9"
"CA001108395","VANCOUVER INTERNATIONAL A, BC CA","2022-08-06","0.00","0.0",,"66","74","57","   30","80.5"
"CA001108395","VANCOUVER INTERNATIONAL A, BC CA","2022-08-07","0.00","0.0",,"67","76","59",,
"CA001108395","VANCOUVER INTERNATIONAL A, BC CA","2022-08-08","0.00","0.0",,"67","75","59","   29","71.6"
"CA001108395","VANCOUVER INTERNATIONAL A, BC CA","2022-08-09","0.00","0.0",,"68","76","60",,
"CA001108395","VANCOUVER INTERNATIONAL A, BC CA","2022-08-10","0.02","0.0",,,,,"   12","82.8"
"CA001108395","VANCOUVER INTERNATIONAL A, BC CA","2022-08-11","0.00","0.0",,,,,,
"CA001108395","VANCOUVER INTERNATIONAL A, BC CA","2022-08-12","0.00","0.0",,"66","76","56","   23","73.8"
"CA001108395","VANCOUVER INTERNATIONAL A, BC CA","2022-08-13","0.00","0.0",,"68","76","61",,
"CA001108395","VANCOUVER INTERNATIONAL A, BC CA","2022-08-14","0.00","0.0",,"67","75","59","   20","71.6"
"CA001108395","VANCOUVER INTERNATIONAL A, BC CA","2022-08-15","0.00","0.0",,"69","80","59","   19","73.8"
"CA001108395","VANCOUVER INTERNATIONAL A, BC CA","2022-08-16","0.00","0.0",,"69","76","61",,
"CA001108395","VANCOUVER INTERNATIONAL A, BC CA","2022-08-17","0.00","0.0",,"69","79","59","   30","73.8"
"CA001108395","VANCOUVER INTERNATIONAL A, BC CA","2022-08-18","0.00","0.0",,"72","80","63","   29","71.6"
"CA001108395","VANCOUVER INTERNATIONAL A, BC CA","2022-08-19","0.00","0.0",,"73","80","65","    7","82.8"
"CA001108395","VANCOUVER INTERNATIONAL A, BC CA","2022-08-20","0.00","0.0",,"70","77","63","   20","100.7"
"CA001108395","VANCOUVER INTERNATIONAL A, BC CA","2022-08-21","0.00","0.0",,"69","75","64","   12","71.6"
"CA001108395","VANCOUVER INTERNATIONAL A, BC CA","2022-08-22","0.00","0.0",,"68","77","58",,
"CA001108395","VANCOUVER INTERNATIONAL A, BC CA","2022-08-23","0.00","0.0",,"66","75","58",,
"CA001108395","VANCOUVER INTERNATIONAL A, BC CA","2022-08-24","0.00","0.0",,"69","77","61",,
"CA001108395","VANCOUVER INTERNATIONAL A, BC CA","2022-08-25","0.00","0.0",,"71","79","63",,
"CA001108395","VANCOUVER INTERNATIONAL A, BC CA","2022-08-26","0.00","0.0",,"65","70","60","   11","85.0"
"CA001108395","VANCOUVER INTERNATIONAL A, BC CA","2022-08-27","0.00","0.0",,"65","70","60","   27","134.2"
"CA001108395","VANCOUVER INTERNATIONAL A, BC CA","2022-08-28","0.00","0.0",,"64","73","55","   19","73.8"
"CA001108395","VANCOUVER INTERNATIONAL A, BC CA","2022-08-29","0.00","0.0",,"67","77","58",,
"CA001108395","VANCOUVER INTERNATIONAL A, BC CA","2022-08-30","0.00","0.0",,"69","78","61",,
"CA001108395","VANCOUVER INTERNATIONAL A, BC CA","2022-08-31","0.00","0.0",,,,,,
"CA001108395","VANCOUVER INTERNATIONAL A, BC CA","2022-09-01","0.00","0.0",,,,,,
"CA001108395","VANCOUVER INTERNATIONAL A, BC CA","2022-09-02","0.00","0.0",,"67","74","59",,
"CA001108395","VANCOUVER INTERNATIONAL A, BC CA","2022-09-03","0.00","0.0",,"66","74","58","   11","87.2"
"CA001108395","VANCOUVER INTERNATIONAL A, BC CA","2022-09-04","0.19","0.0",,"64","68","60",,
"CA001108395","VANCOUVER INTERNATIONAL A, BC CA","2022-09-05","0.00","0.0",,"60","68","53",,
"CA001108395","VANCOUVER INTERNATIONAL A, BC CA","2022-09-06","0.00","0.0",,"60","71","50",,
"CA001108395","VANCOUVER INTERNATIONAL A, BC CA","2022-09-07","0.00","0.0",,"62","70","55","   29","149.9"
"CA001108395","VANCOUVER INTERNATIONAL A, BC CA","2022-09-08","0.00","0.0",,"57","66","49","   28","118.6"
"CA001108395","VANCOUVER INTERNATIONAL A, BC CA","2022-09-09","0.00","0.0",,"61","67","55","   30","89.5"
"CA001108395","VANCOUVER INTERNATIONAL A, BC CA","2022-09-10","0.00","0.0",,"63","74","52",,
"CA001108395","VANCOUVER INTERNATIONAL A, BC CA","2022-09-11","0.00","0.0",,"67","79","54","    5","76.1"
"CA001108395","VANCOUVER INTERNATIONAL A, BC CA","2022-09-12","0.00","0.0",,"66","73","58",,
"CA001108395","VANCOUVER INTERNATIONAL A, BC CA","2022-09-13","0.00","0.0",,"60","68","52",,
"CA001108395","VANCOUVER INTERNATIONAL A, BC CA","2022-09-14","0.00","0.0",,"63","69","57","   20","73.8"
"CA001108395","VANCOUVER INTERNATIONAL A, BC CA","2022-09-15","0.01","0.0",,"61","64","57",,
"CA001108395","VANCOUVER INTERNATIONAL A, BC CA","2022-09-16","0.06","0.0",,"59","64","54","   28","71.6"
"CA001108395","VANCOUVER INTERNATIONAL A, BC CA","2022-09-17","0.00","0.0",,"56","63","49","   28","82.8"
"CA001108395","VANCOUVER INTERNATIONAL A, BC CA","2022-09-18","0.00","0.0",,"58","66","50","   29","80.5"
"CA001108395","VANCOUVER INTERNATIONAL A, BC CA","2022-09-19","0.00","0.0",,,,,,
"CA001108395","VANCOUVER INTERNATIONAL A, BC CA","2022-09-20","0.00","0.0",,"56","69","42","   30","82.8"
"CA001108395","VANCOUVER INTERNATIONAL A, BC CA","2022-09-21","0.00","0.0",,"56","68","44",,
"CA001108395","VANCOUVER INTERNATIONAL A, BC CA","2022-09-22","0.00","0.0",,"59","69","49","   10","87.2"
"CA001108395","VANCOUVER INTERNATIONAL A, BC CA","2022-09-23","0.00","0.0",,"59","63","55",,
"CA001108395","VANCOUVER INTERNATIONAL A, BC CA","2022-09-24","0.00","0.0",,"60","67","54",,
"CA001108395","VANCOUVER INTERNATIONAL A, BC CA","2022-09-25","0.00","0.0",,"59","68","50",,
"CA001108395","VANCOUVER INTERNATIONAL A, BC CA","2022-09-26","0.00","0.0",,"60","71","50",,
"CA001108395","VANCOUVER INTERNATIONAL A, BC CA","2022-09-27","0.00","0.0",,"62","72","52",,
"CA001108395","VANCOUVER INTERNATIONAL A, BC CA","2022-09-28","0.01","0.0",,"62","69","56","    4","71.6"
"CA001108395","VANCOUVER INTERNATIONAL A, BC CA","2022-09-29","0.00","0.0",,"60","67","53",,
"CA001108395","VANCOUVER INTERNATIONAL A, BC CA","2022-09-30","0.00","0.0",,"58","65","51","   30","71.6"
"CA001108395","VANCOUVER INTERNATIONAL A, BC CA","2022-10-01","0.00","0.0",,"58","67","48",,
"CA001108395","VANCOUVER INTERNATIONAL A, BC CA","2022-10-02","0.00","0.0",,"59","67","50",,
"CA001108395","VANCOUVER INTERNATIONAL A, BC CA","2022-10-03","0.00","0.0",,"58","70","47",,
"CA001108395","VANCOUVER INTERNATIONAL A, BC CA","2022-10-04","0.00","0.0",,"60","67","52",,
"CA001108395","VANCOUVER INTERNATIONAL A, BC CA","2022-10-05","0.00","0.0",,"59","65","53",,
"CA001108395","VANCOUVER INTERNATIONAL A, BC CA","2022-10-06","0.00","0.0",,"57","67","47",,
"CA001108395","VANCOUVER INTERNATIONAL A, BC CA","2022-10-07","0.00","0.0",,"59","69","50",,
"CA001108395","VANCOUVER INTERNATIONAL A, BC CA","2022-10-08","0.00","0.0",,"58","67","48",,
"CA001108395","VANCOUVER INTERNATIONAL A, BC CA","2022-10-09","0.00","0.0",,"58","65","51",,
"CA001108395","VANCOUVER INTERNATIONAL A, BC CA","2022-10-10","0.00","0.0",,"58","66","49","   29","140.9"
"CA001108395","VANCOUVER INTERNATIONAL A, BC CA","2022-10-11","0.00","0.0",,,,,"   29","125.3"
"CA001108395","VANCOUVER INTERNATIONAL A, BC CA","2022-10-12","0.00","0.0",,"52","61","43",,
"CA001108395","VANCOUVER INTERNATIONAL A, BC CA","2022-10-13","0.00","0.0",,"53","64","43",,
"CA001108395","VANCOUVER INTERNATIONAL A, BC CA","2022-10-14","0.00","0.0",,"54","65","44",,
"CA001108395","VANCOUVER INTERNATIONAL A, BC CA","2022-10-15","0.00","0.0",,"54","64","44",,
"CA001108395","VANCOUVER INTERNATIONAL A, BC CA","2022-10-16","0.00","0.0",,"56","68","43",,
"CA001108395","VANCOUVER INTERNATIONAL A, BC CA","2022-10-17","0.00","0.0",,"58","65","50",,
"CA001108395","VANCOUVER INTERNATIONAL A, BC CA","2022-10-18","0.00","0.0",,"53","62","45",,
"CA001108395","VANCOUVER INTERNATIONAL A, BC CA","2022-10-19","0.00","0.0",,"50","57","42",,
"CA001108395","VANCOUVER INTERNATIONAL A, BC CA","2022-10-20","0.00","0.0",,"56","63","49","   29","94.0"
"CA001108395","VANCOUVER INTERNATIONAL A, BC CA","2022-10-21","0.06","0.0",,"51","55","46","   28","105.1"
"CA001108395","VANCOUVER INTERNATIONAL A, BC CA","2022-10-22","0.01","0.0",,"48","54","42",,
"CA001108395","VANCOUVER INTERNATIONAL A, BC CA","2022-10-23","0.26","0.0",,"46","53","38",,
"CA001108395","VANCOUVER INTERNATIONAL A, BC CA","2022-10-24","0.51","0.0",,"51","56","45","   26","107.4"
"CA001108395","VANCOUVER INTERNATIONAL A, BC CA","2022-10-25","0.68","0.0",,"48","50","45","   11","109.6"
"CA001108395","VANCOUVER INTERNATIONAL A, BC CA","2022-10-26","0.17","0.0",,"45","50","40","   29","87.2"
"CA001108395","VANCOUVER INTERNATIONAL A, BC CA","2022-10-27","0.67","0.0",,"51","54","47","   14","123.0"
"CA001108395","VANCOUVER INTERNATIONAL A, BC CA","2022-10-28","0.08","0.0",,"52","58","47",,
"CA001108395","VANCOUVER INTERNATIONAL A, BC CA","2022-10-29","0.00","0.0",,"51","55","46","   15","85.0"
"CA001108395","VANCOUVER INTERNATIONAL A, BC CA","2022-10-30","0.99","0.0",,"52","53","50","   13","91.7"
"CA001108395","VANCOUVER INTERNATIONAL A, BC CA","2022-10-31","0.06","0.0",,"48","54","42",,
"CA001108395","VANCOUVER INTERNATIONAL A, BC CA","2022-11-01","0.00","0.0",,"43","50","36",,
"CA001108395","VANCOUVER INTERNATIONAL A, BC CA","2022-11-02","0.00","0.0",,"42","49","36",,
"CA001108395","VANCOUVER INTERNATIONAL A, BC CA","2022-11-03","0.95","0.0",,"39","42","36","    7","80.5"
"CA001108395","VANCOUVER INTERNATIONAL A, BC CA","2022-11-04","1.24","0.0",,"45","53","38","   29","210.3"
"CA001108395","VANCOUVER INTERNATIONAL A, BC CA","2022-11-05","0.00","0.0",,"42","48","36","   30","165.5"
"CA001108395","VANCOUVER INTERNATIONAL A, BC CA","2022-11-06","0.56","0.0",,"38","41","36","   10","138.7"
"CA001108395","VANCOUVER INTERNATIONAL A, BC CA","2022-11-07","0.09","0.5","0.4","36","41","32","   30","98.4"
"CA001108395","VANCOUVER INTERNATIONAL A, BC CA","2022-11-08","0.04","0.3","0.8","36","42","29","   33","107.4"
"CA001108395","VANCOUVER INTERNATIONAL A, BC CA","2022-11-09","0.00","0.0",,"33","42","25",,
"CA001108395","VANCOUVER INTERNATIONAL A, BC CA","2022-11-10","0.00","0.0",,"39","42","36",,
"CA001108395","VANCOUVER INTERNATIONAL A, BC CA","2022-11-11","0.00","0.0",,"40","46","35",,
"CA001108395","VANCOUVER INTERNATIONAL A, BC CA","2022-11-12","0.00","0.0",,"37","45","29",,
"CA001108395","VANCOUVER INTERNATIONAL A, BC CA","2022-11-13","0.00","0.0",,"40","47","33","   29","69.3"
"CA001108395","VANCOUVER INTERNATIONAL A, BC CA","2022-11-14","0.00","0.0",,"38","47","29",,
"CA001108395","VANCOUVER INTERNATIONAL A, BC CA","2022-11-15","0.00","0.0",,"37","45","29",,
"CA001108395","VANCOUVER INTERNATIONAL A, BC CA","2022-11-16","0.00","0.0",,"38","42","34",,
"CA001108395","VANCOUVER INTERNATIONAL A, BC CA","2022-11-17","0.00","0.0",,"41","53","29",,
"CA001108395","VANCOUVER INTERNATIONAL A, BC CA","2022-11-18","0.00","0.0",,"33","44","23",,
"CA001108395","VANCOUVER INTERNATIONAL A, BC CA","2022-11-19","0.00","0.0",,"33","43","24",,
"CA001108395","VANCOUVER INTERNATIONAL A, BC CA","2022-11-20","0.02","0.0",,"36","45","27",,
"CA001108395","VANCOUVER INTERNATIONAL A, BC CA","2022-11-21","0.02","0.0",,"43","48","38",,
"CA001108395","VANCOUVER INTERNATIONAL A, BC CA","2022-11-22","0.63","0.0",,"46","48","44","   28","109.6"
"CA001108395","VANCOUVER INTERNATIONAL A, BC CA","2022-11-23","0.00","0.0",,"44","49","39",,
"CA001108395","VANCOUVER INTERNATIONAL A, BC CA","2022-11-24","0.00","0.0",,"46","53","39",,
"CA001108395","VANCOUVER INTERNATIONAL A, BC CA","2022-11-25","0.49","0.0",,"45","50","39","   24","111.8"
"CA001108395","VANCOUVER INTERNATIONAL A, BC CA","2022-11-26","0.00","0.0",,"41","47","34","   15","118.6"
"CA001108395","VANCOUVER INTERNATIONAL A, BC CA","2022-11-27","0.00","0.0",,"42","48","36","   29","156.6"
"CA001108395","VANCOUVER INTERNATIONAL A, BC CA","2022-11-28","0.00","0.0",,"33","40","25",,
"CA001108395","VANCOUVER INTERNATIONAL A, BC CA","2022-11-29","0.39","3.9","0.8","29","34","24","    7","123.0"
"CA001108395","VANCOUVER INTERNATIONAL A, BC CA","2022-11-30","0.05","0.0","1.6","34","40","29","   10","120.8"
"CA001108395","VANCOUVER INTERNATIONAL A, BC CA","2022-12-01","0.00","0.0","1.2","27","31","24",,
"CA001108395","VANCOUVER INTERNATIONAL A, BC CA","2022-12-02","0.00","0.0","0.8","29","37","22",,
"CA001108395","VANCOUVER INTERNATIONAL A, BC CA","2022-12-03","0.00","0.0","0.4","33","40","27","   32","71.6"
"CA001108395","VANCOUVER INTERNATIONAL A, BC CA","2022-12-04","0.00","0.0","0.0","30","39","22",,
"CA001108395","VANCOUVER INTERNATIONAL A, BC CA","2022-12-05","0.00","0.0",,"28","36","21",,
"CA001108395","VANCOUVER INTERNATIONAL A, BC CA","2022-12-06","0.02","0.0",,"35","37","33",,
"CA001108395","VANCOUVER INTERNATIONAL A, BC CA","2022-12-07","0.09","0.0",,"40","43","36","   10","91.7"
"CA001108395","VANCOUVER INTERNATIONAL A, BC CA","2022-12-08","0.18","0.0",,"39","44","34","    9","100.7"
"CA001108395","VANCOUVER INTERNATIONAL A, BC CA","2022-12-09","0.11","0.0",,"37","41","33","    7","120.8"
"CA001108395","VANCOUVER INTERNATIONAL A, BC CA","2022-12-10","0.44","0.0",,"43","47","38","   10","107.4"
"CA001108395","VANCOUVER INTERNATIONAL A, BC CA","2022-12-11","0.02","0.0",,"43","45","41","   29","78.3"
"CA001108395","VANCOUVER INTERNATIONAL A, BC CA","2022-12-12","0.00","0.0",,"38","44","32","   33","71.6"
"CA001108395","VANCOUVER INTERNATIONAL A, BC CA","2022-12-13","0.01","0.0",,"36","39","33",,
"CA001108395","VANCOUVER INTERNATIONAL A, BC CA","2022-12-14","0.00","0.0",,"36","43","30",,
"CA001108395","VANCOUVER INTERNATIONAL A, BC CA","2022-12-15","0.00","0.0",,"35","41","29",,
"CA001108395","VANCOUVER INTERNATIONAL A, BC CA","2022-12-16","0.00","0.0",,"34","39","28",,
"CA001108395","VANCOUVER INTERNATIONAL A, BC CA","2022-12-17","0.08","0.0",,"36","38","34",,
"CA001108395","VANCOUVER INTERNATIONAL A, BC CA","2022-12-18","0.35","2.1","0.8","29","38","20","   10","78.3"
"CA001108395","VANCOUVER INTERNATIONAL A, BC CA","2022-12-19","0.16","1.6","1.2","19","21","17",,
"CA001108395","VANCOUVER INTERNATIONAL A, BC CA","2022-12-20","0.95","9.5","7.1","18","20","17",,
"CA001108395","VANCOUVER INTERNATIONAL A, BC CA","2022-12-21","0.01","0.1","8.7","14","19","9","   11","73.8"
"CA001108395","VANCOUVER INTERNATIONAL A, BC CA","2022-12-22","0.00","0.0","7.1","14","20","8",,
"CA001108395","VANCOUVER INTERNATIONAL A, BC CA","2022-12-23","0.47","3.1","6.3","27","36","18",,
"CA001108395","VANCOUVER INTERNATIONAL A, BC CA","2022-12-24","1.11","0.0","2.8","39","45","33","    8","78.3"
"CA001108395","VANCOUVER INTERNATIONAL A, BC CA","2022-12-25","0.63","0.0","0.8","42","47","37","   10","69.3"
"CA001108395","VANCOUVER INTERNATIONAL A, BC CA","2022-12-26","0.72","0.0",,"49","54","44","   13","120.8"
"CA001108395","VANCOUVER INTERNATIONAL A, BC CA","2022-12-27","1.13","0.0",,"47","50","44","   25","102.9"
"CA001108395","VANCOUVER INTERNATIONAL A, BC CA","2022-12-28","0.15","0.0",,"42","47","38","   23","102.9"
"CA001108395","VANCOUVER INTERNATIONAL A, BC CA","2022-12-29","0.11","0.0",,"41","44","38","    6","73.8"
"CA001108395","VANCOUVER INTERNATIONAL A, BC CA","2022-12-30","0.50","0.0",,"46","51","41","   14","87.2"
"CA001108395","VANCOUVER INTERNATIONAL A, BC CA","2022-12-31","0.15","0.0",,"43","49","36","   15","78.3"
"CA001108380","VANCOUVER SEA ISLAND CCG, BC CA","2018-01-01","0.00",,,"32","40","25","    0","0.0"
"CA001108380","VANCOUVER SEA ISLAND CCG, BC CA","2018-01-02","0.00",,,"32","38","26","    0","0.0"
"CA001108380","VANCOUVER SEA ISLAND CCG, BC CA","2018-01-03","0.00",,,"35","40","30","    0","0.0"
"CA001108380","VANCOUVER SEA ISLAND CCG, BC CA","2018-01-04","0.00",,,"38","41","35","    0","0.0"
"CA001108380","VANCOUVER SEA ISLAND CCG, BC CA","2018-01-05","0.76",,,"44","49","40","    0","0.0"
"CA001108380","VANCOUVER SEA ISLAND CCG, BC CA","2018-01-06","0.02",,,"44","48","41","   27","71.6"
"CA001108380","VANCOUVER SEA ISLAND CCG, BC CA","2018-01-07","0.59",,,"42","43","40","    6","78.3"
"CA001108380","VANCOUVER SEA ISLAND CCG, BC CA","2018-01-08","0.41",,,"44","46","42","    0","0.0"
"CA001108380","VANCOUVER SEA ISLAND CCG, BC CA","2018-01-09","0.21",,,"42","45","40","   24","111.8"
"CA001108380","VANCOUVER SEA ISLAND CCG, BC CA","2018-01-10","0.00",,,"41","45","36","    0","0.0"
"CA001108380","VANCOUVER SEA ISLAND CCG, BC CA","2018-01-11","0.71",,,"40","42","37","    0","0.0"
"CA001108380","VANCOUVER SEA ISLAND CCG, BC CA","2018-01-12","0.70",,,"39","42","36","    0","0.0"
"CA001108380","VANCOUVER SEA ISLAND CCG, BC CA","2018-01-13","0.24",,,"43","48","38","    0","0.0"
"CA001108380","VANCOUVER SEA ISLAND CCG, BC CA","2018-01-14","0.00",,,"38","42","35","    0","0.0"
"CA001108380","VANCOUVER SEA ISLAND CCG, BC CA","2018-01-15","0.01",,,"41","48","33","    0","0.0"
"CA001108380","VANCOUVER SEA ISLAND CCG, BC CA","2018-01-16","0.19",,,"49","52","45","   15","78.3"
"CA001108380","VANCOUVER SEA ISLAND CCG, BC CA","2018-01-17","0.57",,,"49","53","44","    7","98.4"
"CA001108380","VANCOUVER SEA ISLAND CCG, BC CA","2018-01-18","0.13",,,"47","51","44","   16","96.2"
"CA001108380","VANCOUVER SEA ISLAND CCG, BC CA","2018-01-19","0.31",,,"44","45","43","   14","87.2"
"CA001108380","VANCOUVER SEA ISLAND CCG, BC CA","2018-01-20","0.26",,,"44","47","41","   12","98.4"
"CA001108380","VANCOUVER SEA ISLAND CCG, BC CA","2018-01-21","0.86",,,"46","49","43","   13","149.9"
"CA001108380","VANCOUVER SEA ISLAND CCG, BC CA","2018-01-22","0.13",,,"44","47","41","   20","78.3"
"CA001108380","VANCOUVER SEA ISLAND CCG, BC CA","2018-01-23","0.53",,,"41","44","39","    7","98.4"
"CA001108380","VANCOUVER SEA ISLAND CCG, BC CA","2018-01-24","0.53",,,"45","49","41","    0","0.0"
"CA001108380","VANCOUVER SEA ISLAND CCG, BC CA","2018-01-25","0.39",,,"41","45","37","    0","0.0"
"CA001108380","VANCOUVER SEA ISLAND CCG, BC CA","2018-01-26","0.13",,,"40","43","36","    0","0.0"
"CA001108380","VANCOUVER SEA ISLAND CCG, BC CA","2018-01-27","0.74",,,"40","42","37","    8","102.9"
"CA001108380","VANCOUVER SEA ISLAND CCG, BC CA","2018-01-28","0.54",,,"43","48","39","    0","0.0"
"CA001108380","VANCOUVER SEA ISLAND CCG, BC CA","2018-01-29","1.38",,,"45","50","40","   22","98.4"
"CA001108380","VANCOUVER SEA ISLAND CCG, BC CA","2018-01-30","0.02",,,"42","46","38","   20","78.3"
"CA001108380","VANCOUVER SEA ISLAND CCG, BC CA","2018-01-31","0.24",,,"39","43","35","    0","0.0"
"CA001108380","VANCOUVER SEA ISLAND CCG, BC CA","2018-02-01","0.43",,,"40","43","38","    0","0.0"
"CA001108380","VANCOUVER SEA ISLAND CCG, BC CA","2018-02-02","0.41",,,"46","51","41","    0","0.0"
"CA001108380","VANCOUVER SEA ISLAND CCG, BC CA","2018-02-03","0.15",,,"46","48","44","    0","0.0"
"CA001108380","VANCOUVER SEA ISLAND CCG, BC CA","2018-02-04","0.38",,,"51","55","45","    0","0.0"
"CA001108380","VANCOUVER SEA ISLAND CCG, BC CA","2018-02-05","0.00",,,"44","48","41","   26","71.6"
"CA001108380","VANCOUVER SEA ISLAND CCG, BC CA","2018-02-06","0.02",,,"44","48","40","    0","0.0"
"CA001108380","VANCOUVER SEA ISLAND CCG, BC CA","2018-02-07","0.04",,,"47","49","45","    0","0.0"
"CA001108380","VANCOUVER SEA ISLAND CCG, BC CA","2018-02-08","0.11",,,"47","50","44","   26","102.9"
"CA001108380","VANCOUVER SEA ISLAND CCG, BC CA","2018-02-09","0.00",,,"41","45","38","    0","0.0"
"CA001108380","VANCOUVER SEA ISLAND CCG, BC CA","2018-02-10","0.00",,,"36","44","29","    0","0.0"
"CA001108380","VANCOUVER SEA ISLAND CCG, BC CA","2018-02-11","0.00",,,"39","44","33","    0","0.0"
"CA001108380","VANCOUVER SEA ISLAND CCG, BC CA","2018-02-12","0.01",,,"34","41","27","    4","71.6"
"CA001108380","VANCOUVER SEA ISLAND CCG, BC CA","2018-02-13","0.03",,,"36","43","28","    0","0.0"
"CA001108380","VANCOUVER SEA ISLAND CCG, BC CA","2018-02-14","0.26",,,"38","44","33","   29","73.8"
"CA001108380","VANCOUVER SEA ISLAND CCG, BC CA","2018-02-15","0.00",,,"36","42","31","    0","0.0"
"CA001108380","VANCOUVER SEA ISLAND CCG, BC CA","2018-02-16","0.17",,,"43","48","38","    0","0.0"
"CA001108380","VANCOUVER SEA ISLAND CCG, BC CA","2018-02-17","0.69",,,"41","47","35","   21","82.8"
"CA001108380","VANCOUVER SEA ISLAND CCG, BC CA","2018-02-18","0.59",,,"32","38","26","    7","96.2"
"CA001108380","VANCOUVER SEA ISLAND CCG, BC CA","2018-02-19","0.00",,,"28","36","21","    0","0.0"
"CA001108380","VANCOUVER SEA ISLAND CCG, BC CA","2018-02-20","0.00",,,"31","38","24","    0","0.0"
"CA001108380","VANCOUVER SEA ISLAND CCG, BC CA","2018-02-21",,,,,,"24","    0","0.0"
"CA001108380","VANCOUVER SEA ISLAND CCG, BC CA","2018-02-22","0.00",,,"29","38","20","    0","0.0"
"CA001108380","VANCOUVER SEA ISLAND CCG, BC CA","2018-02-23","0.19",,,"29","31","26","    6","82.8"
"CA001108380","VANCOUVER SEA ISLAND CCG, BC CA","2018-02-24","0.13",,,"36","40","31","    0","0.0"
"CA001108380","VANCOUVER SEA ISLAND CCG, BC CA","2018-02-25","0.00",,,"40","44","36","   14","82.8"
"CA001108380","VANCOUVER SEA ISLAND CCG, BC CA","2018-02-26","0.00",,,"36","44","28","    0","0.0"
"CA001108380","VANCOUVER SEA ISLAND CCG, BC CA","2018-02-27","0.00",,,"41","46","36","   23","73.8"
"CA001108380","VANCOUVER SEA ISLAND CCG, BC CA","2018-02-28","0.39",,,"38","41","35","    6","87.2"
"CA001108380","VANCOUVER SEA ISLAND CCG, BC CA","2018-03-01","0.06",,,"43","51","36","   14","91.7"
"CA001108380","VANCOUVER SEA ISLAND CCG, BC CA","2018-03-02","0.22",,,"36","41","32","    0","0.0"
"CA001108380","VANCOUVER SEA ISLAND CCG, BC CA","2018-03-03","0.08",,,"40","45","35","    0","0.0"
"CA001108380","VANCOUVER SEA ISLAND CCG, BC CA","2018-03-04","0.00",,,"40","47","33","    0","0.0"
"CA001108380","VANCOUVER SEA ISLAND CCG, BC CA","2018-03-05","0.00",,,"40","45","34","    0","0.0"
"CA001108380","VANCOUVER SEA ISLAND CCG, BC CA","2018-03-06","0.00",,,"41","46","36","    0","0.0"
"CA001108380","VANCOUVER SEA ISLAND CCG, BC CA","2018-03-07","0.00",,,"37","45","29","    0","0.0"
"CA001108380","VANCOUVER SEA ISLAND CCG, BC CA","2018-03-08","0.69",,,"43","46","39","    0","0.0"
"CA001108380","VANCOUVER SEA ISLAND CCG, BC CA","2018-03-09","0.00",,,"43","48","38","   26","111.8"
"CA001108380","VANCOUVER SEA ISLAND CCG, BC CA","2018-03-10","0.00",,,"40","47","32","    0","0.0"
"CA001108380","VANCOUVER SEA ISLAND CCG, BC CA","2018-03-11","0.00",,,"42","51","33","    0","0.0"
"CA001108380","VANCOUVER SEA ISLAND CCG, BC CA","2018-03-12","0.00",,,"45","55","35","    0","0.0"
"CA001108380","VANCOUVER SEA ISLAND CCG, BC CA","2018-03-13","0.31",,,"45","51","40","    0","0.0"
"CA001108380","VANCOUVER SEA ISLAND CCG, BC CA","2018-03-14",,,,,,"43",,
"CA001108380","VANCOUVER SEA ISLAND CCG, BC CA","2018-03-16",,,,,,,"    0","0.0"
"CA001108380","VANCOUVER SEA ISLAND CCG, BC CA","2018-03-17","0.00",,,"45","54","35","    0","0.0"
"CA001108380","VANCOUVER SEA ISLAND CCG, BC CA","2018-03-18","0.00",,,"44","51","36","    0","0.0"
"CA001108380","VANCOUVER SEA ISLAND CCG, BC CA","2018-03-19","0.00",,,"44","52","36","    0","0.0"
"CA001108380","VANCOUVER SEA ISLAND CCG, BC CA","2018-03-20","0.00",,,"46","53","40","    0","0.0"
"CA001108380","VANCOUVER SEA ISLAND CCG, BC CA","2018-03-21","0.02",,,"44","52","36","    0","0.0"
"CA001108380","VANCOUVER SEA ISLAND CCG, BC CA","2018-03-22","0.89",,,"43","49","38","    0","0.0"
"CA001108380","VANCOUVER SEA ISLAND CCG, BC CA","2018-03-23","0.00",,,"42","47","37","   16","102.9"
"CA001108380","VANCOUVER SEA ISLAND CCG, BC CA","2018-03-24","0.18",,,"43","48","37","    0","0.0"
"CA001108380","VANCOUVER SEA ISLAND CCG, BC CA","2018-03-25","0.00",,,"41","49","33","    0","0.0"
"CA001108380","VANCOUVER SEA ISLAND CCG, BC CA","2018-03-26","0.98",,,"44","47","41","   15","71.6"
"CA001108380","VANCOUVER SEA ISLAND CCG, BC CA","2018-03-27","0.30",,,"51","56","45","   27","82.8"
"CA001108380","VANCOUVER SEA ISLAND CCG, BC CA","2018-03-28","1.24",,,"46","49","44","   27","87.2"
"CA001108380","VANCOUVER SEA ISLAND CCG, BC CA","2018-03-29","0.14",,,"45","47","43","    0","0.0"
"CA001108380","VANCOUVER SEA ISLAND CCG, BC CA","2018-03-30","0.00",,,"48","52","44","    0","0.0"
"CA001108380","VANCOUVER SEA ISLAND CCG, BC CA","2018-03-31","0.00",,,"44","52","37","    0","0.0"
"CA001108380","VANCOUVER SEA ISLAND CCG, BC CA","2018-04-01","0.00",,,"45","48","41","   23","107.4"
"CA001108380","VANCOUVER SEA ISLAND CCG, BC CA","2018-04-02","0.00",,,"41","51","32","   27","96.2"
"CA001108380","VANCOUVER SEA ISLAND CCG, BC CA","2018-04-03","0.00",,,"45","49","40","    0","0.0"
"CA001108380","VANCOUVER SEA ISLAND CCG, BC CA","2018-04-04","0.23",,,"44","49","39","    0","0.0"
"CA001108380","VANCOUVER SEA ISLAND CCG, BC CA","2018-04-05","0.89",,,"46","50","43","    0","0.0"
"CA001108380","VANCOUVER SEA ISLAND CCG, BC CA","2018-04-06","0.04",,,"53","60","46","    0","0.0"
"CA001108380","VANCOUVER SEA ISLAND CCG, BC CA","2018-04-07","0.76",,,"51","57","45","   11","102.9"
"CA001108380","VANCOUVER SEA ISLAND CCG, BC CA","2018-04-08","0.11",,,"50","55","46","   14","82.8"
"CA001108380","VANCOUVER SEA ISLAND CCG, BC CA","2018-04-09","0.00",,,"51","56","46","   10","71.6"
"CA001108380","VANCOUVER SEA ISLAND CCG, BC CA","2018-04-10","0.08",,,"50","57","42","   20","98.4"
"CA001108380","VANCOUVER SEA ISLAND CCG, BC CA","2018-04-11","0.38",,,"47","51","42","   10","96.2"
"CA001108380","VANCOUVER SEA ISLAND CCG, BC CA","2018-04-12","0.00",,,"46","52","39","    0","0.0"
"CA001108380","VANCOUVER SEA ISLAND CCG, BC CA","2018-04-13","0.73",,,"47","50","43","   13","82.8"
"CA001108380","VANCOUVER SEA ISLAND CCG, BC CA","2018-04-14","0.01",,,"49","56","42","    0","0.0"
"CA001108380","VANCOUVER SEA ISLAND CCG, BC CA","2018-04-15","0.09",,,"47","50","43","   27","87.2"
"CA001108380","VANCOUVER SEA ISLAND CCG, BC CA","2018-04-16","0.52",,,"47","49","44","   29","73.8"
"CA001108380","VANCOUVER SEA ISLAND CCG, BC CA","2018-04-17","0.06",,,"48","53","43","    0","0.0"
"CA001108380","VANCOUVER SEA ISLAND CCG, BC CA","2018-04-18","0.00",,,"47","54","41","    0","0.0"
"CA001108380","VANCOUVER SEA ISLAND CCG, BC CA","2018-04-19","0.00",,,"47","56","37","    0","0.0"
"CA001108380","VANCOUVER SEA ISLAND CCG, BC CA","2018-04-20","0.12",,,"52","58","46","    0","0.0"
"CA001108380","VANCOUVER SEA ISLAND CCG, BC CA","2018-04-21","0.06",,,"51","56","46","   21","82.8"
"CA001108380","VANCOUVER SEA ISLAND CCG, BC CA","2018-04-22","0.00",,,"47","55","38","    0","0.0"
"CA001108380","VANCOUVER SEA ISLAND CCG, BC CA","2018-04-23","0.00",,,"49","60","38","    0","0.0"
"CA001108380","VANCOUVER SEA ISLAND CCG, BC CA","2018-04-24","0.00",,,"50","60","40","    0","0.0"
"CA001108380","VANCOUVER SEA ISLAND CCG, BC CA","2018-04-25","0.00",,,"55","62","47","   29","71.6"
"CA001108380","VANCOUVER SEA ISLAND CCG, BC CA","2018-04-26","0.00",,,"54","64","44","    0","0.0"
"CA001108380","VANCOUVER SEA ISLAND CCG, BC CA","2018-04-27","0.00",,,"56","65","47","   11","78.3"
"CA001108380","VANCOUVER SEA ISLAND CCG, BC CA","2018-04-28","0.19",,,"52","55","49","    0","0.0"
"CA001108380","VANCOUVER SEA ISLAND CCG, BC CA","2018-04-29","0.12",,,"52","56","47","    0","0.0"
"CA001108380","VANCOUVER SEA ISLAND CCG, BC CA","2018-04-30","0.00",,,"53","57","48","    0","0.0"
"CA001108380","VANCOUVER SEA ISLAND CCG, BC CA","2018-05-01","0.00",,,"51","57","45","    0","0.0"
"CA001108380","VANCOUVER SEA ISLAND CCG, BC CA","2018-05-02","0.00",,,"53","61","45","    0","0.0"
"CA001108380","VANCOUVER SEA ISLAND CCG, BC CA","2018-05-03","0.00",,,"60","72","49","    0","0.0"
"CA001108380","VANCOUVER SEA ISLAND CCG, BC CA","2018-05-04","0.00",,,"54","60","48","    0","0.0"
"CA001108380","VANCOUVER SEA ISLAND CCG, BC CA","2018-05-05","0.00",,,"53","63","43","    0","0.0"
"CA001108380","VANCOUVER SEA ISLAND CCG, BC CA","2018-05-06","0.00",,,"59","66","52","    0","0.0"
"CA001108380","VANCOUVER SEA ISLAND CCG, BC CA","2018-05-07","0.00",,,"60","68","52","    0","0.0"
"CA001108380","VANCOUVER SEA ISLAND CCG, BC CA","2018-05-08","0.00",,,"56","65","48","    0","0.0"
"CA001108380","VANCOUVER SEA ISLAND CCG, BC CA","2018-05-09","0.04",,,"59","66","53","    0","0.0"
"CA001108380","VANCOUVER SEA ISLAND CCG, BC CA","2018-05-10","0.00",,,"54","60","49","    0","0.0"
"CA001108380","VANCOUVER SEA ISLAND CCG, BC CA","2018-05-11","0.00",,,"55","63","47","    0","0.0"
"CA001108380","VANCOUVER SEA ISLAND CCG, BC CA","2018-05-12","0.00",,,"56","65","48","   29","73.8"
"CA001108380","VANCOUVER SEA ISLAND CCG, BC CA","2018-05-13","0.00",,,"63","69","56","    0","0.0"
"CA001108380","VANCOUVER SEA ISLAND CCG, BC CA","2018-05-14","0.00",,,"63","74","51","    0","0.0"
"CA001108380","VANCOUVER SEA ISLAND CCG, BC CA","2018-05-15","0.00",,,"64","75","53","    0","0.0"
"CA001108380","VANCOUVER SEA ISLAND CCG, BC CA","2018-05-16","0.00",,,"61","66","55","    0","0.0"
"CA001108380","VANCOUVER SEA ISLAND CCG, BC CA","2018-05-17","0.00",,,"59","64","53","    0","0.0"
"CA001108380","VANCOUVER SEA ISLAND CCG, BC CA","2018-05-18","0.00",,,"60","65","54","    0","0.0"
"CA001108380","VANCOUVER SEA ISLAND CCG, BC CA","2018-05-19","0.00",,,"61","66","56","    0","0.0"
"CA001108380","VANCOUVER SEA ISLAND CCG, BC CA","2018-05-20","0.00",,,"61","67","55","    0","0.0"
"CA001108380","VANCOUVER SEA ISLAND CCG, BC CA","2018-05-21","0.00",,,"61","68","53","    0","0.0"
"CA001108380","VANCOUVER SEA ISLAND CCG, BC CA","2018-05-22","0.00",,,"59","68","51","    0","0.0"
"CA001108380","VANCOUVER SEA ISLAND CCG, BC CA","2018-05-23","0.00",,,"62","73","51","    0","0.0"
"CA001108380","VANCOUVER SEA ISLAND CCG, BC CA","2018-05-24","0.01",,,"62","68","55","   11","73.8"
"CA001108380","VANCOUVER SEA ISLAND CCG, BC CA","2018-05-25","0.00",,,"59","67","50","    0","0.0"
"CA001108380","VANCOUVER SEA ISLAND CCG, BC CA","2018-05-26","0.00",,,"58","66","50","    0","0.0"
"CA001108380","VANCOUVER SEA ISLAND CCG, BC CA","2018-05-27","0.00",,,"62","70","54","    0","0.0"
"CA001108380","VANCOUVER SEA ISLAND CCG, BC CA","2018-05-28","0.00",,,"61","69","53","   27","71.6"
"CA001108380","VANCOUVER SEA ISLAND CCG, BC CA","2018-05-29","0.00",,,"57","62","53","   29","82.8"
"CA001108380","VANCOUVER SEA ISLAND CCG, BC CA","2018-05-30","0.00",,,"57","62","52","   30","73.8"
"CA001108380","VANCOUVER SEA ISLAND CCG, BC CA","2018-05-31","0.00",,,"56","64","48","   18","71.6"
"CA001108380","VANCOUVER SEA ISLAND CCG, BC CA","2018-06-01","0.01",,,"56","62","50","    0","0.0"
"CA001108380","VANCOUVER SEA ISLAND CCG, BC CA","2018-06-02","0.00",,,"61","68","53","    0","0.0"
"CA001108380","VANCOUVER SEA ISLAND CCG, BC CA","2018-06-03","0.00",,,"56","60","53","    0","0.0"
"CA001108380","VANCOUVER SEA ISLAND CCG, BC CA","2018-06-04","0.00",,,"56","65","47","    0","0.0"
"CA001108380","VANCOUVER SEA ISLAND CCG, BC CA","2018-06-05","0.00",,,"57","63","51","    0","0.0"
"CA001108380","VANCOUVER SEA ISLAND CCG, BC CA","2018-06-06","0.00",,,"59","68","50","    0","0.0"
"CA001108380","VANCOUVER SEA ISLAND CCG, BC CA","2018-06-07","0.00",,,"57","64","50","    0","0.0"
"CA001108380","VANCOUVER SEA ISLAND CCG, BC CA","2018-06-08","0.39",,,"56","59","52","   13","71.6"
"CA001108380","VANCOUVER SEA ISLAND CCG, BC CA","2018-06-09","0.00",,,"55","61","48","    0","0.0"
"CA001108380","VANCOUVER SEA ISLAND CCG, BC CA","2018-06-10","0.00",,,"56","62","51","   26","73.8"
"CA001108380","VANCOUVER SEA ISLAND CCG, BC CA","2018-06-11","0.00",,,"55","63","46","    0","0.0"
"CA001108380","VANCOUVER SEA ISLAND CCG, BC CA","2018-06-12","0.02",,,"55","63","47","   32","71.6"
"CA001108380","VANCOUVER SEA ISLAND CCG, BC CA","2018-06-13","0.40",,,"58","64","52","    0","0.0"
"CA001108380","VANCOUVER SEA ISLAND CCG, BC CA","2018-06-14","0.00",,,"62","70","55",,
"CA001108380","VANCOUVER SEA ISLAND CCG, BC CA","2018-06-15","0.00",,,"61","67","54","   27","82.8"
"CA001108380","VANCOUVER SEA ISLAND CCG, BC CA","2018-06-16","0.00",,,"65","73","57","   28","78.3"
"CA001108380","VANCOUVER SEA ISLAND CCG, BC CA","2018-06-17","0.00",,,"66","76","56",,
"CA001108380","VANCOUVER SEA ISLAND CCG, BC CA","2018-06-20",,,,,,,"    0","0.0"
"CA001108380","VANCOUVER SEA ISLAND CCG, BC CA","2018-06-21","0.00",,,"64","71","58","   11","78.3"
"CA001108380","VANCOUVER SEA ISLAND CCG, BC CA","2018-06-22","0.00",,,"62","68","56","    0","0.0"
"CA001108380","VANCOUVER SEA ISLAND CCG, BC CA","2018-06-23","0.00",,,"64","71","57","    0","0.0"
"CA001108380","VANCOUVER SEA ISLAND CCG, BC CA","2018-06-24","0.30",,,"64","72","55","   26","96.2"
"CA001108380","VANCOUVER SEA ISLAND CCG, BC CA","2018-06-25","0.06",,,"61","68","54","   22","71.6"
"CA001108380","VANCOUVER SEA ISLAND CCG, BC CA","2018-06-26","0.00",,,"63","67","58","   26","78.3"
"CA001108380","VANCOUVER SEA ISLAND CCG, BC CA","2018-06-27","0.00",,,"61","68","53","    0","0.0"
"CA001108380","VANCOUVER SEA ISLAND CCG, BC CA","2018-06-28","0.00",,,"63","67","59","    0","0.0"
"CA001108380","VANCOUVER SEA ISLAND CCG, BC CA","2018-06-29","0.04",,,"61","66","56","    0","0.0"
"CA001108380","VANCOUVER SEA ISLAND CCG, BC CA","2018-06-30","0.04",,,"61","67","55",,
"CA001108380","VANCOUVER SEA ISLAND CCG, BC CA","2018-07-01","0.05",,,"63","69","57","   25","107.4"
"CA001108380","VANCOUVER SEA ISLAND CCG, BC CA","2018-07-02","0.01",,,"61","67","55","   27","120.8"
"CA001108380","VANCOUVER SEA ISLAND CCG, BC CA","2018-07-03","0.00",,,"61","72","50","    0","0.0"
"CA001108380","VANCOUVER SEA ISLAND CCG, BC CA","2018-07-04","0.00",,,"65","75","54","    0","0.0"
"CA001108380","VANCOUVER SEA ISLAND CCG, BC CA","2018-07-05","0.00",,,"69","77","62","   29","87.2"
"CA001108380","VANCOUVER SEA ISLAND CCG, BC CA","2018-07-06","0.00",,,"68","78","59","   23","91.7"
"CA001108380","VANCOUVER SEA ISLAND CCG, BC CA","2018-07-07","0.09",,,"66","73","59","    0","0.0"
"CA001108380","VANCOUVER SEA ISLAND CCG, BC CA","2018-07-08","0.00",,,"63","72","54","    0","0.0"
"CA001108380","VANCOUVER SEA ISLAND CCG, BC CA","2018-07-09","0.00",,,"64","71","58","    0","0.0"
"CA001108380","VANCOUVER SEA ISLAND CCG, BC CA","2018-07-10","0.01",,,"66","73","58",,
"CA001108380","VANCOUVER SEA ISLAND CCG, BC CA","2018-07-11","0.00",,,"64","73","55","    0","0.0"
"CA001108380","VANCOUVER SEA ISLAND CCG, BC CA","2018-07-12","0.00",,,"67","74","59","    0","0.0"
"CA001108380","VANCOUVER SEA ISLAND CCG, BC CA","2018-07-13","0.00",,,"68","74","62","   26","91.7"
"CA001108380","VANCOUVER SEA ISLAND CCG, BC CA","2018-07-14","0.00",,,"67","75","59","   28","71.6"
"CA001108380","VANCOUVER SEA ISLAND CCG, BC CA","2018-07-15","0.00",,,"67","77","57","    0","0.0"
"CA001108380","VANCOUVER SEA ISLAND CCG, BC CA","2018-07-16","0.00",,,"69","79","60",,
"CA001108380","VANCOUVER SEA ISLAND CCG, BC CA","2018-07-17","0.00",,,"71","84","57",,
"CA001108380","VANCOUVER SEA ISLAND CCG, BC CA","2018-07-18","0.00",,,"67","76","58",,
"CA001108380","VANCOUVER SEA ISLAND CCG, BC CA","2018-07-19","0.00",,,"63","71","55",,
"CA001108380","VANCOUVER SEA ISLAND CCG, BC CA","2018-07-20","0.00",,,"62","70","53","   25","73.8"
"CA001108380","VANCOUVER SEA ISLAND CCG, BC CA","2018-07-21","0.00",,,"63","73","53",,
"CA001108380","VANCOUVER SEA ISLAND CCG, BC CA","2018-07-22","0.00",,,"66","77","55",,
"CA001108380","VANCOUVER SEA ISLAND CCG, BC CA","2018-07-23","0.00",,,"68","77","58",,
"CA001108380","VANCOUVER SEA ISLAND CCG, BC CA","2018-07-24","0.00",,,"67","76","58",,
"CA001108380","VANCOUVER SEA ISLAND CCG, BC CA","2018-07-25","0.00",,,"69","78","60",,
"CA001108380","VANCOUVER SEA ISLAND CCG, BC CA","2018-07-26","0.00",,,"69","78","59",,
"CA001108380","VANCOUVER SEA ISLAND CCG, BC CA","2018-07-27","0.00",,,"71","79","62",,
"CA001108380","VANCOUVER SEA ISLAND CCG, BC CA","2018-07-28","0.00",,,"70","80","61",,
"CA001108380","VANCOUVER SEA ISLAND CCG, BC CA","2018-07-29","0.00",,,"70","80","60",,
"CA001108380","VANCOUVER SEA ISLAND CCG, BC CA","2018-07-30","0.00",,,"73","84","61",,
"CA001108380","VANCOUVER SEA ISLAND CCG, BC CA","2018-07-31","0.00",,,"70","77","63",,
"CA001108380","VANCOUVER SEA ISLAND CCG, BC CA","2018-08-01","0.00",,,"66","73","60",,
"CA001108380","VANCOUVER SEA ISLAND CCG, BC CA","2018-08-02","0.00",,,"65","73","57",,
"CA001108380","VANCOUVER SEA ISLAND CCG, BC CA","2018-08-03","0.00",,,"67","75","59",,
"CA001108380","VANCOUVER SEA ISLAND CCG, BC CA","2018-08-04","0.00",,,"65","74","56",,
"CA001108380","VANCOUVER SEA ISLAND CCG, BC CA","2018-08-05","0.00",,,"68","78","58",,
"CA001108380","VANCOUVER SEA ISLAND CCG, BC CA","2018-08-06","0.00",,,"70","82","59",,
"CA001108380","VANCOUVER SEA ISLAND CCG, BC CA","2018-08-07","0.00",,,"69","79","59",,
"CA001108380","VANCOUVER SEA ISLAND CCG, BC CA","2018-08-08","0.00",,,"71","80","61",,
"CA001108380","VANCOUVER SEA ISLAND CCG, BC CA","2018-08-09","0.00",,,"73","85","61",,
"CA001108380","VANCOUVER SEA ISLAND CCG, BC CA","2018-08-10","0.00",,,"73","84","61",,
"CA001108380","VANCOUVER SEA ISLAND CCG, BC CA","2018-08-11","0.24",,,"67","74","61",,
"CA001108380","VANCOUVER SEA ISLAND CCG, BC CA","2018-08-12","0.00",,,"66","72","60",,
"CA001108380","VANCOUVER SEA ISLAND CCG, BC CA","2018-08-13","0.00",,,"65","72","57",,
"CA001108380","VANCOUVER SEA ISLAND CCG, BC CA","2018-08-14","0.00",,,"68","77","60",,
"CA001108380","VANCOUVER SEA ISLAND CCG, BC CA","2018-08-15","0.00",,,"67","74","60",,
"CA001108380","VANCOUVER SEA ISLAND CCG, BC CA","2018-08-16","0.00",,,"66","76","57",,
"CA001108380","VANCOUVER SEA ISLAND CCG, BC CA","2018-08-17","0.00",,,"63","72","54",,
"CA001108380","VANCOUVER SEA ISLAND CCG, BC CA","2018-08-18","0.00",,,"62","70","55",,
"CA001108380","VANCOUVER SEA ISLAND CCG, BC CA","2018-08-19","0.00",,,"63","69","57",,
"CA001108380","VANCOUVER SEA ISLAND CCG, BC CA","2018-08-20","0.00",,,"67","75","58","   29","80.5"
"CA001108380","VANCOUVER SEA ISLAND CCG, BC CA","2018-08-21","0.00",,,"67","78","55",,
"CA001108380","VANCOUVER SEA ISLAND CCG, BC CA","2018-08-22","0.00",,,"64","72","56",,
"CA001108380","VANCOUVER SEA ISLAND CCG, BC CA","2018-08-23","0.00",,,"63","70","56",,
"CA001108380","VANCOUVER SEA ISLAND CCG, BC CA","2018-08-24","0.00",,,"61","69","53",,
"CA001108380","VANCOUVER SEA ISLAND CCG, BC CA","2018-08-25","0.26",,,"57","59","55",,
"CA001108380","VANCOUVER SEA ISLAND CCG, BC CA","2018-08-26","0.00",,,"62","68","56",,
"CA001108380","VANCOUVER SEA ISLAND CCG, BC CA","2018-08-27","0.00",,,"62","72","52",,
"CA001108380","VANCOUVER SEA ISLAND CCG, BC CA","2018-08-28","0.00",,,"63","73","53",,
"CA001108380","VANCOUVER SEA ISLAND CCG, BC CA","2018-08-29","0.01",,,"65","74","57",,
"CA001108380","VANCOUVER SEA ISLAND CCG, BC CA","2018-08-30","0.00",,,"64","72","57",,
"CA001108380","VANCOUVER SEA ISLAND CCG, BC CA","2018-08-31","0.00",,,"63","72","54",,
"CA001108380","VANCOUVER SEA ISLAND CCG, BC CA","2018-09-01","0.00",,,"60","68","51",,
"CA001108380","VANCOUVER SEA ISLAND CCG, BC CA","2018-09-02","0.00",,,"61","71","51","   27","71.6"
"CA001108380","VANCOUVER SEA ISLAND CCG, BC CA","2018-09-03","0.00",,,"62","67","56","   26","98.4"
"CA001108380","VANCOUVER SEA ISLAND CCG, BC CA","2018-09-04","0.00",,,"60","69","50",,
"CA001108380","VANCOUVER SEA ISLAND CCG, BC CA","2018-09-05","0.00",,,"62","71","53",,
"CA001108380","VANCOUVER SEA ISLAND CCG, BC CA","2018-09-06","0.00",,,"67","81","53",,
"CA001108380","VANCOUVER SEA ISLAND CCG, BC CA","2018-09-07","0.02",,,"63","69","57",,
"CA001108380","VANCOUVER SEA ISLAND CCG, BC CA","2018-09-08","0.06",,,"62","68","55",,
"CA001108380","VANCOUVER SEA ISLAND CCG, BC CA","2018-09-09","0.23",,,"59","62","56","    9","69.3"
"CA001108380","VANCOUVER SEA ISLAND CCG, BC CA","2018-09-10","0.12",,,"59","67","51",,
"CA001108380","VANCOUVER SEA ISLAND CCG, BC CA","2018-09-11","0.07",,,"60","65","55",,
"CA001108380","VANCOUVER SEA ISLAND CCG, BC CA","2018-09-12","0.00",,,"61","65","56",,
"CA001108380","VANCOUVER SEA ISLAND CCG, BC CA","2018-09-13","0.00",,,"60","65","54",,
"CA001108380","VANCOUVER SEA ISLAND CCG, BC CA","2018-09-14","0.00",,,"60","66","54",,
"CA001108380","VANCOUVER SEA ISLAND CCG, BC CA","2018-09-15","0.25",,,"58","64","53",,
"CA001108380","VANCOUVER SEA ISLAND CCG, BC CA","2018-09-16","0.57",,,"58","63","53","   15","96.2"
"CA001108380","VANCOUVER SEA ISLAND CCG, BC CA","2018-09-17","0.00",,,"57","62","51",,
"CA001108380","VANCOUVER SEA ISLAND CCG, BC CA","2018-09-18","0.00",,,"53","61","45",,
"CA001108380","VANCOUVER SEA ISLAND CCG, BC CA","2018-09-19","0.05",,,"57","68","46",,
"CA001108380","VANCOUVER SEA ISLAND CCG, BC CA","2018-09-20","0.42",,,"56","60","52",,
"CA001108380","VANCOUVER SEA ISLAND CCG, BC CA","2018-09-21","0.87",,,"57","61","53",,
"CA001108380","VANCOUVER SEA ISLAND CCG, BC CA","2018-09-22","0.51",,,"61","67","55",,
"CA001108380","VANCOUVER SEA ISLAND CCG, BC CA","2018-09-23","0.00",,,"55","61","48",,
"CA001108380","VANCOUVER SEA ISLAND CCG, BC CA","2018-09-24","0.00",,,"54","61","46",,
"CA001108380","VANCOUVER SEA ISLAND CCG, BC CA","2018-09-25","0.00",,,"54","63","45",,
"CA001108380","VANCOUVER SEA ISLAND CCG, BC CA","2018-09-26","0.00",,,"56","63","49",,
"CA001108380","VANCOUVER SEA ISLAND CCG, BC CA","2018-09-27","0.00",,,"57","64","50",,
"CA001108380","VANCOUVER SEA ISLAND CCG, BC CA","2018-09-28","0.00",,,"60","66","54",,
"CA001108380","VANCOUVER SEA ISLAND CCG, BC CA","2018-09-29","0.02",,,"56","61","51",,
"CA001108380","VANCOUVER SEA ISLAND CCG, BC CA","2018-09-30","0.55",,,"55","57","52",,
"CA001108380","VANCOUVER SEA ISLAND CCG, BC CA","2018-10-01","0.37",,,"60","65","55",,
"CA001108380","VANCOUVER SEA ISLAND CCG, BC CA","2018-10-02","0.01",,,"50","58","43","   21","109.6"
"CA001108380","VANCOUVER SEA ISLAND CCG, BC CA","2018-10-03","0.00",,,"44","51","37",,
"CA001108380","VANCOUVER SEA ISLAND CCG, BC CA","2018-10-04","0.00",,,"46","55","37",,
"CA001108380","VANCOUVER SEA ISLAND CCG, BC CA","2018-10-05","0.03",,,"49","57","42",,
"CA001108380","VANCOUVER SEA ISLAND CCG, BC CA","2018-10-06","0.00",,,"51","57","46",,
"CA001108380","VANCOUVER SEA ISLAND CCG, BC CA","2018-10-07","0.20",,,"51","55","48",,
"CA001108380","VANCOUVER SEA ISLAND CCG, BC CA","2018-10-08","0.02",,,"52","54","49",,
"CA001108380","VANCOUVER SEA ISLAND CCG, BC CA","2018-10-09","0.00",,,"52","59","46",,
"CA001108380","VANCOUVER SEA ISLAND CCG, BC CA","2018-10-10","0.00",,,"52","58","47",,
"CA001108380","VANCOUVER SEA ISLAND CCG, BC CA","2018-10-11","0.00",,,"48","57","40",,
"CA001108380","VANCOUVER SEA ISLAND CCG, BC CA","2018-10-12","0.00",,,"51","59","44",,
"CA001108380","VANCOUVER SEA ISLAND CCG, BC CA","2018-10-13","0.00",,,"49","58","39",,
"CA001108380","VANCOUVER SEA ISLAND CCG, BC CA","2018-10-14","0.00",,,"47","58","37",,
"CA001108380","VANCOUVER SEA ISLAND CCG, BC CA","2018-10-15","0.00",,,"48","58","38",,
"CA001108380","VANCOUVER SEA ISLAND CCG, BC CA","2018-10-16","0.00",,,"49","57","41",,
"CA001108380","VANCOUVER SEA ISLAND CCG, BC CA","2018-10-17","0.00",,,"49","58","40",,
"CA001108380","VANCOUVER SEA ISLAND CCG, BC CA","2018-10-18","0.00",,,"50","58","42",,
"CA001108380","VANCOUVER SEA ISLAND CCG, BC CA","2018-10-19","0.00",,,"50","58","42",,
"CA001108380","VANCOUVER SEA ISLAND CCG, BC CA","2018-10-20","0.00",,,"48","56","40",,
"CA001108380","VANCOUVER SEA ISLAND CCG, BC CA","2018-10-21","0.00",,,"49","58","39",,
"CA001108380","VANCOUVER SEA ISLAND CCG, BC CA","2018-10-22","0.00",,,"46","53","38",,
"CA001108380","VANCOUVER SEA ISLAND CCG, BC CA","2018-10-23","0.01",,,"47","54","40",,
"CA001108380","VANCOUVER SEA ISLAND CCG, BC CA","2018-10-24","0.04",,,"53","60","47",,
"CA001108380","VANCOUVER SEA ISLAND CCG, BC CA","2018-10-25","0.28",,,"53","55","51",,
"CA001108380","VANCOUVER SEA ISLAND CCG, BC CA","2018-10-26","0.41",,,"56","63","49","   13","69.3"
"CA001108380","VANCOUVER SEA ISLAND CCG, BC CA","2018-10-27","0.40",,,"50","58","41",,
"CA001108380","VANCOUVER SEA ISLAND CCG, BC CA","2018-10-28","1.02",,,"52","57","47","   17","78.3"
"CA001108380","VANCOUVER SEA ISLAND CCG, BC CA","2018-10-29","0.52",,,"48","54","42",,
"CA001108380","VANCOUVER SEA ISLAND CCG, BC CA","2018-10-30","0.32",,,"50","55","44",,
"CA001108380","VANCOUVER SEA ISLAND CCG, BC CA","2018-10-31","0.56",,,"50","52","48",,
"CA001108380","VANCOUVER SEA ISLAND CCG, BC CA","2018-11-01","1.02",,,"54","58","50","   15","98.4"
"CA001108380","VANCOUVER SEA ISLAND CCG, BC CA","2018-11-02","0.23",,,"54","57","50","   15","91.7"
"CA001108380","VANCOUVER SEA ISLAND CCG, BC CA","2018-11-03","0.57",,,"51","53","49","   13","71.6"
"CA001108380","VANCOUVER SEA ISLAND CCG, BC CA","2018-11-04","0.11",,,"50","55","44","   15","87.2"
"CA001108380","VANCOUVER SEA ISLAND CCG, BC CA","2018-11-05","0.01",,,"51","57","44",,
"CA001108380","VANCOUVER SEA ISLAND CCG, BC CA","2018-11-06","0.00",,,"48","53","42","   26","76.1"
"CA001108380","VANCOUVER SEA ISLAND CCG, BC CA","2018-11-08","0.00",,,"44","50","37",,
"CA001108380","VANCOUVER SEA ISLAND CCG, BC CA","2018-11-09","0.22",,,"41","44","39",,
"CA001108380","VANCOUVER SEA ISLAND CCG, BC CA","2018-11-10","0.00",,,"44","50","38",,
"CA001108380","VANCOUVER SEA ISLAND CCG, BC CA","2018-11-11","0.00",,,"39","47","31",,
"CA001108380","VANCOUVER SEA ISLAND CCG, BC CA","2018-11-12","0.00",,,"41","50","32",,
"CA001108380","VANCOUVER SEA ISLAND CCG, BC CA","2018-11-13","0.20",,,"43","53","33",,
"CA001108380","VANCOUVER SEA ISLAND CCG, BC CA","2018-11-14","0.74",,,"51","57","45","    8","73.8"
"CA001108380","VANCOUVER SEA ISLAND CCG, BC CA","2018-11-15","0.09",,,"48","52","45","   13","71.6"
"CA001108380","VANCOUVER SEA ISLAND CCG, BC CA","2018-11-16","0.00",,,"47","54","39",,
"CA001108380","VANCOUVER SEA ISLAND CCG, BC CA","2018-11-17","0.00",,,"40","49","32",,
"CA001108380","VANCOUVER SEA ISLAND CCG, BC CA","2018-11-18","0.00",,,"38","47","30",,
"CA001108380","VANCOUVER SEA ISLAND CCG, BC CA","2018-11-19","0.00",,,"39","48","30",,
"CA001108380","VANCOUVER SEA ISLAND CCG, BC CA","2018-11-20","0.00",,,"40","49","31",,
"CA001108380","VANCOUVER SEA ISLAND CCG, BC CA","2018-11-21","0.34",,,"45","51","40",,
"CA001108380","VANCOUVER SEA ISLAND CCG, BC CA","2018-11-22","0.59",,,"47","50","45","    7","87.2"
"CA001108380","VANCOUVER SEA ISLAND CCG, BC CA","2018-11-23","0.17",,,"46","50","42",,
"CA001108380","VANCOUVER SEA ISLAND CCG, BC CA","2018-11-24","0.01",,,"45","47","42",,
"CA001108380","VANCOUVER SEA ISLAND CCG, BC CA","2018-11-25","0.11",,,"44","47","41","    7","71.6"
"CA001108380","VANCOUVER SEA ISLAND CCG, BC CA","2018-11-26","1.83",,,"48","52","45","   13","91.7"
"CA001108380","VANCOUVER SEA ISLAND CCG, BC CA","2018-11-27","0.67",,,"53","57","48","   14","111.8"
"CA001108380","VANCOUVER SEA ISLAND CCG, BC CA","2018-11-28","0.06",,,"47","50","44","   17","71.6"
"CA001108380","VANCOUVER SEA ISLAND CCG, BC CA","2018-11-30","0.04",,,"45","49","42",,
"CA001108380","VANCOUVER SEA ISLAND CCG, BC CA","2018-12-01","0.10",,,"42","47","37",,
"CA001108380","VANCOUVER SEA ISLAND CCG, BC CA","2018-12-02","0.00",,,"38","46","31",,
"CA001108380","VANCOUVER SEA ISLAND CCG, BC CA","2018-12-03","0.00",,,"37","45","28",,
"CA001108380","VANCOUVER SEA ISLAND CCG, BC CA","2018-12-04","0.00",,,"33","42","24",,
"CA001108380","VANCOUVER SEA ISLAND CCG, BC CA","2018-12-05","0.00",,,"33","43","24",,
"CA001108380","VANCOUVER SEA ISLAND CCG, BC CA","2018-12-06","0.00",,,"33","42","24",,
"CA001108380","VANCOUVER SEA ISLAND CCG, BC CA","2018-12-07","0.00",,,"33","43","23",,
"CA001108380","VANCOUVER SEA ISLAND CCG, BC CA","2018-12-08","0.02",,,"38","43","33",,
"CA001108380","VANCOUVER SEA ISLAND CCG, BC CA","2018-12-09","0.71",,,"41","44","38",,
"CA001108380","VANCOUVER SEA ISLAND CCG, BC CA","2018-12-10","0.06",,,"45","50","41",,
"CA001108380","VANCOUVER SEA ISLAND CCG, BC CA","2018-12-11","1.34",,,"46","51","41","   14","105.1"
"CA001108380","VANCOUVER SEA ISLAND CCG, BC CA","2018-12-12","0.14",,,"42","46","38","   14","69.3"
"CA001108380","VANCOUVER SEA ISLAND CCG, BC CA","2018-12-13","2.40",,,"45","48","42","    8","76.1"
"CA001108380","VANCOUVER SEA ISLAND CCG, BC CA","2018-12-14","0.17",,,"48","54","42","   24","132.0"
"CA001108380","VANCOUVER SEA ISLAND CCG, BC CA","2018-12-15","0.01",,,"42","48","36","    6","89.5"
"CA001108380","VANCOUVER SEA ISLAND CCG, BC CA","2018-12-16","0.31",,,"46","50","42","    9","105.1"
"CA001108380","VANCOUVER SEA ISLAND CCG, BC CA","2018-12-17","0.31",,,"48","50","46","   13","109.6"
"CA001108380","VANCOUVER SEA ISLAND CCG, BC CA","2018-12-18","0.31",,,"48","50","45","   17","85.0"
"CA001108380","VANCOUVER SEA ISLAND CCG, BC CA","2018-12-19","0.00",,,"46","49","43","   19","91.7"
"CA001108380","VANCOUVER SEA ISLAND CCG, BC CA","2018-12-20","0.70",,,"47","54","40","   16","161.1"
"CA001108380","VANCOUVER SEA ISLAND CCG, BC CA","2018-12-21","0.09",,,"40","45","36","   26","107.4"
"CA001108380","VANCOUVER SEA ISLAND CCG, BC CA","2018-12-22","0.14",,,"41","45","36","   11","89.5"
"CA001108380","VANCOUVER SEA ISLAND CCG, BC CA","2018-12-23","0.35",,,"44","45","42","   13","82.8"
"CA001108380","VANCOUVER SEA ISLAND CCG, BC CA","2018-12-24","0.00",,,"43","47","38",,
"CA001108380","VANCOUVER SEA ISLAND CCG, BC CA","2018-12-25","0.00",,,"40","43","36",,
"CA001108380","VANCOUVER SEA ISLAND CCG, BC CA","2018-12-26","0.07",,,"38","40","37","    9","73.8"
"CA001108380","VANCOUVER SEA ISLAND CCG, BC CA","2018-12-27","0.00",,,"38","42","33",,
"CA001108380","VANCOUVER SEA ISLAND CCG, BC CA","2018-12-28","1.28",,,"38","40","35",,
"CA001108380","VANCOUVER SEA ISLAND CCG, BC CA","2018-12-29","0.38",,,"46","51","40","   17","107.4"
"CA001108380","VANCOUVER SEA ISLAND CCG, BC CA","2018-12-30","0.06",,,"40","47","34","   27","114.1"
"CA001108380","VANCOUVER SEA ISLAND CCG, BC CA","2018-12-31","0.00",,,"36","43","29",,
"CA001108380","VANCOUVER SEA ISLAND CCG, BC CA","2019-01-01","0.00",,,"38","43","33",,
"CA001108380","VANCOUVER SEA ISLAND CCG, BC CA","2019-01-02","0.08",,,"40","42","37","    6","76.1"
"CA001108380","VANCOUVER SEA ISLAND CCG, BC CA","2019-01-03","2.18",,,"44","49","40","   16","87.2"
"CA001108380","VANCOUVER SEA ISLAND CCG, BC CA","2019-01-04","0.28",,,"46","51","42","   15","89.5"
"CA001108380","VANCOUVER SEA ISLAND CCG, BC CA","2019-01-05","0.09",,,"45","48","42",,
"CA001108380","VANCOUVER SEA ISLAND CCG, BC CA","2019-01-06","0.22",,,"42","46","37","   23","132.0"
"CA001108380","VANCOUVER SEA ISLAND CCG, BC CA","2019-01-07","0.03",,,"37","43","31","   27","105.1"
"CA001108380","VANCOUVER SEA ISLAND CCG, BC CA","2019-01-08","0.06",,,"36","42","30",,
"CA001108380","VANCOUVER SEA ISLAND CCG, BC CA","2019-01-09","0.17",,,"45","51","38","   14","87.2"
"CA001108380","VANCOUVER SEA ISLAND CCG, BC CA","2019-01-10","0.13",,,"50","52","47","   14","80.5"
"CA001108380","VANCOUVER SEA ISLAND CCG, BC CA","2019-01-12","0.00",,,"43","54","33",,
"CA001108380","VANCOUVER SEA ISLAND CCG, BC CA","2019-01-13","0.00",,,"41","48","35",,
"CA001108380","VANCOUVER SEA ISLAND CCG, BC CA","2019-01-14","0.00",,,"36","40","31",,
"CA001108380","VANCOUVER SEA ISLAND CCG, BC CA","2019-01-15","0.00",,,"36","42","29",,
"CA001108380","VANCOUVER SEA ISLAND CCG, BC CA","2019-01-16","0.00",,,"37","45","29",,
"CA001108380","VANCOUVER SEA ISLAND CCG, BC CA","2019-01-17","0.37",,,"41","50","32","   14","69.3"
"CA001108380","VANCOUVER SEA ISLAND CCG, BC CA","2019-01-18","0.20",,,"47","50","44","   20","94.0"
"CA001108380","VANCOUVER SEA ISLAND CCG, BC CA","2019-01-19","0.04",,,"44","49","38","   27","109.6"
"CA001108380","VANCOUVER SEA ISLAND CCG, BC CA","2019-01-20","0.00",,,"40","45","35","   32","87.2"
"CA001108380","VANCOUVER SEA ISLAND CCG, BC CA","2019-01-21","0.00",,,"39","47","30",,
"CA001108380","VANCOUVER SEA ISLAND CCG, BC CA","2019-01-22","0.67",,,"40","42","38","   12","80.5"
"CA001108380","VANCOUVER SEA ISLAND CCG, BC CA","2019-01-23","0.24",,,"42","45","40","   35","73.8"
"CA001108380","VANCOUVER SEA ISLAND CCG, BC CA","2019-01-24","0.00",,,"43","45","41",,
"CA001108380","VANCOUVER SEA ISLAND CCG, BC CA","2019-01-25","0.00",,,"44","47","40",,
"CA001108380","VANCOUVER SEA ISLAND CCG, BC CA","2019-01-26","0.00",,,"43","47","40",,
"CA001108380","VANCOUVER SEA ISLAND CCG, BC CA","2019-01-27","0.00",,,"41","46","36",,
"CA001108380","VANCOUVER SEA ISLAND CCG, BC CA","2019-01-28","0.00",,,"38","45","31",,
"CA001108380","VANCOUVER SEA ISLAND CCG, BC CA","2019-01-29","0.00",,,"36","45","27",,
"CA001108380","VANCOUVER SEA ISLAND CCG, BC CA","2019-01-30","0.00",,,"37","44","31",,
"CA001108380","VANCOUVER SEA ISLAND CCG, BC CA","2019-01-31","0.02",,,"43","48","38",,
"CA001108380","VANCOUVER SEA ISLAND CCG, BC CA","2019-02-01","0.64",,,"45","47","43",,
"CA001108380","VANCOUVER SEA ISLAND CCG, BC CA","2019-02-02","0.00",,,"41","45","37","   34","80.5"
"CA001108380","VANCOUVER SEA ISLAND CCG, BC CA","2019-02-03","0.00",,,"33","40","25","   13","89.5"
"CA001108380","VANCOUVER SEA ISLAND CCG, BC CA","2019-02-04","0.00",,,"28","34","22",,
"CA001108380","VANCOUVER SEA ISLAND CCG, BC CA","2019-02-05","0.00",,,"26","35","18",,
"CA001108380","VANCOUVER SEA ISLAND CCG, BC CA","2019-02-06","0.00",,,"28","36","20",,
"CA001108380","VANCOUVER SEA ISLAND CCG, BC CA","2019-02-07","0.00",,,"29","37","22",,
"CA001108380","VANCOUVER SEA ISLAND CCG, BC CA","2019-02-08","0.02",,,"30","35","26","   10","80.5"
"CA001108380","VANCOUVER SEA ISLAND CCG, BC CA","2019-02-09","0.01",,,"32","40","25","   11","85.0"
"CA001108380","VANCOUVER SEA ISLAND CCG, BC CA","2019-02-10","0.17",,,"23","29","17","   12","82.8"
"CA001108380","VANCOUVER SEA ISLAND CCG, BC CA","2019-02-11","0.22",,,"26","31","21",,
"CA001108380","VANCOUVER SEA ISLAND CCG, BC CA","2019-02-12","0.22",,,"29","32","27",,
"CA001108380","VANCOUVER SEA ISLAND CCG, BC CA","2019-02-13","0.08",,,"31","39","23",,
"CA001108380","VANCOUVER SEA ISLAND CCG, BC CA","2019-02-14","0.22",,,"27","38","17",,
"CA001108380","VANCOUVER SEA ISLAND CCG, BC CA","2019-02-15","0.48",,,"36","38","33",,
"CA001108380","VANCOUVER SEA ISLAND CCG, BC CA","2019-02-16","0.00",,,"38","44","31",,
"CA001108380","VANCOUVER SEA ISLAND CCG, BC CA","2019-02-17","0.00",,,"37","44","31",,
"CA001108380","VANCOUVER SEA ISLAND CCG, BC CA","2019-02-18","0.00",,,"34","39","29",,
"CA001108380","VANCOUVER SEA ISLAND CCG, BC CA","2019-02-19","0.17",,,"35","37","33",,
"CA001108380","VANCOUVER SEA ISLAND CCG, BC CA","2019-02-20","0.00",,,"38","43","32",,
"CA001108380","VANCOUVER SEA ISLAND CCG, BC CA","2019-02-21","0.00",,,"35","44","27",,
"CA001108380","VANCOUVER SEA ISLAND CCG, BC CA","2019-02-22","0.19",,,"38","43","34","   30","89.5"
"CA001108380","VANCOUVER SEA ISLAND CCG, BC CA","2019-02-23","0.07",,,"40","46","35",,
"CA001108380","VANCOUVER SEA ISLAND CCG, BC CA","2019-02-24","0.00",,,"38","45","31",,
"CA001108380","VANCOUVER SEA ISLAND CCG, BC CA","2019-02-25","0.00",,,"34","42","26",,
"CA001108380","VANCOUVER SEA ISLAND CCG, BC CA","2019-02-26","0.00",,,"33","43","23","   13","82.8"
"CA001108380","VANCOUVER SEA ISLAND CCG, BC CA","2019-02-27","0.00",,,"34","42","27","   16","80.5"
"CA001108380","VANCOUVER SEA ISLAND CCG, BC CA","2019-02-28","0.00",,,"38","45","31",,
"CA001108380","VANCOUVER SEA ISLAND CCG, BC CA","2019-03-01","0.00",,,"35","44","25",,
"CA001108380","VANCOUVER SEA ISLAND CCG, BC CA","2019-03-02","0.00",,,"35","45","24",,
"CA001108380","VANCOUVER SEA ISLAND CCG, BC CA","2019-03-03","0.00",,,"37","44","30",,
"CA001108380","VANCOUVER SEA ISLAND CCG, BC CA","2019-03-04","0.00",,,"33","42","24",,
"CA001108380","VANCOUVER SEA ISLAND CCG, BC CA","2019-03-05","0.00",,,"36","46","25",,
"CA001108380","VANCOUVER SEA ISLAND CCG, BC CA","2019-03-06","0.08",,,"33","40","25",,
"CA001108380","VANCOUVER SEA ISLAND CCG, BC CA","2019-03-07","0.01",,,"36","42","31",,
"CA001108380","VANCOUVER SEA ISLAND CCG, BC CA","2019-03-08","0.00",,,"37","43","31",,
"CA001108380","VANCOUVER SEA ISLAND CCG, BC CA","2019-03-09","0.00",,,"36","45","27",,
"CA001108380","VANCOUVER SEA ISLAND CCG, BC CA","2019-03-10","0.00",,,"37","46","28",,
"CA001108380","VANCOUVER SEA ISLAND CCG, BC CA","2019-03-11","0.40",,,"40","45","35","   12","73.8"
"CA001108380","VANCOUVER SEA ISLAND CCG, BC CA","2019-03-12","0.11",,,"42","48","35","   36","76.1"
"CA001108380","VANCOUVER SEA ISLAND CCG, BC CA","2019-03-13","0.00",,,"43","51","36",,
"CA001108380","VANCOUVER SEA ISLAND CCG, BC CA","2019-03-14","0.07",,,"44","51","37",,
"CA001108380","VANCOUVER SEA ISLAND CCG, BC CA","2019-03-15","0.00",,,"47","54","40",,
"CA001108380","VANCOUVER SEA ISLAND CCG, BC CA","2019-03-16","0.00",,,"44","52","36",,
"CA001108380","VANCOUVER SEA ISLAND CCG, BC CA","2019-03-17","0.00",,,"45","54","36",,
"CA001108380","VANCOUVER SEA ISLAND CCG, BC CA","2019-03-18","0.00",,,"46","58","35",,
"CA001108380","VANCOUVER SEA ISLAND CCG, BC CA","2019-03-19","0.00",,,"48","60","35",,
"CA001108380","VANCOUVER SEA ISLAND CCG, BC CA","2019-03-20","0.00",,,"48","58","38",,
"CA001108380","VANCOUVER SEA ISLAND CCG, BC CA","2019-03-21","0.00",,,"52","63","41",,
"CA001108380","VANCOUVER SEA ISLAND CCG, BC CA","2019-03-22","0.00",,,"56","64","48","   19","73.8"
"CA001108380","VANCOUVER SEA ISLAND CCG, BC CA","2019-03-23","0.00",,,"49","57","42",,
"CA001108380","VANCOUVER SEA ISLAND CCG, BC CA","2019-03-24","0.00",,,"45","52","38",,
"CA001108380","VANCOUVER SEA ISLAND CCG, BC CA","2019-03-25","0.19",,,"47","53","40",,
"CA001108380","VANCOUVER SEA ISLAND CCG, BC CA","2019-03-26","0.04",,,"49","56","43","   21","71.6"
"CA001108380","VANCOUVER SEA ISLAND CCG, BC CA","2019-03-27","0.00",,,"45","55","35","   35","78.3"
"CA001108380","VANCOUVER SEA ISLAND CCG, BC CA","2019-03-28","0.00",,,"49","56","41",,
"CA001108380","VANCOUVER SEA ISLAND CCG, BC CA","2019-03-29","0.00",,,"47","56","39",,
"CA001108380","VANCOUVER SEA ISLAND CCG, BC CA","2019-03-30","0.00",,,"48","56","40",,
"CA001108380","VANCOUVER SEA ISLAND CCG, BC CA","2019-03-31","0.00",,,"48","56","40",,
"CA001108380","VANCOUVER SEA ISLAND CCG, BC CA","2019-04-01","0.00",,,"49","60","40",,
"CA001108380","VANCOUVER SEA ISLAND CCG, BC CA","2019-04-02","0.00",,,"50","61","39",,
"CA001108380","VANCOUVER SEA ISLAND CCG, BC CA","2019-04-03","0.61",,,"53","57","48","   24","73.8"
"CA001108380","VANCOUVER SEA ISLAND CCG, BC CA","2019-04-04","0.01",,,"53","58","48",,
"CA001108380","VANCOUVER SEA ISLAND CCG, BC CA","2019-04-05","0.15",,,"53","58","48","   20","94.0"
"CA001108380","VANCOUVER SEA ISLAND CCG, BC CA","2019-04-06","0.15",,,"49","53","45","   20","114.1"
"CA001108380","VANCOUVER SEA ISLAND CCG, BC CA","2019-04-07","0.12",,,"51","59","44",,
"CA001108380","VANCOUVER SEA ISLAND CCG, BC CA","2019-04-08","0.09",,,"47","53","41",,
"CA001108380","VANCOUVER SEA ISLAND CCG, BC CA","2019-04-09","0.01",,,"51","56","45","   26","71.6"
"CA001108380","VANCOUVER SEA ISLAND CCG, BC CA","2019-04-10","0.20",,,"49","54","44","   21","85.0"
"CA001108380","VANCOUVER SEA ISLAND CCG, BC CA","2019-04-11","0.43",,,"46","49","44",,
"CA001108380","VANCOUVER SEA ISLAND CCG, BC CA","2019-04-12","0.00",,,"46","53","39",,
"CA001108380","VANCOUVER SEA ISLAND CCG, BC CA","2019-04-13","0.32",,,"48","52","44","   21","114.1"
"CA001108380","VANCOUVER SEA ISLAND CCG, BC CA","2019-04-14","0.00",,,"44","51","37","   31","78.3"
"CA001108380","VANCOUVER SEA ISLAND CCG, BC CA","2019-04-15","0.00",,,"45","52","38",,
"CA001108380","VANCOUVER SEA ISLAND CCG, BC CA","2019-04-16","0.00",,,"46","55","37",,
"CA001108380","VANCOUVER SEA ISLAND CCG, BC CA","2019-04-17","0.05",,,"53","61","45",,
"CA001108380","VANCOUVER SEA ISLAND CCG, BC CA","2019-04-18","0.98",,,"51","53","49","   14","73.8"
"CA001108380","VANCOUVER SEA ISLAND CCG, BC CA","2019-04-19","0.02",,,"52","55","48","   32","80.5"
"CA001108380","VANCOUVER SEA ISLAND CCG, BC CA","2019-04-20","0.00",,,"51","56","45","   33","82.8"
"CA001108380","VANCOUVER SEA ISLAND CCG, BC CA","2019-04-21","0.00",,,"52","60","44",,
"CA001108380","VANCOUVER SEA ISLAND CCG, BC CA","2019-04-22","0.44",,,"50","52","48",,
"CA001108380","VANCOUVER SEA ISLAND CCG, BC CA","2019-04-23","0.00",,,"52","56","49","   32","76.1"
"CA001108380","VANCOUVER SEA ISLAND CCG, BC CA","2019-04-24","0.00",,,"50","55","45","   32","100.7"
"CA001108380","VANCOUVER SEA ISLAND CCG, BC CA","2019-04-25","0.00",,,"47","55","38","   34","69.3"
"CA001108380","VANCOUVER SEA ISLAND CCG, BC CA","2019-04-26","0.00",,,"51","56","47","   34","80.5"
"CA001108380","VANCOUVER SEA ISLAND CCG, BC CA","2019-04-27","0.01",,,"49","54","45","   33","147.6"
"CA001108380","VANCOUVER SEA ISLAND CCG, BC CA","2019-04-28","0.00",,,"48","59","38",,
"CA001108380","VANCOUVER SEA ISLAND CCG, BC CA","2019-04-29","0.00",,,"50","61","38",,
"CA001108380","VANCOUVER SEA ISLAND CCG, BC CA","2019-04-30","0.00",,,"49","60","38",,
"CA001108380","VANCOUVER SEA ISLAND CCG, BC CA","2019-05-01","0.00",,,"54","63","45",,
"CA001108380","VANCOUVER SEA ISLAND CCG, BC CA","2019-05-02","0.00",,,"53","61","45",,
"CA001108380","VANCOUVER SEA ISLAND CCG, BC CA","2019-05-03","0.00",,,"54","58","49",,
"CA001108380","VANCOUVER SEA ISLAND CCG, BC CA","2019-05-04","0.00",,,"52","60","44",,
"CA001108380","VANCOUVER SEA ISLAND CCG, BC CA","2019-05-05","0.00",,,"54","61","46","   34","85.0"
"CA001108380","VANCOUVER SEA ISLAND CCG, BC CA","2019-05-06","0.00",,,"56","63","48","   32","80.5"
"CA001108380","VANCOUVER SEA ISLAND CCG, BC CA","2019-05-07","0.00",,,"57","63","51","   35","85.0"
"CA001108380","VANCOUVER SEA ISLAND CCG, BC CA","2019-05-08","0.00",,,"58","64","52","   35","73.8"
"CA001108380","VANCOUVER SEA ISLAND CCG, BC CA","2019-05-09","0.00",,,"62","71","52","   34","69.3"
"CA001108380","VANCOUVER SEA ISLAND CCG, BC CA","2019-05-10","0.00",,,"62","72","52",,
"CA001108380","VANCOUVER SEA ISLAND CCG, BC CA","2019-05-11","0.00",,,"62","70","53",,
"CA001108380","VANCOUVER SEA ISLAND CCG, BC CA","2019-05-12","0.00",,,"58","62","53",,
"CA001108380","VANCOUVER SEA ISLAND CCG, BC CA","2019-05-13","0.00",,,"55","63","47",,
"CA001108380","VANCOUVER SEA ISLAND CCG, BC CA","2019-05-14","0.30",,,"55","59","51",,
"CA001108380","VANCOUVER SEA ISLAND CCG, BC CA","2019-05-15","0.03",,,"57","63","51","   36","78.3"
"CA001108380","VANCOUVER SEA ISLAND CCG, BC CA","2019-05-16","0.00",,,"58","63","53",,
"CA001108380","VANCOUVER SEA ISLAND CCG, BC CA","2019-05-17","0.06",,,"57","63","51","   27","71.6"
"CA001108380","VANCOUVER SEA ISLAND CCG, BC CA","2019-05-18","0.00",,,"59","66","51",,
"CA001108380","VANCOUVER SEA ISLAND CCG, BC CA","2019-05-19","0.00",,,"59","68","50",,
"CA001108380","VANCOUVER SEA ISLAND CCG, BC CA","2019-05-20","0.21",,,"54","57","52",,
"CA001108380","VANCOUVER SEA ISLAND CCG, BC CA","2019-05-21","0.07",,,"57","64","50","   33","69.3"
"CA001108380","VANCOUVER SEA ISLAND CCG, BC CA","2019-05-22","0.00",,,"58","68","48",,
"CA001108380","VANCOUVER SEA ISLAND CCG, BC CA","2019-05-23","0.00",,,"60","67","51","   32","82.8"
"CA001108380","VANCOUVER SEA ISLAND CCG, BC CA","2019-05-24","0.05",,,"58","62","54","   33","91.7"
"CA001108380","VANCOUVER SEA ISLAND CCG, BC CA","2019-05-25","0.26",,,"55","59","51",,
"CA001108380","VANCOUVER SEA ISLAND CCG, BC CA","2019-05-26","0.00",,,"58","67","48",,
"CA001108380","VANCOUVER SEA ISLAND CCG, BC CA","2019-05-27","0.00",,,"65","75","54",,
"CA001108380","VANCOUVER SEA ISLAND CCG, BC CA","2019-05-28","0.00",,,"61","67","55",,
"CA001108380","VANCOUVER SEA ISLAND CCG, BC CA","2019-05-29","0.00",,,"59","67","52",,
"CA001108380","VANCOUVER SEA ISLAND CCG, BC CA","2019-05-30","0.00",,,"61","70","53",,
"CA001108380","VANCOUVER SEA ISLAND CCG, BC CA","2019-05-31","0.00",,,"62","73","52",,
"CA001108380","VANCOUVER SEA ISLAND CCG, BC CA","2019-06-01","0.00",,,"62","70","53",,
"CA001108380","VANCOUVER SEA ISLAND CCG, BC CA","2019-06-02","0.00",,,"66","74","57",,
"CA001108380","VANCOUVER SEA ISLAND CCG, BC CA","2019-06-03","0.00",,,"59","69","50",,
"CA001108380","VANCOUVER SEA ISLAND CCG, BC CA","2019-06-04","0.00",,,"58","67","48",,
"CA001108380","VANCOUVER SEA ISLAND CCG, BC CA","2019-06-05","0.01",,,"59","63","54",,
"CA001108380","VANCOUVER SEA ISLAND CCG, BC CA","2019-06-06","0.00",,,"54","63","44","   24","80.5"
"CA001108380","VANCOUVER SEA ISLAND CCG, BC CA","2019-06-07","0.01",,,"56","64","49",,
"CA001108380","VANCOUVER SEA ISLAND CCG, BC CA","2019-06-08","0.00",,,"58","67","49",,
"CA001108380","VANCOUVER SEA ISLAND CCG, BC CA","2019-06-09","0.00",,,"58","67","49",,
"CA001108380","VANCOUVER SEA ISLAND CCG, BC CA","2019-06-10","0.00",,,"61","67","55",,
"CA001108380","VANCOUVER SEA ISLAND CCG, BC CA","2019-06-11","0.00",,,"64","74","54","   35","76.1"
"CA001108380","VANCOUVER SEA ISLAND CCG, BC CA","2019-06-12","0.00",,,"71","84","59",,
"CA001108380","VANCOUVER SEA ISLAND CCG, BC CA","2019-06-13","0.00",,,"67","76","58",,
"CA001108380","VANCOUVER SEA ISLAND CCG, BC CA","2019-06-14","0.00",,,"61","69","53",,
"CA001108380","VANCOUVER SEA ISLAND CCG, BC CA","2019-06-15","0.00",,,"63","72","54",,
"CA001108380","VANCOUVER SEA ISLAND CCG, BC CA","2019-06-16","0.00",,,"64","74","54",,
"CA001108380","VANCOUVER SEA ISLAND CCG, BC CA","2019-06-17","0.00",,,"65","75","55",,
"CA001108380","VANCOUVER SEA ISLAND CCG, BC CA","2019-06-18","0.00",,,"65","72","58","   33","85.0"
"CA001108380","VANCOUVER SEA ISLAND CCG, BC CA","2019-06-19","0.00",,,"60","67","53","   31","129.7"
"CA001108380","VANCOUVER SEA ISLAND CCG, BC CA","2019-06-20","0.00",,,"58","67","49","   32","98.4"
"CA001108380","VANCOUVER SEA ISLAND CCG, BC CA","2019-06-21","0.00",,,"62","71","52",,
"CA001108380","VANCOUVER SEA ISLAND CCG, BC CA","2019-06-22","0.00",,,"62","68","56",,
"CA001108380","VANCOUVER SEA ISLAND CCG, BC CA","2019-06-23","0.00",,,"60","67","53",,
"CA001108380","VANCOUVER SEA ISLAND CCG, BC CA","2019-06-24","0.02",,,"61","69","53",,
"CA001108380","VANCOUVER SEA ISLAND CCG, BC CA","2019-06-25","0.00",,,"60","71","50",,
"CA001108380","VANCOUVER SEA ISLAND CCG, BC CA","2019-06-26","0.00",,,"63","70","55",,
"CA001108380","VANCOUVER SEA ISLAND CCG, BC CA","2019-06-27","0.64",,,"63","70","56",,
"CA001108380","VANCOUVER SEA ISLAND CCG, BC CA","2019-06-28","0.00",,,"62","68","57",,
"CA001108380","VANCOUVER SEA ISLAND CCG, BC CA","2019-06-29","0.00",,,"63","71","56",,
"CA001108380","VANCOUVER SEA ISLAND CCG, BC CA","2019-06-30","0.00",,,"62","72","51",,
"CA001108380","VANCOUVER SEA ISLAND CCG, BC CA","2019-07-01","0.00",,,"66","77","55",,
"CA001108380","VANCOUVER SEA ISLAND CCG, BC CA","2019-07-02","0.11",,,"63","70","56","   13","80.5"
"CA001108380","VANCOUVER SEA ISLAND CCG, BC CA","2019-07-03","0.00",,,"64","70","59",,
"CA001108380","VANCOUVER SEA ISLAND CCG, BC CA","2019-07-04","0.00",,,"63","68","58",,
"CA001108380","VANCOUVER SEA ISLAND CCG, BC CA","2019-07-05","0.00",,,"61","64","57",,
"CA001108380","VANCOUVER SEA ISLAND CCG, BC CA","2019-07-06","0.00",,,"62","70","53",,
"CA001108380","VANCOUVER SEA ISLAND CCG, BC CA","2019-07-07","0.10",,,"61","65","57",,
"CA001108380","VANCOUVER SEA ISLAND CCG, BC CA","2019-07-08","0.00",,,"62","71","54",,
"CA001108380","VANCOUVER SEA ISLAND CCG, BC CA","2019-07-09","0.02",,,"64","73","55",,
"CA001108380","VANCOUVER SEA ISLAND CCG, BC CA","2019-07-10","0.57",,,"66","72","60",,
"CA001108380","VANCOUVER SEA ISLAND CCG, BC CA","2019-07-11","0.00",,,"66","75","58",,
"CA001108380","VANCOUVER SEA ISLAND CCG, BC CA","2019-07-12","0.00",,,"66","75","57",,
"CA001108380","VANCOUVER SEA ISLAND CCG, BC CA","2019-07-13","0.00",,,"68","77","60",,
"CA001108380","VANCOUVER SEA ISLAND CCG, BC CA","2019-07-14","0.02",,,"67","76","58",,
"CA001108380","VANCOUVER SEA ISLAND CCG, BC CA","2019-07-15","0.00",,,"66","75","58",,
"CA001108380","VANCOUVER SEA ISLAND CCG, BC CA","2019-07-16","0.00",,,"68","77","59",,
"CA001108380","VANCOUVER SEA ISLAND CCG, BC CA","2019-07-17","0.22",,,"65","72","58","   30","87.2"
"CA001108380","VANCOUVER SEA ISLAND CCG, BC CA","2019-07-18","0.00",,,"65","71","60","   31","102.9"
"CA001108380","VANCOUVER SEA ISLAND CCG, BC CA","2019-07-19","0.00",,,"63","69","57","   32","89.5"
"CA001108380","VANCOUVER SEA ISLAND CCG, BC CA","2019-07-20","0.00",,,"63","73","53",,
"CA001108380","VANCOUVER SEA ISLAND CCG, BC CA","2019-07-21","0.00",,,"70","84","57",,
"CA001108380","VANCOUVER SEA ISLAND CCG, BC CA","2019-07-22","0.00",,,"70","81","59",,
"CA001108380","VANCOUVER SEA ISLAND CCG, BC CA","2019-07-23","0.00",,,"66","75","57",,
"CA001108380","VANCOUVER SEA ISLAND CCG, BC CA","2019-07-25","0.00",,,"66","74","58",,
"CA001108380","VANCOUVER SEA ISLAND CCG, BC CA","2019-07-26","0.01",,,"71","83","59",,
"CA001108380","VANCOUVER SEA ISLAND CCG, BC CA","2019-07-27","0.07",,,"68","74","62","   31","87.2"
"CA001108380","VANCOUVER SEA ISLAND CCG, BC CA","2019-07-28","0.00",,,"65","74","57",,
"CA001108380","VANCOUVER SEA ISLAND CCG, BC CA","2019-07-29","0.00",,,"67","74","59",,
"CA001108380","VANCOUVER SEA ISLAND CCG, BC CA","2019-07-30","0.00",,,"67","74","59",,
"CA001108380","VANCOUVER SEA ISLAND CCG, BC CA","2019-07-31","0.00",,,"69","75","63",,
"CA001108380","VANCOUVER SEA ISLAND CCG, BC CA","2019-08-01","0.00",,,"69","78","61",,
"CA001108380","VANCOUVER SEA ISLAND CCG, BC CA","2019-08-02","0.13",,,"70","78","62",,
"CA001108380","VANCOUVER SEA ISLAND CCG, BC CA","2019-08-03","0.00",,,"66","75","57",,
"CA001108380","VANCOUVER SEA ISLAND CCG, BC CA","2019-08-04","0.00",,,"69","78","60",,
"CA001108380","VANCOUVER SEA ISLAND CCG, BC CA","2019-08-05","0.00",,,"68","78","59",,
"CA001108380","VANCOUVER SEA ISLAND CCG, BC CA","2019-08-06","0.00",,,"66","77","56",,
"CA001108380","VANCOUVER SEA ISLAND CCG, BC CA","2019-08-07","0.00",,,"68","79","57",,
"CA001108380","VANCOUVER SEA ISLAND CCG, BC CA","2019-08-08","0.00",,,"66","74","58",,
"CA001108380","VANCOUVER SEA ISLAND CCG, BC CA","2019-08-09","0.00",,,"68","74","62",,
"CA001108380","VANCOUVER SEA ISLAND CCG, BC CA","2019-08-10","0.06",,,"65","68","61",,
"CA001108380","VANCOUVER SEA ISLAND CCG, BC CA","2019-08-11","0.06",,,"65","70","59",,
"CA001108380","VANCOUVER SEA ISLAND CCG, BC CA","2019-08-12","0.00",,,"66","75","58",,
"CA001108380","VANCOUVER SEA ISLAND CCG, BC CA","2019-08-13","0.00",,,"66","75","57",,
"CA001108380","VANCOUVER SEA ISLAND CCG, BC CA","2019-08-14","0.00",,,"68","76","60",,
"CA001108380","VANCOUVER SEA ISLAND CCG, BC CA","2019-08-15","0.00",,,"67","76","58",,
"CA001108380","VANCOUVER SEA ISLAND CCG, BC CA","2019-08-16","0.00",,,"65","72","57",,
"CA001108380","VANCOUVER SEA ISLAND CCG, BC CA","2019-08-17","0.00",,,"68","72","63",,
"CA001108380","VANCOUVER SEA ISLAND CCG, BC CA","2019-08-18","0.00",,,"65","72","58",,
"CA001108380","VANCOUVER SEA ISLAND CCG, BC CA","2019-08-19","0.00",,,"65","75","56",,
"CA001108380","VANCOUVER SEA ISLAND CCG, BC CA","2019-08-20","0.00",,,"66","78","55",,
"CA001108380","VANCOUVER SEA ISLAND CCG, BC CA","2019-08-21","0.36",,,"64","68","60",,
"CA001108380","VANCOUVER SEA ISLAND CCG, BC CA","2019-08-22","0.00",,,"64","69","59","   32","82.8"
"CA001108380","VANCOUVER SEA ISLAND CCG, BC CA","2019-08-23","0.02",,,"62","68","56",,
"CA001108380","VANCOUVER SEA ISLAND CCG, BC CA","2019-08-24","0.00",,,"63","72","55",,
"CA001108380","VANCOUVER SEA ISLAND CCG, BC CA","2019-08-25","0.00",,,"64","70","59","   33","85.0"
"CA001108380","VANCOUVER SEA ISLAND CCG, BC CA","2019-08-26","0.00",,,"62","71","53",,
"CA001108380","VANCOUVER SEA ISLAND CCG, BC CA","2019-08-27","0.00",,,"67","76","59",,
"CA001108380","VANCOUVER SEA ISLAND CCG, BC CA","2019-08-28","0.00",,,"68","77","59",,
"CA001108380","VANCOUVER SEA ISLAND CCG, BC CA","2019-08-29","0.00",,,"69","79","58",,
"CA001108380","VANCOUVER SEA ISLAND CCG, BC CA","2019-08-30","0.00",,,"67","73","62",,
"CA001108380","VANCOUVER SEA ISLAND CCG, BC CA","2019-08-31","0.02",,,"69","77","61",,
"CA001108380","VANCOUVER SEA ISLAND CCG, BC CA","2019-09-01","0.00",,,"68","77","60",,
"CA001108380","VANCOUVER SEA ISLAND CCG, BC CA","2019-09-02","0.00",,,"66","73","58",,
"CA001108380","VANCOUVER SEA ISLAND CCG, BC CA","2019-09-03","0.00",,,"67","76","59",,
"CA001108380","VANCOUVER SEA ISLAND CCG, BC CA","2019-09-04","0.00",,,"65","73","57",,
"CA001108380","VANCOUVER SEA ISLAND CCG, BC CA","2019-09-05","0.00",,,"65","73","58",,
"CA001108380","VANCOUVER SEA ISLAND CCG, BC CA","2019-09-06","0.00",,,"70","82","57",,
"CA001108380","VANCOUVER SEA ISLAND CCG, BC CA","2019-09-07","0.00",,,"64","69","59",,
"CA001108380","VANCOUVER SEA ISLAND CCG, BC CA","2019-09-08","0.43",,,"62","67","58",,
"CA001108380","VANCOUVER SEA ISLAND CCG, BC CA","2019-09-09","0.44",,,"64","69","59",,
"CA001108380","VANCOUVER SEA ISLAND CCG, BC CA","2019-09-10","0.00",,,"63","69","58",,
"CA001108380","VANCOUVER SEA ISLAND CCG, BC CA","2019-09-11","0.00",,,"63","69","56",,
"CA001108380","VANCOUVER SEA ISLAND CCG, BC CA","2019-09-12","0.76",,,"62","66","58","   14","69.3"
"CA001108380","VANCOUVER SEA ISLAND CCG, BC CA","2019-09-13","0.22",,,"62","68","56",,
"CA001108380","VANCOUVER SEA ISLAND CCG, BC CA","2019-09-14","0.30",,,"60","62","57","   19","96.2"
"CA001108380","VANCOUVER SEA ISLAND CCG, BC CA","2019-09-15","0.02",,,"60","65","56","   21","69.3"
"CA001108380","VANCOUVER SEA ISLAND CCG, BC CA","2019-09-16","0.09",,,"60","66","53",,
"CA001108380","VANCOUVER SEA ISLAND CCG, BC CA","2019-09-17","0.44",,,"58","60","55","   14","89.5"
"CA001108380","VANCOUVER SEA ISLAND CCG, BC CA","2019-09-18","0.24",,,"59","64","53",,
"CA001108380","VANCOUVER SEA ISLAND CCG, BC CA","2019-09-19","0.01",,,"56","61","51",,
"CA001108380","VANCOUVER SEA ISLAND CCG, BC CA","2019-09-20","0.00",,,"60","66","55",,
"CA001108380","VANCOUVER SEA ISLAND CCG, BC CA","2019-09-21","0.09",,,"62","69","56",,
"CA001108380","VANCOUVER SEA ISLAND CCG, BC CA","2019-09-22","1.20",,,"59","61","58",,
"CA001108380","VANCOUVER SEA ISLAND CCG, BC CA","2019-09-23","0.15",,,"55","58","53",,
"CA001108380","VANCOUVER SEA ISLAND CCG, BC CA","2019-09-24","0.02",,,"59","65","54",,
"CA001108380","VANCOUVER SEA ISLAND CCG, BC CA","2019-09-25","0.00",,,"56","62","51","   33","69.3"
"CA001108380","VANCOUVER SEA ISLAND CCG, BC CA","2019-09-27","0.04",,,"53","59","47","   33","125.3"
"CA001108380","VANCOUVER SEA ISLAND CCG, BC CA","2019-09-28","0.00",,,"56","66","46",,
"CA001108380","VANCOUVER SEA ISLAND CCG, BC CA","2019-09-29","0.00",,,"54","62","47","   10","76.1"
"CA001108380","VANCOUVER SEA ISLAND CCG, BC CA","2019-09-30","0.00",,,"51","59","43",,
"CA001108380","VANCOUVER SEA ISLAND CCG, BC CA","2019-10-01","0.00",,,"51","60","42",,
"CA001108380","VANCOUVER SEA ISLAND CCG, BC CA","2019-10-02","0.02",,,"53","61","46",,
"CA001108380","VANCOUVER SEA ISLAND CCG, BC CA","2019-10-03","0.02",,,"56","62","50",,
"CA001108380","VANCOUVER SEA ISLAND CCG, BC CA","2019-10-04","0.11",,,"52","54","50",,
"CA001108380","VANCOUVER SEA ISLAND CCG, BC CA","2019-10-05","0.00",,,"51","58","45",,
"CA001108380","VANCOUVER SEA ISLAND CCG, BC CA","2019-10-06","0.00",,,"49","55","44",,
"CA001108380","VANCOUVER SEA ISLAND CCG, BC CA","2019-10-07","0.57",,,"55","61","50","   29","114.1"
"CA001108380","VANCOUVER SEA ISLAND CCG, BC CA","2019-10-08","0.03",,,"47","53","41","   32","98.4"
"CA001108380","VANCOUVER SEA ISLAND CCG, BC CA","2019-10-09","0.00",,,"42","51","34",,
"CA001108380","VANCOUVER SEA ISLAND CCG, BC CA","2019-10-10","0.00",,,"43","51","35",,
"CA001108380","VANCOUVER SEA ISLAND CCG, BC CA","2019-10-11","0.00",,,"45","54","35",,
"CA001108380","VANCOUVER SEA ISLAND CCG, BC CA","2019-10-12","0.02",,,"49","56","42",,
"CA001108380","VANCOUVER SEA ISLAND CCG, BC CA","2019-10-13","0.00",,,"50","56","44",,
"CA001108380","VANCOUVER SEA ISLAND CCG, BC CA","2019-10-14","0.00",,,"50","57","42",,
"CA001108380","VANCOUVER SEA ISLAND CCG, BC CA","2019-10-15","0.13",,,"49","53","45",,
"CA001108380","VANCOUVER SEA ISLAND CCG, BC CA","2019-10-16","0.48",,,"52","56","49","   18","94.0"
"CA001108380","VANCOUVER SEA ISLAND CCG, BC CA","2019-10-17","0.27",,,"52","57","47","   21","89.5"
"CA001108380","VANCOUVER SEA ISLAND CCG, BC CA","2019-10-18","0.13",,,"49","52","46","   23","78.3"
"CA001108380","VANCOUVER SEA ISLAND CCG, BC CA","2019-10-19","0.13",,,"49","51","46","   32","87.2"
"CA001108380","VANCOUVER SEA ISLAND CCG, BC CA","2019-10-20","0.37",,,"47","49","45","   14","73.8"
"CA001108380","VANCOUVER SEA ISLAND CCG, BC CA","2019-10-21","1.57",,,"48","51","45",,
"CA001108380","VANCOUVER SEA ISLAND CCG, BC CA","2019-10-22","0.01",,,"52","55","49","   31","91.7"
"CA001108380","VANCOUVER SEA ISLAND CCG, BC CA","2019-10-23","0.00",,,"48","55","40",,
"CA001108380","VANCOUVER SEA ISLAND CCG, BC CA","2019-10-24","0.00",,,"51","57","45",,
"CA001108380","VANCOUVER SEA ISLAND CCG, BC CA","2019-10-25","0.14",,,"52","55","48","   33","158.8"
"CA001108380","VANCOUVER SEA ISLAND CCG, BC CA","2019-10-26","0.01",,,"46","53","38","   35","76.1"
"CA001108380","VANCOUVER SEA ISLAND CCG, BC CA","2019-10-27","0.00",,,"43","52","34",,
"CA001108380","VANCOUVER SEA ISLAND CCG, BC CA","2019-10-28","0.01",,,"42","50","34",,
"CA001108380","VANCOUVER SEA ISLAND CCG, BC CA","2019-10-29","0.00",,,"42","49","35","   12","71.6"
"CA001108380","VANCOUVER SEA ISLAND CCG, BC CA","2019-10-30","0.00",,,"40","48","31",,
"CA001108380","VANCOUVER SEA ISLAND CCG, BC CA","2019-10-31","0.00",,,"42","49","36",,
"CA001108380","VANCOUVER SEA ISLAND CCG, BC CA","2019-11-01","0.00",,,"41","50","32",,
"CA001108380","VANCOUVER SEA ISLAND CCG, BC CA","2019-11-02","0.00",,,"42","50","35",,
"CA001108380","VANCOUVER SEA ISLAND CCG, BC CA","2019-11-03","0.00",,,"41","49","33",,
"CA001108380","VANCOUVER SEA ISLAND CCG, BC CA","2019-11-04",,,,"42","49","35",,
"CA001108380","VANCOUVER SEA ISLAND CCG, BC CA","2019-11-05",,,,"45","51","40",,
"CA001108380","VANCOUVER SEA ISLAND CCG, BC CA","2019-11-06",,,,"43","51","34",,
"CA001108380","VANCOUVER SEA ISLAND CCG, BC CA","2019-11-07",,,,"44","51","36",,
"CA001108380","VANCOUVER SEA ISLAND CCG, BC CA","2019-11-08",,,,"45","54","37",,
"CA001108380","VANCOUVER SEA ISLAND CCG, BC CA","2019-11-09",,,,"49","51","46",,
"CA001108380","VANCOUVER SEA ISLAND CCG, BC CA","2019-11-10",,,,"47","51","43",,
"CA001108380","VANCOUVER SEA ISLAND CCG, BC CA","2019-11-11",,,,"44","49","39","   35","73.8"
"CA001108380","VANCOUVER SEA ISLAND CCG, BC CA","2019-11-12",,,,"48","49","46",,
"CA001108380","VANCOUVER SEA ISLAND CCG, BC CA","2019-11-13",,,,"48","53","43",,
"CA001108380","VANCOUVER SEA ISLAND CCG, BC CA","2019-11-14",,,,"47","55","39",,
"CA001108380","VANCOUVER SEA ISLAND CCG, BC CA","2019-11-15",,,,"49","57","42",,
"CA001108380","VANCOUVER SEA ISLAND CCG, BC CA","2019-11-16",,,,"47","51","43",,
"CA001108380","VANCOUVER SEA ISLAND CCG, BC CA","2019-11-17",,,,"51","56","46","   15","76.1"
"CA001108380","VANCOUVER SEA ISLAND CCG, BC CA","2019-11-18",,,,"48","51","46",,
"CA001108380","VANCOUVER SEA ISLAND CCG, BC CA","2019-11-20",,,,"41","48","33",,
"CA001108380","VANCOUVER SEA ISLAND CCG, BC CA","2019-11-21",,,,"39","47","32",,
"CA001108380","VANCOUVER SEA ISLAND CCG, BC CA","2019-11-22",,,,"39","47","31",,
"CA001108380","VANCOUVER SEA ISLAND CCG, BC CA","2019-11-23",,,,"45","50","42","   20","80.5"
"CA001108380","VANCOUVER SEA ISLAND CCG, BC CA","2019-11-24",,,,"45","51","39","   31","120.8"
"CA001108380","VANCOUVER SEA ISLAND CCG, BC CA","2019-11-25",,,,"41","46","35","   35","71.6"
"CA001108380","VANCOUVER SEA ISLAND CCG, BC CA","2019-11-26",,,,"40","45","35",,
"CA001108380","VANCOUVER SEA ISLAND CCG, BC CA","2019-11-27",,,,"40","46","33","    9","94.0"
"CA001108380","VANCOUVER SEA ISLAND CCG, BC CA","2019-11-28",,,,"35","44","26",,
"CA001108380","VANCOUVER SEA ISLAND CCG, BC CA","2019-11-29",,,,"32","40","23",,
"CA001108380","VANCOUVER SEA ISLAND CCG, BC CA","2019-11-30",,,,"32","39","24",,
"CA001108380","VANCOUVER SEA ISLAND CCG, BC CA","2019-12-01",,,,"32","40","24",,
"CA001108380","VANCOUVER SEA ISLAND CCG, BC CA","2019-12-02",,,,"38","40","36",,
"CA001108380","VANCOUVER SEA ISLAND CCG, BC CA","2019-12-03",,,,"44","48","40",,
"CA001108380","VANCOUVER SEA ISLAND CCG, BC CA","2019-12-04",,,,"45","47","42","   35","82.8"
"CA001108380","VANCOUVER SEA ISLAND CCG, BC CA","2019-12-05",,,,"40","46","35",,
"CA001108380","VANCOUVER SEA ISLAND CCG, BC CA","2019-12-06",,,,"44","48","40",,
"CA001108380","VANCOUVER SEA ISLAND CCG, BC CA","2019-12-07",,,,"46","48","44",,
"CA001108380","VANCOUVER SEA ISLAND CCG, BC CA","2019-12-08",,,,"44","47","42",,
"CA001108380","VANCOUVER SEA ISLAND CCG, BC CA","2019-12-09",,,,"42","47","38",,
"CA001108380","VANCOUVER SEA ISLAND CCG, BC CA","2019-12-10",,,,"37","43","32",,
"CA001108380","VANCOUVER SEA ISLAND CCG, BC CA","2019-12-11",,,,"45","48","42","   12","73.8"
"CA001108380","VANCOUVER SEA ISLAND CCG, BC CA","2019-12-12",,,,"44","48","40",,
"CA001108380","VANCOUVER SEA ISLAND CCG, BC CA","2019-12-13",,,,"44","48","39",,
"CA001108380","VANCOUVER SEA ISLAND CCG, BC CA","2019-12-14",,,,"42","45","39",,
"CA001108380","VANCOUVER SEA ISLAND CCG, BC CA","2019-12-15",,,,"39","44","34",,
"CA001108380","VANCOUVER SEA ISLAND CCG, BC CA","2019-12-16",,,,"40","42","38",,
"CA001108380","VANCOUVER SEA ISLAND CCG, BC CA","2019-12-17",,,,"43","46","41",,
"CA001108380","VANCOUVER SEA ISLAND CCG, BC CA","2019-12-18",,,,"46","49","43","   18","78.3"
"CA001108380","VANCOUVER SEA ISLAND CCG, BC CA","2019-12-19",,,,"43","45","40","   13","94.0"
"CA001108380","VANCOUVER SEA ISLAND CCG, BC CA","2019-12-20",,,,"44","47","42",,
"CA001108380","VANCOUVER SEA ISLAND CCG, BC CA","2019-12-21",,,,"42","42","41",,
"CA001108380","VANCOUVER SEA ISLAND CCG, BC CA","2019-12-22",,,,"41","46","36",,
"CA001108380","VANCOUVER SEA ISLAND CCG, BC CA","2019-12-23",,,,"39","44","34",,
"CA001108380","VANCOUVER SEA ISLAND CCG, BC CA","2019-12-24",,,,"40","43","37",,
"CA001108380","VANCOUVER SEA ISLAND CCG, BC CA","2019-12-25",,,,"38","45","32",,
"CA001108380","VANCOUVER SEA ISLAND CCG, BC CA","2019-12-26",,,,"36","42","30","   15","80.5"
"CA001108380","VANCOUVER SEA ISLAND CCG, BC CA","2019-12-27",,,,"39","42","36",,
"CA001108380","VANCOUVER SEA ISLAND CCG, BC CA","2019-12-28",,,,"41","43","40",,
"CA001108380","VANCOUVER SEA ISLAND CCG, BC CA","2019-12-29",,,,"45","47","43",,
"CA001108380","VANCOUVER SEA ISLAND CCG, BC CA","2019-12-30",,,,"45","47","43",,
"CA001108380","VANCOUVER SEA ISLAND CCG, BC CA","2019-12-31",,,,"47","49","45","   20","94.0"
"CA001108380","VANCOUVER SEA ISLAND CCG, BC CA","2020-01-01",,,,"47","52","41","   32","134.2"
"CA001108380","VANCOUVER SEA ISLAND CCG, BC CA","2020-01-02",,,,"40","44","37","   32","116.3"
"CA001108380","VANCOUVER SEA ISLAND CCG, BC CA","2020-01-03",,,,"47","54","39","   23","109.6"
"CA001108380","VANCOUVER SEA ISLAND CCG, BC CA","2020-01-04",,,,"44","47","41","   30","107.4"
"CA001108380","VANCOUVER SEA ISLAND CCG, BC CA","2020-01-05",,,,"43","46","39","   34","143.2"
"CA001108380","VANCOUVER SEA ISLAND CCG, BC CA","2020-01-06",,,,"40","42","38",,
"CA001108380","VANCOUVER SEA ISLAND CCG, BC CA","2020-01-07",,,,"45","49","41","   32","105.1"
"CA001108380","VANCOUVER SEA ISLAND CCG, BC CA","2020-01-08",,,,"38","44","33","   33","107.4"
"CA001108380","VANCOUVER SEA ISLAND CCG, BC CA","2020-01-09",,,,"36","42","29",,
"CA001108380","VANCOUVER SEA ISLAND CCG, BC CA","2020-01-10",,,,"36","40","32","   13","85.0"
"CA001108380","VANCOUVER SEA ISLAND CCG, BC CA","2020-01-11",,,,"41","44","38","   32","145.4"
"CA001108380","VANCOUVER SEA ISLAND CCG, BC CA","2020-01-12",,,,"34","40","27","   32","138.7"
"CA001108380","VANCOUVER SEA ISLAND CCG, BC CA","2020-01-13",,,,"24","27","21",,
"CA001108380","VANCOUVER SEA ISLAND CCG, BC CA","2020-01-14",,,,"20","21","18",,
"CA001108380","VANCOUVER SEA ISLAND CCG, BC CA","2020-01-15",,,,"26","33","18","   12","105.1"
"CA001108380","VANCOUVER SEA ISLAND CCG, BC CA","2020-01-16",,,,"31","37","25","   14","111.8"
"CA001108380","VANCOUVER SEA ISLAND CCG, BC CA","2020-01-17",,,,"31","37","24","   12","76.1"
"CA001108380","VANCOUVER SEA ISLAND CCG, BC CA","2020-01-18",,,,"38","42","34","   14","87.2"
"CA001108380","VANCOUVER SEA ISLAND CCG, BC CA","2020-01-19",,,,"44","47","40",,
"CA001108380","VANCOUVER SEA ISLAND CCG, BC CA","2020-01-20",,,,"45","49","40",,
"CA001108380","VANCOUVER SEA ISLAND CCG, BC CA","2020-01-21",,,,"45","49","42","   22","94.0"
"CA001108380","VANCOUVER SEA ISLAND CCG, BC CA","2020-01-22",,,,"43","46","40","   22","73.8"
"CA001108380","VANCOUVER SEA ISLAND CCG, BC CA","2020-01-23",,,,"47","51","42","   13","76.1"
"CA001108380","VANCOUVER SEA ISLAND CCG, BC CA","2020-01-24",,,,"48","52","44","   22","69.3"
"CA001108380","VANCOUVER SEA ISLAND CCG, BC CA","2020-01-25",,,,"46","48","44",,
"CA001108380","VANCOUVER SEA ISLAND CCG, BC CA","2020-01-26",,,,"48","52","44","   13","78.3"
"CA001108380","VANCOUVER SEA ISLAND CCG, BC CA","2020-01-27",,,,"44","49","40","   23","78.3"
"CA001108380","VANCOUVER SEA ISLAND CCG, BC CA","2020-01-28",,,,"45","49","40","   13","78.3"
"CA001108380","VANCOUVER SEA ISLAND CCG, BC CA","2020-01-29",,,,"46","52","40","   20","73.8"
"CA001108380","VANCOUVER SEA ISLAND CCG, BC CA","2020-01-30",,,,"44","49","39",,
"CA001108380","VANCOUVER SEA ISLAND CCG, BC CA","2020-01-31",,,,"49","54","44","   21","76.1"
"CA001108380","VANCOUVER SEA ISLAND CCG, BC CA","2020-02-01",,,,"46","52","40","   32","123.0"
"CA001108380","VANCOUVER SEA ISLAND CCG, BC CA","2020-02-02",,,,"37","43","30",,
"CA001108380","VANCOUVER SEA ISLAND CCG, BC CA","2020-02-03",,,,"35","40","31","   34","78.3"
"CA001108380","VANCOUVER SEA ISLAND CCG, BC CA","2020-02-05",,,,"37","40","33",,
"CA001108380","VANCOUVER SEA ISLAND CCG, BC CA","2020-02-06","0.26",,,"40","42","38",,
"CA001108380","VANCOUVER SEA ISLAND CCG, BC CA","2020-02-07","0.06",,,"43","47","38","   23","80.5"
"CA001108380","VANCOUVER SEA ISLAND CCG, BC CA","2020-02-08","0.00",,,"42","47","37","   34","94.0"
"CA001108380","VANCOUVER SEA ISLAND CCG, BC CA","2020-02-09","0.00",,,"37","43","30",,
"CA001108380","VANCOUVER SEA ISLAND CCG, BC CA","2020-02-10","0.00",,,"40","47","34",,
"CA001108380","VANCOUVER SEA ISLAND CCG, BC CA","2020-02-11","0.00",,,"43","50","36",,
"CA001108380","VANCOUVER SEA ISLAND CCG, BC CA","2020-02-12","0.00",,,"44","46","41",,
"CA001108380","VANCOUVER SEA ISLAND CCG, BC CA","2020-02-13","0.06",,,"44","48","41","   21","69.3"
"CA001108380","VANCOUVER SEA ISLAND CCG, BC CA","2020-02-14","0.00",,,"42","47","38","   32","76.1"
"CA001108380","VANCOUVER SEA ISLAND CCG, BC CA","2020-02-15","0.31",,,"42","45","39",,
"CA001108380","VANCOUVER SEA ISLAND CCG, BC CA","2020-02-16","0.01",,,"44","47","40","   33","100.7"
"CA001108380","VANCOUVER SEA ISLAND CCG, BC CA","2020-02-17","0.01",,,"38","45","31","   32","91.7"
"CA001108380","VANCOUVER SEA ISLAND CCG, BC CA","2020-02-18","0.00",,,"37","44","30",,
"CA001108380","VANCOUVER SEA ISLAND CCG, BC CA","2020-02-19","0.00",,,"36","45","28",,
"CA001108380","VANCOUVER SEA ISLAND CCG, BC CA","2020-02-20","0.00",,,"37","46","28",,
"CA001108380","VANCOUVER SEA ISLAND CCG, BC CA","2020-02-21","0.00",,,"42","52","31",,
"CA001108380","VANCOUVER SEA ISLAND CCG, BC CA","2020-02-22","0.22",,,"43","47","40",,
"CA001108380","VANCOUVER SEA ISLAND CCG, BC CA","2020-02-23","0.35",,,"44","47","40","   32","102.9"
"CA001108380","VANCOUVER SEA ISLAND CCG, BC CA","2020-02-24","0.05",,,"42","46","39","   31","111.8"
"CA001108380","VANCOUVER SEA ISLAND CCG, BC CA","2020-02-25","0.01",,,"42","45","38",,
"CA001108380","VANCOUVER SEA ISLAND CCG, BC CA","2020-02-26","0.03",,,"43","49","37",,
"CA001108380","VANCOUVER SEA ISLAND CCG, BC CA","2020-02-27","0.12",,,"46","49","43",,
"CA001108380","VANCOUVER SEA ISLAND CCG, BC CA","2020-02-28","0.11",,,"44","46","41","   23","98.4"
"CA001108380","VANCOUVER SEA ISLAND CCG, BC CA","2020-02-29","0.01",,,"44","47","41","   32","98.4"
"CA001108380","VANCOUVER SEA ISLAND CCG, BC CA","2020-03-01","0.02",,,"39","45","34",,
"CA001108380","VANCOUVER SEA ISLAND CCG, BC CA","2020-03-02","0.62",,,"40","42","38",,
"CA001108380","VANCOUVER SEA ISLAND CCG, BC CA","2020-03-03","0.04",,,"43","47","38","   28","87.2"
"CA001108380","VANCOUVER SEA ISLAND CCG, BC CA","2020-03-04","0.00",,,"47","51","42","   27","98.4"
"CA001108380","VANCOUVER SEA ISLAND CCG, BC CA","2020-03-05","0.05",,,"45","47","42",,
"CA001108380","VANCOUVER SEA ISLAND CCG, BC CA","2020-03-06","0.00",,,"41","47","35",,
"CA001108380","VANCOUVER SEA ISLAND CCG, BC CA","2020-03-07","0.00",,,"39","46","32",,
"CA001108380","VANCOUVER SEA ISLAND CCG, BC CA","2020-03-08","0.00",,,"37","44","30",,
"CA001108380","VANCOUVER SEA ISLAND CCG, BC CA","2020-03-09","0.00",,,"37","45","30",,
"CA001108380","VANCOUVER SEA ISLAND CCG, BC CA","2020-03-10","0.09",,,"41","44","38","   13","69.3"
"CA001108380","VANCOUVER SEA ISLAND CCG, BC CA","2020-03-11","0.07",,,"43","47","38","   32","132.0"
"CA001108380","VANCOUVER SEA ISLAND CCG, BC CA","2020-03-12","0.02",,,"41","47","35","   32","105.1"
"CA001108380","VANCOUVER SEA ISLAND CCG, BC CA","2020-03-13","0.00",,,"42","48","35","   13","91.7"
"CA001108380","VANCOUVER SEA ISLAND CCG, BC CA","2020-03-14","0.00",,,"37","43","31","   14","82.8"
"CA001108380","VANCOUVER SEA ISLAND CCG, BC CA","2020-03-15","0.00",,,"35","44","26","   35","87.2"
"CA001108380","VANCOUVER SEA ISLAND CCG, BC CA","2020-03-16","0.00",,,"38","49","28",,
"CA001108380","VANCOUVER SEA ISLAND CCG, BC CA","2020-03-17","0.00",,,"40","49","31","   35","71.6"
"CA001108380","VANCOUVER SEA ISLAND CCG, BC CA","2020-03-18","0.00",,,"43","53","32",,
"CA001108380","VANCOUVER SEA ISLAND CCG, BC CA","2020-03-19","0.00",,,"43","52","33",,
"CA001108380","VANCOUVER SEA ISLAND CCG, BC CA","2020-03-21","0.00",,,"43","52","34",,
"CA001108380","VANCOUVER SEA ISLAND CCG, BC CA","2020-03-22","0.00",,,"45","51","39","   25","69.3"
"CA001108380","VANCOUVER SEA ISLAND CCG, BC CA","2020-03-23","0.12",,,"45","50","40",,
"CA001108380","VANCOUVER SEA ISLAND CCG, BC CA","2020-03-24","0.00",,,"43","47","38",,
"CA001108380","VANCOUVER SEA ISLAND CCG, BC CA","2020-03-25","0.00",,,"43","49","36",,
"CA001108380","VANCOUVER SEA ISLAND CCG, BC CA","2020-03-26","0.01",,,"42","48","37",,
"CA001108380","VANCOUVER SEA ISLAND CCG, BC CA","2020-03-27","0.14",,,"45","48","42",,
"CA001108380","VANCOUVER SEA ISLAND CCG, BC CA","2020-03-28","0.24",,,"48","51","45","   20","78.3"
"CA001108380","VANCOUVER SEA ISLAND CCG, BC CA","2020-03-29","0.00",,,"50","56","45","   26","76.1"
"CA001108380","VANCOUVER SEA ISLAND CCG, BC CA","2020-03-30","0.14",,,"46","49","42","   20","118.6"
"CA001108380","VANCOUVER SEA ISLAND CCG, BC CA","2020-03-31","0.00",,,"44","51","36",,
"CA001108380","VANCOUVER SEA ISLAND CCG, BC CA","2020-04-01","0.07",,,"42","49","35",,
"CA001108380","VANCOUVER SEA ISLAND CCG, BC CA","2020-04-02","0.00",,,"43","49","37",,
"CA001108380","VANCOUVER SEA ISLAND CCG, BC CA","2020-04-03","0.00",,,"42","46","38","   32","89.5"
"CA001108380","VANCOUVER SEA ISLAND CCG, BC CA","2020-04-04","0.00",,,"43","51","34",,
"CA001108380","VANCOUVER SEA ISLAND CCG, BC CA","2020-04-05","0.00",,,"45","51","38",,
"CA001108380","VANCOUVER SEA ISLAND CCG, BC CA","2020-04-06","0.00",,,"44","53","35",,
"CA001108380","VANCOUVER SEA ISLAND CCG, BC CA","2020-04-07","0.00",,,"47","53","40","   31","80.5"
"CA001108380","VANCOUVER SEA ISLAND CCG, BC CA","2020-04-08","0.00",,,"46","55","36",,
"CA001108380","VANCOUVER SEA ISLAND CCG, BC CA","2020-04-09","0.00",,,"47","56","39",,
"CA001108380","VANCOUVER SEA ISLAND CCG, BC CA","2020-04-10","0.00",,,"49","57","41",,
"CA001108380","VANCOUVER SEA ISLAND CCG, BC CA","2020-04-11","0.00",,,"50","56","44","   32","78.3"
"CA001108380","VANCOUVER SEA ISLAND CCG, BC CA","2020-04-12","0.00",,,"46","56","36",,
"CA001108380","VANCOUVER SEA ISLAND CCG, BC CA","2020-04-13","0.00",,,"48","58","37",,
"CA001108380","VANCOUVER SEA ISLAND CCG, BC CA","2020-04-14","0.00",,,"49","58","40",,
"CA001108380","VANCOUVER SEA ISLAND CCG, BC CA","2020-04-15","0.00",,,"50","60","40",,
"CA001108380","VANCOUVER SEA ISLAND CCG, BC CA","2020-04-16","0.00",,,"53","62","43",,
"CA001108380","VANCOUVER SEA ISLAND CCG, BC CA","2020-04-17","0.00",,,"52","60","44",,
"CA001108380","VANCOUVER SEA ISLAND CCG, BC CA","2020-04-18","0.02",,,"55","61","50",,
"CA001108380","VANCOUVER SEA ISLAND CCG, BC CA","2020-04-19","0.00",,,"55","62","49",,
"CA001108380","VANCOUVER SEA ISLAND CCG, BC CA","2020-04-20","0.00",,,"51","59","44",,
"CA001108380","VANCOUVER SEA ISLAND CCG, BC CA","2020-04-21","0.00",,,"53","58","48",,
"CA001108380","VANCOUVER SEA ISLAND CCG, BC CA","2020-04-22","0.37",,,"51","53","49",,
"CA001108380","VANCOUVER SEA ISLAND CCG, BC CA","2020-04-23","0.00",,,"52","60","44",,
"CA001108380","VANCOUVER SEA ISLAND CCG, BC CA","2020-04-24","0.02",,,"52","58","46",,
"CA001108380","VANCOUVER SEA ISLAND CCG, BC CA","2020-04-25","0.18",,,"55","60","51","   27","100.7"
"CA001108380","VANCOUVER SEA ISLAND CCG, BC CA","2020-04-26","0.09",,,"50","58","42","   15","69.3"
"CA001108380","VANCOUVER SEA ISLAND CCG, BC CA","2020-04-27","0.06",,,"54","59","48","   27","69.3"
"CA001108380","VANCOUVER SEA ISLAND CCG, BC CA","2020-04-28","0.00",,,"49","57","41",,
"CA001108380","VANCOUVER SEA ISLAND CCG, BC CA","2020-04-29","0.15",,,"51","59","43","   24","73.8"
"CA001108380","VANCOUVER SEA ISLAND CCG, BC CA","2020-04-30","0.00",,,"54","61","47","   25","76.1"
"CA001108380","VANCOUVER SEA ISLAND CCG, BC CA","2020-05-01","0.00",,,"54","60","48",,
"CA001108380","VANCOUVER SEA ISLAND CCG, BC CA","2020-05-02","0.31",,,"54","58","49","   16","85.0"
"CA001108380","VANCOUVER SEA ISLAND CCG, BC CA","2020-05-03","0.01",,,"50","56","44","   26","80.5"
"CA001108380","VANCOUVER SEA ISLAND CCG, BC CA","2020-05-04","0.02",,,"51","61","40",,
"CA001108380","VANCOUVER SEA ISLAND CCG, BC CA","2020-05-05","0.02",,,"52","60","45",,
"CA001108380","VANCOUVER SEA ISLAND CCG, BC CA","2020-05-06","0.16",,,"55","61","49","   33","87.2"
"CA001108380","VANCOUVER SEA ISLAND CCG, BC CA","2020-05-08","0.00",,,"57","70","44",,
"CA001108380","VANCOUVER SEA ISLAND CCG, BC CA","2020-05-09","0.00",,,"60","72","49",,
"CA001108380","VANCOUVER SEA ISLAND CCG, BC CA","2020-05-10","0.00",,,"62","74","51",,
"CA001108380","VANCOUVER SEA ISLAND CCG, BC CA","2020-05-11","0.04",,,"63","73","53",,
"CA001108380","VANCOUVER SEA ISLAND CCG, BC CA","2020-05-12","0.80",,,"59","65","52",,
"CA001108380","VANCOUVER SEA ISLAND CCG, BC CA","2020-05-13","0.02",,,"58","64","53",,
"CA001108380","VANCOUVER SEA ISLAND CCG, BC CA","2020-05-14","0.00",,,"56","62","50",,
"CA001108380","VANCOUVER SEA ISLAND CCG, BC CA","2020-05-15","0.00",,,"57","66","48",,
"CA001108380","VANCOUVER SEA ISLAND CCG, BC CA","2020-05-16","0.07",,,"57","61","53",,
"CA001108380","VANCOUVER SEA ISLAND CCG, BC CA","2020-05-17","0.26",,,"58","63","52","   11","91.7"
"CA001108380","VANCOUVER SEA ISLAND CCG, BC CA","2020-05-18","0.00",,,"56","63","48",,
"CA001108380","VANCOUVER SEA ISLAND CCG, BC CA","2020-05-19","0.00",,,"58","65","50",,
"CA001108380","VANCOUVER SEA ISLAND CCG, BC CA","2020-05-20","0.00",,,"56","63","50","   34","69.3"
"CA001108380","VANCOUVER SEA ISLAND CCG, BC CA","2020-05-21","0.00",,,"55","59","52","   34","85.0"
"CA001108380","VANCOUVER SEA ISLAND CCG, BC CA","2020-05-22","0.00",,,"57","64","51","   31","76.1"
"CA001108380","VANCOUVER SEA ISLAND CCG, BC CA","2020-05-23","0.02",,,"57","63","50",,
"CA001108380","VANCOUVER SEA ISLAND CCG, BC CA","2020-05-24","0.03",,,"58","64","52",,
"CA001108380","VANCOUVER SEA ISLAND CCG, BC CA","2020-05-25","0.43",,,"58","63","54",,
"CA001108380","VANCOUVER SEA ISLAND CCG, BC CA","2020-05-26","0.01",,,"58","63","52","   35","73.8"
"CA001108380","VANCOUVER SEA ISLAND CCG, BC CA","2020-05-27","0.00",,,"56","67","46",,
"CA001108380","VANCOUVER SEA ISLAND CCG, BC CA","2020-05-28","0.00",,,"63","72","53",,
"CA001108380","VANCOUVER SEA ISLAND CCG, BC CA","2020-05-29","0.00",,,"62","69","55",,
"CA001108380","VANCOUVER SEA ISLAND CCG, BC CA","2020-05-30","0.11",,,"56","61","52",,
"CA001108380","VANCOUVER SEA ISLAND CCG, BC CA","2020-05-31","0.00",,,"57","63","50",,
"CA001108380","VANCOUVER SEA ISLAND CCG, BC CA","2020-06-01","0.00",,,"55","65","45",,
"CA001108380","VANCOUVER SEA ISLAND CCG, BC CA","2020-06-02","0.12",,,"55","59","51",,
"CA001108380","VANCOUVER SEA ISLAND CCG, BC CA","2020-06-03","0.00",,,"56","62","49",,
"CA001108380","VANCOUVER SEA ISLAND CCG, BC CA","2020-06-04","0.00",,,"58","66","51",,
"CA001108380","VANCOUVER SEA ISLAND CCG, BC CA","2020-06-05","0.00",,,"56","63","48",,
"CA001108380","VANCOUVER SEA ISLAND CCG, BC CA","2020-06-06","0.26",,,"57","63","51",,
"CA001108380","VANCOUVER SEA ISLAND CCG, BC CA","2020-06-07","0.00",,,"56","63","48","   29","71.6"
"CA001108380","VANCOUVER SEA ISLAND CCG, BC CA","2020-06-08","0.00",,,"60","64","55",,
"CA001108380","VANCOUVER SEA ISLAND CCG, BC CA","2020-06-09","0.29",,,"54","58","51",,
"CA001108380","VANCOUVER SEA ISLAND CCG, BC CA","2020-06-10","0.06",,,"62","68","54",,
"CA001108380","VANCOUVER SEA ISLAND CCG, BC CA","2020-06-11","0.00",,,"62","68","57",,
"CA001108380","VANCOUVER SEA ISLAND CCG, BC CA","2020-06-12","0.43",,,"58","62","54",,
"CA001108380","VANCOUVER SEA ISLAND CCG, BC CA","2020-06-13","0.00",,,"56","61","51",,
"CA001108380","VANCOUVER SEA ISLAND CCG, BC CA","2020-06-14","0.00",,,"59","65","53",,
"CA001108380","VANCOUVER SEA ISLAND CCG, BC CA","2020-06-15","0.19",,,"55","57","53",,
"CA001108380","VANCOUVER SEA ISLAND CCG, BC CA","2020-06-16","0.00",,,"57","65","49",,
"CA001108380","VANCOUVER SEA ISLAND CCG, BC CA","2020-06-17","0.00",,,"59","70","49",,
"CA001108380","VANCOUVER SEA ISLAND CCG, BC CA","2020-06-18","0.00",,,"61","70","52",,
"CA001108380","VANCOUVER SEA ISLAND CCG, BC CA","2020-06-19","0.00",,,"66","76","56",,
"CA001108380","VANCOUVER SEA ISLAND CCG, BC CA","2020-06-20","0.16",,,"63","69","58",,
"CA001108380","VANCOUVER SEA ISLAND CCG, BC CA","2020-06-21","0.00",,,"63","70","57",,
"CA001108380","VANCOUVER SEA ISLAND CCG, BC CA","2020-06-22","0.00",,,"63","72","54",,
"CA001108380","VANCOUVER SEA ISLAND CCG, BC CA","2020-06-23","0.02",,,"63","69","58",,
"CA001108380","VANCOUVER SEA ISLAND CCG, BC CA","2020-06-24","0.20",,,"65","71","60",,
"CA001108380","VANCOUVER SEA ISLAND CCG, BC CA","2020-06-25","0.00",,,"64","71","58",,
"CA001108380","VANCOUVER SEA ISLAND CCG, BC CA","2020-06-26","0.00",,,"63","70","57",,
"CA001108380","VANCOUVER SEA ISLAND CCG, BC CA","2020-06-27","0.00",,,"61","66","56","   31","89.5"
"CA001108380","VANCOUVER SEA ISLAND CCG, BC CA","2020-06-28","0.01",,,"62","71","52",,
"CA001108380","VANCOUVER SEA ISLAND CCG, BC CA","2020-06-29","0.00",,,"63","72","54",,
"CA001108380","VANCOUVER SEA ISLAND CCG, BC CA","2020-06-30","0.04",,,"62","68","56",,
"CA001108380","VANCOUVER SEA ISLAND CCG, BC CA","2020-07-01","0.04",,,"56","58","54",,
"CA001108380","VANCOUVER SEA ISLAND CCG, BC CA","2020-07-02","0.00",,,"60","64","55","   18","69.3"
"CA001108380","VANCOUVER SEA ISLAND CCG, BC CA","2020-07-03","0.48",,,"56","58","54",,
"CA001108380","VANCOUVER SEA ISLAND CCG, BC CA","2020-07-04","0.00",,,"61","67","54",,
"CA001108380","VANCOUVER SEA ISLAND CCG, BC CA","2020-07-05","0.00",,,"60","71","50",,
"CA001108380","VANCOUVER SEA ISLAND CCG, BC CA","2020-07-06","0.00",,,"62","70","53",,
"CA001108380","VANCOUVER SEA ISLAND CCG, BC CA","2020-07-07","0.00",,,"62","67","56",,
"CA001108380","VANCOUVER SEA ISLAND CCG, BC CA","2020-07-08","0.00",,,"63","71","56",,
"CA001108380","VANCOUVER SEA ISLAND CCG, BC CA","2020-07-09","0.11",,,"63","69","56",,
"CA001108380","VANCOUVER SEA ISLAND CCG, BC CA","2020-07-10","0.00",,,"61","70","53",,
"CA001108380","VANCOUVER SEA ISLAND CCG, BC CA","2020-07-11","0.07",,,"59","63","55",,
"CA001108380","VANCOUVER SEA ISLAND CCG, BC CA","2020-07-12","0.00",,,"60","68","52",,
"CA001108380","VANCOUVER SEA ISLAND CCG, BC CA","2020-07-13","0.00",,,"59","68","50",,
"CA001108380","VANCOUVER SEA ISLAND CCG, BC CA","2020-07-14","0.00",,,"62","71","53",,
"CA001108380","VANCOUVER SEA ISLAND CCG, BC CA","2020-07-15","0.00",,,"65","75","55",,
"CA001108380","VANCOUVER SEA ISLAND CCG, BC CA","2020-07-16","0.00",,,"68","77","59",,
"CA001108380","VANCOUVER SEA ISLAND CCG, BC CA","2020-07-17","0.00",,,"65","71","59",,
"CA001108380","VANCOUVER SEA ISLAND CCG, BC CA","2020-07-18","0.00",,,"64","74","55",,
"CA001108380","VANCOUVER SEA ISLAND CCG, BC CA","2020-07-19","0.00",,,"66","74","59","   34","82.8"
"CA001108380","VANCOUVER SEA ISLAND CCG, BC CA","2020-07-20","0.00",,,"69","75","63","   35","78.3"
"CA001108380","VANCOUVER SEA ISLAND CCG, BC CA","2020-07-21","0.00",,,"71","82","59",,
"CA001108380","VANCOUVER SEA ISLAND CCG, BC CA","2020-07-22","0.00",,,"68","77","60",,
"CA001108380","VANCOUVER SEA ISLAND CCG, BC CA","2020-07-23","0.00",,,"65","71","58",,
"CA001108380","VANCOUVER SEA ISLAND CCG, BC CA","2020-07-24","0.00",,,"63","70","57",,
"CA001108380","VANCOUVER SEA ISLAND CCG, BC CA","2020-07-25","0.00",,,"62","71","52",,
"CA001108380","VANCOUVER SEA ISLAND CCG, BC CA","2020-07-26","0.00",,,"67","78","55",,
"CA001108380","VANCOUVER SEA ISLAND CCG, BC CA","2020-07-27","0.00",,,"69","77","60",,
"CA001108380","VANCOUVER SEA ISLAND CCG, BC CA","2020-07-28","0.00",,,"67","74","59",,
"CA001108380","VANCOUVER SEA ISLAND CCG, BC CA","2020-07-29","0.00",,,"65","76","54",,
"CA001108380","VANCOUVER SEA ISLAND CCG, BC CA","2020-07-30","0.00",,,"68","79","58",,
"CA001108380","VANCOUVER SEA ISLAND CCG, BC CA","2020-07-31","0.00",,,"70","78","62",,
"CA001108380","VANCOUVER SEA ISLAND CCG, BC CA","2020-08-01","0.00",,,"68","78","58",,
"CA001108380","VANCOUVER SEA ISLAND CCG, BC CA","2020-08-02","0.00",,,"68","77","59",,
"CA001108380","VANCOUVER SEA ISLAND CCG, BC CA","2020-08-03","0.00",,,"69","80","58",,
"CA001108380","VANCOUVER SEA ISLAND CCG, BC CA","2020-08-04","0.00",,,"69","76","61",,
"CA001108380","VANCOUVER SEA ISLAND CCG, BC CA","2020-08-05","0.00",,,"69","80","58",,
"CA001108380","VANCOUVER SEA ISLAND CCG, BC CA","2020-08-06","1.69",,,"64","70","58","   32","89.5"
"CA001108380","VANCOUVER SEA ISLAND CCG, BC CA","2020-08-07","0.15",,,"62","68","57",,
"CA001108380","VANCOUVER SEA ISLAND CCG, BC CA","2020-08-08","0.06",,,"63","69","58","   32","73.8"
"CA001108380","VANCOUVER SEA ISLAND CCG, BC CA","2020-08-09","0.00",,,"62","71","53",,
"CA001108380","VANCOUVER SEA ISLAND CCG, BC CA","2020-08-10","0.00",,,"64","71","57",,
"CA001108380","VANCOUVER SEA ISLAND CCG, BC CA","2020-08-11","0.00",,,"63","68","58",,
"CA001108380","VANCOUVER SEA ISLAND CCG, BC CA","2020-08-12","0.00",,,"63","70","57","   31","69.3"
"CA001108380","VANCOUVER SEA ISLAND CCG, BC CA","2020-08-13","0.00",,,"61","70","51",,
"CA001108380","VANCOUVER SEA ISLAND CCG, BC CA","2020-08-14","0.00",,,"63","74","53",,
"CA001108380","VANCOUVER SEA ISLAND CCG, BC CA","2020-08-15","0.00",,,"66","75","57",,
"CA001108380","VANCOUVER SEA ISLAND CCG, BC CA","2020-08-16","0.00",,,"70","82","59",,
"CA001108380","VANCOUVER SEA ISLAND CCG, BC CA","2020-08-17","0.00",,,"75","86","64",,
"CA001108380","VANCOUVER SEA ISLAND CCG, BC CA","2020-08-18","0.00",,,"70","79","61",,
"CA001108380","VANCOUVER SEA ISLAND CCG, BC CA","2020-08-19","0.00",,,"67","77","58",,
"CA001108380","VANCOUVER SEA ISLAND CCG, BC CA","2020-08-20","0.23",,,"66","73","60",,
"CA001108380","VANCOUVER SEA ISLAND CCG, BC CA","2020-08-21","0.44",,,"66","71","62","   22","69.3"
"CA001108380","VANCOUVER SEA ISLAND CCG, BC CA","2020-08-22","0.00",,,"62","71","53",,
"CA001108380","VANCOUVER SEA ISLAND CCG, BC CA","2020-08-23","0.00",,,"62","69","55",,
"CA001108380","VANCOUVER SEA ISLAND CCG, BC CA","2020-08-24","0.01",,,"64","69","59",,
"CA001108380","VANCOUVER SEA ISLAND CCG, BC CA","2020-08-25","0.00",,,"62","69","55",,
"CA001108380","VANCOUVER SEA ISLAND CCG, BC CA","2020-08-26","0.00",,,"62","70","54",,
"CA001108380","VANCOUVER SEA ISLAND CCG, BC CA","2020-08-27","0.00",,,"62","71","53",,
"CA001108380","VANCOUVER SEA ISLAND CCG, BC CA","2020-08-28","0.00",,,"64","74","53","   36","80.5"
"CA001108380","VANCOUVER SEA ISLAND CCG, BC CA","2020-08-29","0.00",,,"63","68","58","   33","98.4"
"CA001108380","VANCOUVER SEA ISLAND CCG, BC CA","2020-08-30","0.04",,,"60","70","50",,
"CA001108380","VANCOUVER SEA ISLAND CCG, BC CA","2020-08-31","0.00",,,"62","68","56",,
"CA001108380","VANCOUVER SEA ISLAND CCG, BC CA","2020-09-01","0.00",,,"67","73","60",,
"CA001108380","VANCOUVER SEA ISLAND CCG, BC CA","2020-09-02","0.00",,,"65","73","56",,
"CA001108380","VANCOUVER SEA ISLAND CCG, BC CA","2020-09-03","0.00",,,"63","72","55",,
"CA001108380","VANCOUVER SEA ISLAND CCG, BC CA","2020-09-04","0.00",,,"66","75","56",,
"CA001108380","VANCOUVER SEA ISLAND CCG, BC CA","2020-09-05","0.00",,,"65","73","58",,
"CA001108380","VANCOUVER SEA ISLAND CCG, BC CA","2020-09-06","0.00",,,"64","71","58",,
"CA001108380","VANCOUVER SEA ISLAND CCG, BC CA","2020-09-07","0.00",,,"67","76","59",,
"CA001108380","VANCOUVER SEA ISLAND CCG, BC CA","2020-09-08","0.01",,,"63","75","51",,
"CA001108380","VANCOUVER SEA ISLAND CCG, BC CA","2020-09-09","0.01",,,"63","74","53",,
"CA001108380","VANCOUVER SEA ISLAND CCG, BC CA","2020-09-10","0.00",,,"66","76","55",,
"CA001108380","VANCOUVER SEA ISLAND CCG, BC CA","2020-09-11","0.00",,,"67","76","57",,
"CA001108380","VANCOUVER SEA ISLAND CCG, BC CA","2020-09-12","0.00",,,"59","64","54",,
"CA001108380","VANCOUVER SEA ISLAND CCG, BC CA","2020-09-13","0.00",,,"58","64","51",,
"CA001108380","VANCOUVER SEA ISLAND CCG, BC CA","2020-09-14","0.04",,,"58","64","51",,
"CA001108380","VANCOUVER SEA ISLAND CCG, BC CA","2020-09-15","0.07",,,"66","72","60",,
"CA001108380","VANCOUVER SEA ISLAND CCG, BC CA","2020-09-16","0.00",,,"64","69","59",,
"CA001108380","VANCOUVER SEA ISLAND CCG, BC CA","2020-09-17","0.00",,,"63","68","59",,
"CA001108380","VANCOUVER SEA ISLAND CCG, BC CA","2020-09-18","0.00",,,"62","66","57",,
"CA001108380","VANCOUVER SEA ISLAND CCG, BC CA","2020-09-19","0.14",,,"61","65","56",,
"CA001108380","VANCOUVER SEA ISLAND CCG, BC CA","2020-09-20","0.00",,,"63","71","54",,
"CA001108380","VANCOUVER SEA ISLAND CCG, BC CA","2020-09-21","0.03",,,"62","72","53",,
"CA001108380","VANCOUVER SEA ISLAND CCG, BC CA","2020-09-22","0.00",,,"62","70","54",,
"CA001108380","VANCOUVER SEA ISLAND CCG, BC CA","2020-09-23","1.70",,,"60","63","57","   20","89.5"
"CA001108380","VANCOUVER SEA ISLAND CCG, BC CA","2020-09-24","0.51",,,"60","65","55","   25","80.5"
"CA001108380","VANCOUVER SEA ISLAND CCG, BC CA","2020-09-25","0.60",,,"61","67","56","   21","100.7"
"CA001108380","VANCOUVER SEA ISLAND CCG, BC CA","2020-09-26","0.04",,,"55","60","50",,
"CA001108380","VANCOUVER SEA ISLAND CCG, BC CA","2020-09-27","0.00",,,"56","63","49",,
"CA001108380","VANCOUVER SEA ISLAND CCG, BC CA","2020-09-28","0.00",,,"57","64","49",,
"CA001108380","VANCOUVER SEA ISLAND CCG, BC CA","2020-09-29","0.00",,,"59","67","51",,
"CA001108380","VANCOUVER SEA ISLAND CCG, BC CA","2020-09-30","0.00",,,"61","70","51",,
"CA001108380","VANCOUVER SEA ISLAND CCG, BC CA","2020-10-01","0.00",,,"60","67","53",,
"CA001108380","VANCOUVER SEA ISLAND CCG, BC CA","2020-10-02","0.00",,,"58","68","49",,
"CA001108380","VANCOUVER SEA ISLAND CCG, BC CA","2020-10-03","0.00",,,"59","67","51",,
"CA001108380","VANCOUVER SEA ISLAND CCG, BC CA","2020-10-04","0.00",,,"58","61","55",,
"CA001108380","VANCOUVER SEA ISLAND CCG, BC CA","2020-10-05","0.00",,,"57","64","50",,
"CA001108380","VANCOUVER SEA ISLAND CCG, BC CA","2020-10-06","0.00",,,"56","62","51",,
"CA001108380","VANCOUVER SEA ISLAND CCG, BC CA","2020-10-07","0.00",,,"56","61","50",,
"CA001108380","VANCOUVER SEA ISLAND CCG, BC CA","2020-10-08","0.00",,,"61","67","55",,
"CA001108380","VANCOUVER SEA ISLAND CCG, BC CA","2020-10-09","0.57",,,"57","58","56",,
"CA001108380","VANCOUVER SEA ISLAND CCG, BC CA","2020-10-10","0.46",,,"57","60","54","   20","82.8"
"CA001108380","VANCOUVER SEA ISLAND CCG, BC CA","2020-10-11","0.57",,,"49","55","44","   12","78.3"
"CA001108380","VANCOUVER SEA ISLAND CCG, BC CA","2020-10-12","0.01",,,"53","58","48","   32","118.6"
"CA001108380","VANCOUVER SEA ISLAND CCG, BC CA","2020-10-13","0.56",,,"53","60","45","   26","109.6"
"CA001108380","VANCOUVER SEA ISLAND CCG, BC CA","2020-10-14","0.00",,,"51","57","44","   32","76.1"
"CA001108380","VANCOUVER SEA ISLAND CCG, BC CA","2020-10-15","0.01",,,"48","55","42","   32","69.3"
"CA001108380","VANCOUVER SEA ISLAND CCG, BC CA","2020-10-16","0.11",,,"53","58","49","    8","69.3"
"CA001108380","VANCOUVER SEA ISLAND CCG, BC CA","2020-10-17","0.01",,,"53","56","50","   32","87.2"
"CA001108380","VANCOUVER SEA ISLAND CCG, BC CA","2020-10-18","0.41",,,"50","54","47",,
"CA001108380","VANCOUVER SEA ISLAND CCG, BC CA","2020-10-19","0.00",,,"53","55","50",,
"CA001108380","VANCOUVER SEA ISLAND CCG, BC CA","2020-10-20","0.00",,,"51","56","47",,
"CA001108380","VANCOUVER SEA ISLAND CCG, BC CA","2020-10-21","0.00",,,"49","54","43","   32","102.9"
"CA001108380","VANCOUVER SEA ISLAND CCG, BC CA","2020-10-22","0.00",,,"47","53","41",,
"CA001108380","VANCOUVER SEA ISLAND CCG, BC CA","2020-10-23","0.55",,,"41","44","38","   12","69.3"
"CA001108380","VANCOUVER SEA ISLAND CCG, BC CA","2020-10-24","0.00",,,"42","51","32",,
"CA001108380","VANCOUVER SEA ISLAND CCG, BC CA","2020-10-25","0.00",,,"35","44","27","   14","71.6"
"CA001108380","VANCOUVER SEA ISLAND CCG, BC CA","2020-10-26","0.02",,,"40","44","36",,
"CA001108380","VANCOUVER SEA ISLAND CCG, BC CA","2020-10-27","0.00",,,"46","50","42",,
"CA001108380","VANCOUVER SEA ISLAND CCG, BC CA","2020-10-28","0.00",,,"54","59","50",,
"CA001108380","VANCOUVER SEA ISLAND CCG, BC CA","2020-10-29","0.00",,,"53","56","51",,
"CA001108380","VANCOUVER SEA ISLAND CCG, BC CA","2020-10-30","0.14",,,"50","54","47","   32","96.2"
"CA001108380","VANCOUVER SEA ISLAND CCG, BC CA","2020-10-31","0.00",,,"43","51","35",,
"CA001108380","VANCOUVER SEA ISLAND CCG, BC CA","2020-11-01","0.00",,,"44","52","36",,
"CA001108380","VANCOUVER SEA ISLAND CCG, BC CA","2020-11-02","0.00",,,"47","59","36",,
"CA001108380","VANCOUVER SEA ISLAND CCG, BC CA","2020-11-03","1.35",,,"50","52","47",,
"CA001108380","VANCOUVER SEA ISLAND CCG, BC CA","2020-11-04","0.28",,,"56","60","52","   20","85.0"
"CA001108380","VANCOUVER SEA ISLAND CCG, BC CA","2020-11-05","0.00",,,"50","59","41","   26","87.2"
"CA001108380","VANCOUVER SEA ISLAND CCG, BC CA","2020-11-06","0.00",,,"44","48","40","   34","98.4"
"CA001108380","VANCOUVER SEA ISLAND CCG, BC CA","2020-11-07","0.00",,,"43","48","38","   34","78.3"
"CA001108380","VANCOUVER SEA ISLAND CCG, BC CA","2020-11-08","0.00",,,"39","50","28",,
"CA001108380","VANCOUVER SEA ISLAND CCG, BC CA","2020-11-09","0.11",,,"35","40","31",,
"CA001108380","VANCOUVER SEA ISLAND CCG, BC CA","2020-11-10","0.15",,,"38","43","34",,
"CA001108380","VANCOUVER SEA ISLAND CCG, BC CA","2020-11-11","0.00",,,"36","41","30",,
"CA001108380","VANCOUVER SEA ISLAND CCG, BC CA","2020-11-12","0.95",,,"40","43","37","   12","82.8"
"CA001108380","VANCOUVER SEA ISLAND CCG, BC CA","2020-11-13","1.31",,,"43","47","40","   32","111.8"
"CA001108380","VANCOUVER SEA ISLAND CCG, BC CA","2020-11-14","0.24",,,"41","47","35","   12","80.5"
"CA001108380","VANCOUVER SEA ISLAND CCG, BC CA","2020-11-15","0.06",,,"46","53","40","   28","116.3"
"CA001108380","VANCOUVER SEA ISLAND CCG, BC CA","2020-11-16","0.76",,,"44","46","43",,
"CA001108380","VANCOUVER SEA ISLAND CCG, BC CA","2020-11-17","0.16",,,"49","58","41","   20","127.5"
"CA001108380","VANCOUVER SEA ISLAND CCG, BC CA","2020-11-18","0.61",,,"46","48","43",,
"CA001108380","VANCOUVER SEA ISLAND CCG, BC CA","2020-11-19","0.17",,,"44","50","38",,
"CA001108380","VANCOUVER SEA ISLAND CCG, BC CA","2020-11-20","0.09",,,"46","49","43",,
"CA001108380","VANCOUVER SEA ISLAND CCG, BC CA","2020-11-21","0.00",,,"43","49","36",,
"CA001108380","VANCOUVER SEA ISLAND CCG, BC CA","2020-11-22","0.08",,,"40","45","35",,
"CA001108380","VANCOUVER SEA ISLAND CCG, BC CA","2020-11-23","0.35",,,"43","45","41",,
"CA001108380","VANCOUVER SEA ISLAND CCG, BC CA","2020-11-24","0.37",,,"45","47","42","   24","89.5"
"CA001108380","VANCOUVER SEA ISLAND CCG, BC CA","2020-11-25","0.05",,,"44","48","39",,
"CA001108380","VANCOUVER SEA ISLAND CCG, BC CA","2020-11-26","0.07",,,"43","46","39","   21","71.6"
"CA001108380","VANCOUVER SEA ISLAND CCG, BC CA","2020-11-27","0.04",,,"47","50","44","   21","82.8"
"CA001108380","VANCOUVER SEA ISLAND CCG, BC CA","2020-11-28","0.00",,,"42","48","36",,
"CA001108380","VANCOUVER SEA ISLAND CCG, BC CA","2020-11-29","0.00",,,"39","46","31",,
"CA001108380","VANCOUVER SEA ISLAND CCG, BC CA","2020-11-30","0.14",,,"46","49","43","   34","136.5"
"CA001108380","VANCOUVER SEA ISLAND CCG, BC CA","2020-12-01","0.00",,,"39","46","32",,
"CA001108380","VANCOUVER SEA ISLAND CCG, BC CA","2020-12-02","0.00",,,"38","46","29",,
"CA001108380","VANCOUVER SEA ISLAND CCG, BC CA","2020-12-03","0.00",,,"38","46","30",,
"CA001108380","VANCOUVER SEA ISLAND CCG, BC CA","2020-12-04","0.00",,,"43","52","35",,
"CA001108380","VANCOUVER SEA ISLAND CCG, BC CA","2020-12-05","0.00",,,"42","55","29",,
"CA001108380","VANCOUVER SEA ISLAND CCG, BC CA","2020-12-06","0.10",,,"46","52","40",,
"CA001108380","VANCOUVER SEA ISLAND CCG, BC CA","2020-12-07","0.41",,,"49","50","47","   11","76.1"
"CA001108380","VANCOUVER SEA ISLAND CCG, BC CA","2020-12-08","0.56",,,"47","51","43","   15","78.3"
"CA001108380","VANCOUVER SEA ISLAND CCG, BC CA","2020-12-09","0.00",,,"45","50","40",,
"CA001108380","VANCOUVER SEA ISLAND CCG, BC CA","2020-12-10","0.00",,,"42","45","38",,
"CA001108380","VANCOUVER SEA ISLAND CCG, BC CA","2020-12-11","0.34",,,"39","44","34",,
"CA001108380","VANCOUVER SEA ISLAND CCG, BC CA","2020-12-12","0.01",,,"36","44","28",,
"CA001108380","VANCOUVER SEA ISLAND CCG, BC CA","2020-12-13","0.41",,,"37","41","34",,
"CA001108380","VANCOUVER SEA ISLAND CCG, BC CA","2020-12-14","0.06",,,"44","47","40",,
"CA001108380","VANCOUVER SEA ISLAND CCG, BC CA","2020-12-15","0.27",,,"45","49","42","   17","85.0"
"CA001108380","VANCOUVER SEA ISLAND CCG, BC CA","2020-12-16","0.28",,,"46","48","44","   13","87.2"
"CA001108380","VANCOUVER SEA ISLAND CCG, BC CA","2020-12-17","0.36",,,"44","48","41",,
"CA001108380","VANCOUVER SEA ISLAND CCG, BC CA","2020-12-18","0.76",,,"45","48","43","   21","107.4"
"CA001108380","VANCOUVER SEA ISLAND CCG, BC CA","2020-12-19","0.78",,,"44","48","41","   32","118.6"
"CA001108380","VANCOUVER SEA ISLAND CCG, BC CA","2020-12-20","0.00",,,"45","50","41","   24","76.1"
"CA001108380","VANCOUVER SEA ISLAND CCG, BC CA","2020-12-21","1.20",,,"39","42","36","   34","78.3"
"CA001108380","VANCOUVER SEA ISLAND CCG, BC CA","2020-12-22","0.01",,,"37","44","29",,
"CA001108380","VANCOUVER SEA ISLAND CCG, BC CA","2020-12-23","0.00",,,"35","42","29",,
"CA001108380","VANCOUVER SEA ISLAND CCG, BC CA","2020-12-24","0.00",,,"33","40","25",,
"CA001108380","VANCOUVER SEA ISLAND CCG, BC CA","2020-12-25","0.30",,,"38","45","32",,
"CA001108380","VANCOUVER SEA ISLAND CCG, BC CA","2020-12-26","0.14",,,"44","47","41","   21","82.8"
"CA001108380","VANCOUVER SEA ISLAND CCG, BC CA","2020-12-27","0.21",,,"41","44","37",,
"CA001108380","VANCOUVER SEA ISLAND CCG, BC CA","2020-12-28","0.02",,,"42","44","39","   35","71.6"
"CA001108380","VANCOUVER SEA ISLAND CCG, BC CA","2020-12-29","0.33",,,"39","42","36",,
"CA001108380","VANCOUVER SEA ISLAND CCG, BC CA","2020-12-30","1.40",,,"40","43","38","   12","80.5"
"CA001108380","VANCOUVER SEA ISLAND CCG, BC CA","2021-01-15","0.07",,,"46","52","40","    7","78.3"
"CA001108380","VANCOUVER SEA ISLAND CCG, BC CA","2021-01-16","0.07",,,"42","45","39",,
"CA001108380","VANCOUVER SEA ISLAND CCG, BC CA","2021-01-17","0.02",,,"44","49","40",,
"CA001108380","VANCOUVER SEA ISLAND CCG, BC CA","2021-01-18","0.00",,,"39","45","33",,
"CA001108380","VANCOUVER SEA ISLAND CCG, BC CA","2021-01-19","0.00",,,"40","46","34",,
"CA001108380","VANCOUVER SEA ISLAND CCG, BC CA","2021-01-20","0.00",,,"42","45","39",,
"CA001108380","VANCOUVER SEA ISLAND CCG, BC CA","2021-01-21","0.01",,,"40","46","34",,
"CA001108380","VANCOUVER SEA ISLAND CCG, BC CA","2021-01-22","0.00",,,"36","42","29",,
"CA001108380","VANCOUVER SEA ISLAND CCG, BC CA","2021-01-23","0.00",,,"34","42","25",,
"CA001108380","VANCOUVER SEA ISLAND CCG, BC CA","2021-01-24","0.43",,,"36","37","34",,
"CA001108380","VANCOUVER SEA ISLAND CCG, BC CA","2021-01-25","0.48",,,"38","42","35",,
"CA001108380","VANCOUVER SEA ISLAND CCG, BC CA","2021-01-26","0.00",,,"41","46","35","    9","73.8"
"CA001108380","VANCOUVER SEA ISLAND CCG, BC CA","2021-01-27","0.02",,,"38","42","34","    6","82.8"
"CA001108380","VANCOUVER SEA ISLAND CCG, BC CA","2021-01-28","0.06",,,"40","45","36",,
"CA001108380","VANCOUVER SEA ISLAND CCG, BC CA","2021-01-29","0.00",,,"41","45","37",,
"CA001108380","VANCOUVER SEA ISLAND CCG, BC CA","2021-01-30","0.06",,,"42","44","40",,
"CA001108380","VANCOUVER SEA ISLAND CCG, BC CA","2021-01-31","0.24",,,"43","45","42",,
"CA001108380","VANCOUVER SEA ISLAND CCG, BC CA","2021-02-01","0.70",,,"43","46","41",,
"CA001108380","VANCOUVER SEA ISLAND CCG, BC CA","2021-02-02","0.50",,,"42","44","39",,
"CA001108380","VANCOUVER SEA ISLAND CCG, BC CA","2021-02-03","0.00",,,"40","45","35",,
"CA001108380","VANCOUVER SEA ISLAND CCG, BC CA","2021-02-04","0.27",,,"41","44","38",,
"CA001108380","VANCOUVER SEA ISLAND CCG, BC CA","2021-02-05","0.04",,,"44","47","40","   27","118.6"
"CA001108380","VANCOUVER SEA ISLAND CCG, BC CA","2021-02-06","0.06",,,"45","48","41","   29","125.3"
"CA001108380","VANCOUVER SEA ISLAND CCG, BC CA","2021-02-07","0.01",,,"42","46","38","   28","132.0"
"CA001108380","VANCOUVER SEA ISLAND CCG, BC CA","2021-02-08","0.00",,,"35","42","27","   27","76.1"
"CA001108380","VANCOUVER SEA ISLAND CCG, BC CA","2021-02-09","0.00",,,"32","37","26",,
"CA001108380","VANCOUVER SEA ISLAND CCG, BC CA","2021-02-10","0.00",,,"30","33","26",,
"CA001108380","VANCOUVER SEA ISLAND CCG, BC CA","2021-02-11","0.00",,,"30","34","26",,
"CA001108380","VANCOUVER SEA ISLAND CCG, BC CA","2021-02-12","0.00",,,"27","32","22",,
"CA001108380","VANCOUVER SEA ISLAND CCG, BC CA","2021-02-13","0.31",,,"30","33","28","   10","73.8"
"CA001108380","VANCOUVER SEA ISLAND CCG, BC CA","2021-02-14","0.12",,,"32","35","30",,
"CA001108380","VANCOUVER SEA ISLAND CCG, BC CA","2021-02-15","0.54",,,"37","40","33","   28","69.3"
"CA001108380","VANCOUVER SEA ISLAND CCG, BC CA","2021-02-16","0.01",,,"42","46","38","   28","129.7"
"CA001108380","VANCOUVER SEA ISLAND CCG, BC CA","2021-02-17","0.00",,,"39","46","32","   28","105.1"
"CA001108380","VANCOUVER SEA ISLAND CCG, BC CA","2021-02-18","0.08",,,"40","44","35","   12","80.5"
"CA001108380","VANCOUVER SEA ISLAND CCG, BC CA","2021-02-19","0.03",,,"40","47","34",,
"CA001108380","VANCOUVER SEA ISLAND CCG, BC CA","2021-02-20","0.03",,,"38","46","30",,
"CA001108380","VANCOUVER SEA ISLAND CCG, BC CA","2021-02-21","0.06",,,"46","51","41","   19","91.7"
"CA001108380","VANCOUVER SEA ISLAND CCG, BC CA","2021-02-22","0.06",,,"46","52","41","   28","105.1"
"CA001108380","VANCOUVER SEA ISLAND CCG, BC CA","2021-02-23","0.02",,,"41","48","34","   27","109.6"
"CA001108380","VANCOUVER SEA ISLAND CCG, BC CA","2021-02-24","0.00",,,"35","44","26",,
"CA001108380","VANCOUVER SEA ISLAND CCG, BC CA","2021-02-25","0.21",,,"42","49","35","   22","69.3"
"CA001108380","VANCOUVER SEA ISLAND CCG, BC CA","2021-02-26","0.12",,,"43","47","38","   30","152.1"
"CA001108380","VANCOUVER SEA ISLAND CCG, BC CA","2021-02-27","0.00",,,"37","46","28","   31","80.5"
"CA001108380","VANCOUVER SEA ISLAND CCG, BC CA","2021-02-28","0.15",,,"41","45","38",,
"CA001108380","VANCOUVER SEA ISLAND CCG, BC CA","2021-03-01","0.00",,,"48","54","41",,
"CA001108380","VANCOUVER SEA ISLAND CCG, BC CA","2021-03-02","0.00",,,"42","48","35",,
"CA001108380","VANCOUVER SEA ISLAND CCG, BC CA","2021-03-03","0.00",,,"44","51","36",,
"CA001108380","VANCOUVER SEA ISLAND CCG, BC CA","2021-03-04","0.12",,,"44","52","35","   16","76.1"
"CA001108380","VANCOUVER SEA ISLAND CCG, BC CA","2021-03-05","0.14",,,"48","53","43","   14","140.9"
"CA001108380","VANCOUVER SEA ISLAND CCG, BC CA","2021-03-06","0.00",,,"47","53","41","   16","87.2"
"CA001108380","VANCOUVER SEA ISLAND CCG, BC CA","2021-03-07","0.05",,,"43","47","39","   15","107.4"
"CA001108380","VANCOUVER SEA ISLAND CCG, BC CA","2021-03-08","0.00",,,"44","52","36",,
"CA001108380","VANCOUVER SEA ISLAND CCG, BC CA","2021-03-09","0.00",,,"45","53","37",,
"CA001108380","VANCOUVER SEA ISLAND CCG, BC CA","2021-03-10","0.00",,,"40","48","32",,
"CA001108380","VANCOUVER SEA ISLAND CCG, BC CA","2021-03-11","0.00",,,"39","48","30",,
"CA001108380","VANCOUVER SEA ISLAND CCG, BC CA","2021-03-12","0.00",,,"46","55","36",,
"CA001108380","VANCOUVER SEA ISLAND CCG, BC CA","2021-03-13","0.00",,,"48","59","36",,
"CA001108380","VANCOUVER SEA ISLAND CCG, BC CA","2021-03-14","0.04",,,"45","50","40","   30","114.1"
"CA001108380","VANCOUVER SEA ISLAND CCG, BC CA","2021-03-15","0.02",,,"39","46","31","   28","91.7"
"CA001108380","VANCOUVER SEA ISLAND CCG, BC CA","2021-03-16","0.00",,,"40","48","32",,
"CA001108380","VANCOUVER SEA ISLAND CCG, BC CA","2021-03-17","0.00",,,"42","49","35",,
"CA001108380","VANCOUVER SEA ISLAND CCG, BC CA","2021-03-18","0.07",,,"47","56","38","    7","76.1"
"CA001108380","VANCOUVER SEA ISLAND CCG, BC CA","2021-03-19","0.00",,,"48","52","43","   11","76.1"
"CA001108380","VANCOUVER SEA ISLAND CCG, BC CA","2021-03-20","0.06",,,"45","48","43","   28","80.5"
"CA001108380","VANCOUVER SEA ISLAND CCG, BC CA","2021-03-21","0.21",,,"42","45","40","   14","71.6"
"CA001108380","VANCOUVER SEA ISLAND CCG, BC CA","2021-03-22","0.01",,,"43","48","38","   27","107.4"
"CA001108380","VANCOUVER SEA ISLAND CCG, BC CA","2021-03-23","0.00",,,"42","49","35",,
"CA001108380","VANCOUVER SEA ISLAND CCG, BC CA","2021-03-24","0.22",,,"45","48","42",,
"CA001108380","VANCOUVER SEA ISLAND CCG, BC CA","2021-03-25","0.00",,,"45","50","40","   31","73.8"
"CA001108380","VANCOUVER SEA ISLAND CCG, BC CA","2021-03-26","0.00",,,"44","51","38",,
"CA001108380","VANCOUVER SEA ISLAND CCG, BC CA","2021-03-27","0.00",,,"45","50","40",,
"CA001108380","VANCOUVER SEA ISLAND CCG, BC CA","2021-03-28","0.39",,,"44","49","38","   27","176.7"
"CA001108380","VANCOUVER SEA ISLAND CCG, BC CA","2021-03-29","0.01",,,"40","49","31","   30","111.8"
"CA001108380","VANCOUVER SEA ISLAND CCG, BC CA","2021-03-30","0.00",,,"41","50","33",,
"CA001108380","VANCOUVER SEA ISLAND CCG, BC CA","2021-03-31","0.00",,,"42","50","34",,
"CA001108380","VANCOUVER SEA ISLAND CCG, BC CA","2021-04-01","0.00",,,"48","56","40",,
"CA001108380","VANCOUVER SEA ISLAND CCG, BC CA","2021-04-02","0.00",,,"48","54","42",,
"CA001108380","VANCOUVER SEA ISLAND CCG, BC CA","2021-04-03","0.04",,,"47","53","42",,
"CA001108380","VANCOUVER SEA ISLAND CCG, BC CA","2021-04-04","0.08",,,"47","50","43","   27","111.8"
"CA001108380","VANCOUVER SEA ISLAND CCG, BC CA","2021-04-05","0.00",,,"42","50","34",,
"CA001108380","VANCOUVER SEA ISLAND CCG, BC CA","2021-04-06","0.00",,,"45","55","35",,
"CA001108380","VANCOUVER SEA ISLAND CCG, BC CA","2021-04-07","0.05",,,"44","47","42","   17","80.5"
"CA001108380","VANCOUVER SEA ISLAND CCG, BC CA","2021-04-08","0.06",,,"46","51","41","   29","120.8"
"CA001108380","VANCOUVER SEA ISLAND CCG, BC CA","2021-04-09","0.04",,,"42","47","37","   16","85.0"
"CA001108380","VANCOUVER SEA ISLAND CCG, BC CA","2021-04-10","0.10",,,"42","49","35","   31","111.8"
"CA001108380","VANCOUVER SEA ISLAND CCG, BC CA","2021-04-11","0.00",,,"40","49","32",,
"CA001108380","VANCOUVER SEA ISLAND CCG, BC CA","2021-04-12","0.01",,,"44","54","34","   32","78.3"
"CA001108380","VANCOUVER SEA ISLAND CCG, BC CA","2021-04-13","0.02",,,"49","58","40","   30","76.1"
"CA001108380","VANCOUVER SEA ISLAND CCG, BC CA","2021-04-14","0.02",,,"47","59","35","   30","76.1"
"CA001108380","VANCOUVER SEA ISLAND CCG, BC CA","2021-04-15","0.00",,,"52","64","40",,
"CA001108380","VANCOUVER SEA ISLAND CCG, BC CA","2021-04-16","0.00",,,"53","62","43",,
"CA001108380","VANCOUVER SEA ISLAND CCG, BC CA","2021-04-17","0.01",,,"54","66","43",,
"CA001108380","VANCOUVER SEA ISLAND CCG, BC CA","2021-04-18","0.00",,,"54","65","43",,
"CA001108380","VANCOUVER SEA ISLAND CCG, BC CA","2021-04-19","0.00",,,"56","66","46",,
"CA001108380","VANCOUVER SEA ISLAND CCG, BC CA","2021-04-20","0.00",,,"53","61","44",,
"CA001108380","VANCOUVER SEA ISLAND CCG, BC CA","2021-04-21","0.00",,,"51","59","43","   27","87.2"
"CA001108380","VANCOUVER SEA ISLAND CCG, BC CA","2021-04-22","0.00",,,"52","60","44","   30","76.1"
"CA001108380","VANCOUVER SEA ISLAND CCG, BC CA","2021-04-23","0.00",,,"53","58","48",,
"CA001108380","VANCOUVER SEA ISLAND CCG, BC CA","2021-04-24","0.31",,,"50","53","47",,
"CA001108380","VANCOUVER SEA ISLAND CCG, BC CA","2021-04-25","0.28",,,"50","54","46",,
"CA001108380","VANCOUVER SEA ISLAND CCG, BC CA","2021-04-26","0.00",,,"51","57","45",,
"CA001108380","VANCOUVER SEA ISLAND CCG, BC CA","2021-04-27","0.00",,,"52","59","45",,
"CA001108380","VANCOUVER SEA ISLAND CCG, BC CA","2021-04-28","0.03",,,"54","58","50",,
"CA001108380","VANCOUVER SEA ISLAND CCG, BC CA","2021-04-29","0.00",,,"57","65","49",,
"CA001108380","VANCOUVER SEA ISLAND CCG, BC CA","2021-04-30","0.47",,,"58","65","51","   31","73.8"
"CA001108380","VANCOUVER SEA ISLAND CCG, BC CA","2021-05-01","0.00",,,"54","59","48",,
"CA001108380","VANCOUVER SEA ISLAND CCG, BC CA","2021-05-02","0.00",,,"51","60","43",,
"CA001108380","VANCOUVER SEA ISLAND CCG, BC CA","2021-05-03","0.05",,,"51","53","48",,
"CA001108380","VANCOUVER SEA ISLAND CCG, BC CA","2021-05-04","0.00",,,"54","59","49",,
"CA001108380","VANCOUVER SEA ISLAND CCG, BC CA","2021-05-05","0.00",,,"51","59","44",,
"CA001108380","VANCOUVER SEA ISLAND CCG, BC CA","2021-05-06","0.01",,,"56","64","47","   25","85.0"
"CA001108380","VANCOUVER SEA ISLAND CCG, BC CA","2021-05-07","0.00",,,"50","55","45",,
"CA001108380","VANCOUVER SEA ISLAND CCG, BC CA","2021-05-08","0.00",,,"53","57","49","   28","73.8"
"CA001108380","VANCOUVER SEA ISLAND CCG, BC CA","2021-05-09","0.00",,,"53","58","47",,
"CA001108380","VANCOUVER SEA ISLAND CCG, BC CA","2021-05-10","0.00",,,"52","60","44",,
"CA001108380","VANCOUVER SEA ISLAND CCG, BC CA","2021-05-11","0.00",,,"54","63","44",,
"CA001108380","VANCOUVER SEA ISLAND CCG, BC CA","2021-05-12","0.10",,,"57","62","52",,
"CA001108380","VANCOUVER SEA ISLAND CCG, BC CA","2021-05-13","0.00",,,"56","64","48",,
"CA001108380","VANCOUVER SEA ISLAND CCG, BC CA","2021-05-14","0.00",,,"56","64","48",,
"CA001108380","VANCOUVER SEA ISLAND CCG, BC CA","2021-05-15","0.00",,,"59","65","54",,
"CA001108380","VANCOUVER SEA ISLAND CCG, BC CA","2021-05-16","0.00",,,"58","66","50",,
"CA001108380","VANCOUVER SEA ISLAND CCG, BC CA","2021-05-17","0.25",,,"57","63","51","   17","69.3"
"CA001108380","VANCOUVER SEA ISLAND CCG, BC CA","2021-05-18","0.20",,,"53","58","49","   24","100.7"
"CA001108380","VANCOUVER SEA ISLAND CCG, BC CA","2021-05-19","0.00",,,"51","58","44","   29","82.8"
"CA001108380","VANCOUVER SEA ISLAND CCG, BC CA","2021-05-20","0.00",,,"53","62","43",,
"CA001108380","VANCOUVER SEA ISLAND CCG, BC CA","2021-05-21","0.00",,,"53","62","45",,
"CA001108380","VANCOUVER SEA ISLAND CCG, BC CA","2021-05-22","0.00",,,"57","67","47",,
"CA001108380","VANCOUVER SEA ISLAND CCG, BC CA","2021-05-23","0.00",,,"57","61","54",,
"CA001108380","VANCOUVER SEA ISLAND CCG, BC CA","2021-05-24","0.07",,,"54","56","51",,
"CA001108380","VANCOUVER SEA ISLAND CCG, BC CA","2021-05-25","0.00",,,"59","65","52",,
"CA001108380","VANCOUVER SEA ISLAND CCG, BC CA","2021-05-26","0.00",,,"56","60","53",,
"CA001108380","VANCOUVER SEA ISLAND CCG, BC CA","2021-05-27","0.26",,,"56","59","53","   19","71.6"
"CA001108380","VANCOUVER SEA ISLAND CCG, BC CA","2021-05-28","0.03",,,"56","63","50","   27","73.8"
"CA001108380","VANCOUVER SEA ISLAND CCG, BC CA","2021-05-29","0.00",,,"55","65","44",,
"CA001108380","VANCOUVER SEA ISLAND CCG, BC CA","2021-05-30","0.00",,,"57","64","49",,
"CA001108380","VANCOUVER SEA ISLAND CCG, BC CA","2021-05-31","0.00",,,"62","71","53",,
"CA001108380","VANCOUVER SEA ISLAND CCG, BC CA","2021-06-01","0.00",,,"63","73","53",,
"CA001108380","VANCOUVER SEA ISLAND CCG, BC CA","2021-06-02","0.01",,,"70","83","56",,
"CA001108380","VANCOUVER SEA ISLAND CCG, BC CA","2021-06-03","0.00",,,"65","73","57",,
"CA001108380","VANCOUVER SEA ISLAND CCG, BC CA","2021-06-04","0.03",,,"59","66","52",,
"CA001108380","VANCOUVER SEA ISLAND CCG, BC CA","2021-06-05","0.02",,,"57","64","50","   23","73.8"
"CA001108380","VANCOUVER SEA ISLAND CCG, BC CA","2021-06-06","0.16",,,"52","55","49","   26","71.6"
"CA001108380","VANCOUVER SEA ISLAND CCG, BC CA","2021-06-07","0.20",,,"54","61","47",,
"CA001108380","VANCOUVER SEA ISLAND CCG, BC CA","2021-06-08","0.00",,,"54","65","44",,
"CA001108380","VANCOUVER SEA ISLAND CCG, BC CA","2021-06-09","0.02",,,"59","65","52",,
"CA001108380","VANCOUVER SEA ISLAND CCG, BC CA","2021-06-10","0.00",,,"56","65","48","   21","71.6"
"CA001108380","VANCOUVER SEA ISLAND CCG, BC CA","2021-06-11","0.24",,,"57","64","51","   14","89.5"
"CA001108380","VANCOUVER SEA ISLAND CCG, BC CA","2021-06-12","0.01",,,"62","71","52",,
"CA001108380","VANCOUVER SEA ISLAND CCG, BC CA","2021-06-13","0.40",,,"61","65","57","    8","69.3"
"CA001108380","VANCOUVER SEA ISLAND CCG, BC CA","2021-06-14","0.05",,,"63","69","57",,
"CA001108380","VANCOUVER SEA ISLAND CCG, BC CA","2021-06-15","0.08",,,"62","69","55",,
"CA001108380","VANCOUVER SEA ISLAND CCG, BC CA","2021-06-16","0.00",,,"61","68","55",,
"CA001108380","VANCOUVER SEA ISLAND CCG, BC CA","2021-06-17","0.00",,,"63","74","51",,
"CA001108380","VANCOUVER SEA ISLAND CCG, BC CA","2021-06-18","0.00",,,"61","68","54",,
"CA001108380","VANCOUVER SEA ISLAND CCG, BC CA","2021-06-19","0.00",,,"63","72","54",,
"CA001108380","VANCOUVER SEA ISLAND CCG, BC CA","2021-06-20","0.00",,,"64","75","54","   30","78.3"
"CA001108380","VANCOUVER SEA ISLAND CCG, BC CA","2021-06-21","0.00",,,"67","75","59",,
"CA001108380","VANCOUVER SEA ISLAND CCG, BC CA","2021-06-22","0.00",,,"66","73","59",,
"CA001108380","VANCOUVER SEA ISLAND CCG, BC CA","2021-06-23","0.00",,,"64","72","56",,
"CA001108380","VANCOUVER SEA ISLAND CCG, BC CA","2021-06-24","0.00",,,"66","76","57",,
"CA001108380","VANCOUVER SEA ISLAND CCG, BC CA","2021-06-25","0.00",,,"72","80","65","   30","69.3"
"CA001108380","VANCOUVER SEA ISLAND CCG, BC CA","2021-06-26","0.00",,,"76","89","63",,
"CA001108380","VANCOUVER SEA ISLAND CCG, BC CA","2021-06-27","0.00",,,"78","90","66",,
"CA001108380","VANCOUVER SEA ISLAND CCG, BC CA","2021-06-28","0.00",,,"79","90","68",,
"CA001108380","VANCOUVER SEA ISLAND CCG, BC CA","2021-06-29","0.00",,,"79","91","68",,
"CA001108380","VANCOUVER SEA ISLAND CCG, BC CA","2021-06-30","0.00",,,"70","77","64","   10","73.8"
"CA001108380","VANCOUVER SEA ISLAND CCG, BC CA","2021-07-01","0.00",,,"70","77","64",,
"CA001108380","VANCOUVER SEA ISLAND CCG, BC CA","2021-07-02","0.00",,,"67","73","61","   30","69.3"
"CA001108380","VANCOUVER SEA ISLAND CCG, BC CA","2021-07-03","0.00",,,"68","73","62",,
"CA001108380","VANCOUVER SEA ISLAND CCG, BC CA","2021-07-04","0.00",,,"70","78","62",,
"CA001108380","VANCOUVER SEA ISLAND CCG, BC CA","2021-07-05","0.00",,,"69","77","60",,
"CA001108380","VANCOUVER SEA ISLAND CCG, BC CA","2021-07-06","0.00",,,"66","75","57",,
"CA001108380","VANCOUVER SEA ISLAND CCG, BC CA","2021-07-07","0.00",,,"64","70","59","   13","82.8"
"CA001108380","VANCOUVER SEA ISLAND CCG, BC CA","2021-07-08","0.00",,,"65","73","58",,
"CA001108380","VANCOUVER SEA ISLAND CCG, BC CA","2021-07-09","0.00",,,"69","77","61",,
"CA001108380","VANCOUVER SEA ISLAND CCG, BC CA","2021-07-10","0.00",,,"69","79","58",,
"CA001108380","VANCOUVER SEA ISLAND CCG, BC CA","2021-07-11","0.00",,,"66","75","56",,
"CA001108380","VANCOUVER SEA ISLAND CCG, BC CA","2021-07-12","0.00",,,"66","76","57",,
"CA001108380","VANCOUVER SEA ISLAND CCG, BC CA","2021-07-13","0.00",,,"68","78","58",,
"CA001108380","VANCOUVER SEA ISLAND CCG, BC CA","2021-07-14","0.00",,,"67","77","56",,
"CA001108380","VANCOUVER SEA ISLAND CCG, BC CA","2021-07-15","0.00",,,"64","72","56",,
"CA001108380","VANCOUVER SEA ISLAND CCG, BC CA","2021-07-16","0.00",,,"63","72","55",,
"CA001108380","VANCOUVER SEA ISLAND CCG, BC CA","2021-07-17","0.00",,,"69","77","60",,
"CA001108380","VANCOUVER SEA ISLAND CCG, BC CA","2021-07-18","0.00",,,"65","75","54",,
"CA001108380","VANCOUVER SEA ISLAND CCG, BC CA","2021-07-19","0.00",,,"68","81","55",,
"CA001108380","VANCOUVER SEA ISLAND CCG, BC CA","2021-07-20","0.00",,,"68","77","59",,
"CA001108380","VANCOUVER SEA ISLAND CCG, BC CA","2021-07-21","0.00",,,"64","73","55",,
"CA001108380","VANCOUVER SEA ISLAND CCG, BC CA","2021-07-22","0.00",,,"64","74","55",,
"CA001108380","VANCOUVER SEA ISLAND CCG, BC CA","2021-07-23","0.00",,,"69","79","60",,
"CA001108380","VANCOUVER SEA ISLAND CCG, BC CA","2021-07-24","0.00",,,"69","79","58",,
"CA001108380","VANCOUVER SEA ISLAND CCG, BC CA","2021-07-25","0.00",,,"68","78","58",,
"CA001108380","VANCOUVER SEA ISLAND CCG, BC CA","2021-07-26","0.00",,,"69","81","57",,
"CA001108380","VANCOUVER SEA ISLAND CCG, BC CA","2021-07-27","0.00",,,"67","77","57",,
"CA001108380","VANCOUVER SEA ISLAND CCG, BC CA","2021-07-28","0.00",,,"68","79","56",,
"CA001108380","VANCOUVER SEA ISLAND CCG, BC CA","2021-07-29","0.00",,,"69","79","58",,
"CA001108380","VANCOUVER SEA ISLAND CCG, BC CA","2021-07-30","0.00",,,"71","81","60",,
"CA001108380","VANCOUVER SEA ISLAND CCG, BC CA","2021-07-31","0.00",,,"72","79","65",,
"CA001108380","VANCOUVER SEA ISLAND CCG, BC CA","2021-08-01","0.00",,,"72","80","64",,
"CA001108380","VANCOUVER SEA ISLAND CCG, BC CA","2021-08-02","0.00",,,"68","76","60",,
"CA001108380","VANCOUVER SEA ISLAND CCG, BC CA","2021-08-03","0.00",,,"69","78","60",,
"CA001108380","VANCOUVER SEA ISLAND CCG, BC CA","2021-08-04","0.00",,,"70","81","59",,
"CA001108380","VANCOUVER SEA ISLAND CCG, BC CA","2021-08-05","0.00",,,"73","86","61",,
"CA001108380","VANCOUVER SEA ISLAND CCG, BC CA","2021-08-06","0.00",,,"69","75","64","   30","69.3"
"CA001108380","VANCOUVER SEA ISLAND CCG, BC CA","2021-08-07","0.84",,,"65","73","57","   28","102.9"
"CA001108380","VANCOUVER SEA ISLAND CCG, BC CA","2021-08-08","0.02",,,"66","73","60","   27","91.7"
"CA001108380","VANCOUVER SEA ISLAND CCG, BC CA","2021-08-09","0.00",,,"68","75","60",,
"CA001108380","VANCOUVER SEA ISLAND CCG, BC CA","2021-08-10","0.00",,,"67","76","59",,
"CA001108380","VANCOUVER SEA ISLAND CCG, BC CA","2021-08-11","0.00",,,"71","80","62",,
"CA001108380","VANCOUVER SEA ISLAND CCG, BC CA","2021-08-12","0.00",,,"75","84","66","   31","80.5"
"CA001108380","VANCOUVER SEA ISLAND CCG, BC CA","2021-08-13","0.01",,,"73","82","64",,
"CA001108380","VANCOUVER SEA ISLAND CCG, BC CA","2021-08-14","0.00",,,"73","84","62",,
"CA001108380","VANCOUVER SEA ISLAND CCG, BC CA","2021-08-15","0.00",,,"70","78","62",,
"CA001108380","VANCOUVER SEA ISLAND CCG, BC CA","2021-08-16","0.00",,,"66","71","61",,
"CA001108380","VANCOUVER SEA ISLAND CCG, BC CA","2021-08-17","0.00",,,"65","71","58","   31","76.1"
"CA001108380","VANCOUVER SEA ISLAND CCG, BC CA","2021-08-18","0.00",,,"63","71","55",,
"CA001108380","VANCOUVER SEA ISLAND CCG, BC CA","2021-08-19","0.00",,,"65","73","57",,
"CA001108380","VANCOUVER SEA ISLAND CCG, BC CA","2021-08-20","0.06",,,"63","66","59",,
"CA001108380","VANCOUVER SEA ISLAND CCG, BC CA","2021-08-21","0.00",,,"66","72","59",,
"CA001108380","VANCOUVER SEA ISLAND CCG, BC CA","2021-08-22","0.00",,,"63","69","58","   31","80.5"
"CA001108380","VANCOUVER SEA ISLAND CCG, BC CA","2021-08-23","0.01",,,"63","70","55",,
"CA001108380","VANCOUVER SEA ISLAND CCG, BC CA","2021-08-24","0.00",,,"62","73","52",,
"CA001108380","VANCOUVER SEA ISLAND CCG, BC CA","2021-08-25","0.00",,,"65","78","52",,
"CA001108380","VANCOUVER SEA ISLAND CCG, BC CA","2021-08-26","0.11",,,"61","64","59",,
"CA001108380","VANCOUVER SEA ISLAND CCG, BC CA","2021-08-27","0.24",,,"63","69","56",,
"CA001108380","VANCOUVER SEA ISLAND CCG, BC CA","2021-08-28","0.00",,,"61","71","52",,
"CA001108380","VANCOUVER SEA ISLAND CCG, BC CA","2021-08-29","0.00",,,"63","70","56",,
"CA001108380","VANCOUVER SEA ISLAND CCG, BC CA","2021-08-30","0.00",,,"60","65","55","   11","73.8"
"CA001108380","VANCOUVER SEA ISLAND CCG, BC CA","2021-08-31","0.07",,,"59","65","52",,
"CA001108380","VANCOUVER SEA ISLAND CCG, BC CA","2021-09-01","0.00",,,"57","67","47",,
"CA001108380","VANCOUVER SEA ISLAND CCG, BC CA","2021-09-02","0.00",,,"61","69","52",,
"CA001108380","VANCOUVER SEA ISLAND CCG, BC CA","2021-09-03","0.00",,,"62","72","52",,
"CA001108380","VANCOUVER SEA ISLAND CCG, BC CA","2021-09-04","0.47",,,"60","67","54",,
"CA001108380","VANCOUVER SEA ISLAND CCG, BC CA","2021-09-05","0.00",,,"64","69","59",,
"CA001108380","VANCOUVER SEA ISLAND CCG, BC CA","2021-09-06","0.00",,,"64","73","54",,
"CA001108380","VANCOUVER SEA ISLAND CCG, BC CA","2021-09-07","0.00",,,"63","73","53",,
"CA001108380","VANCOUVER SEA ISLAND CCG, BC CA","2021-09-08","0.01",,,"69","77","60",,
"CA001108380","VANCOUVER SEA ISLAND CCG, BC CA","2021-09-09","0.00",,,"70","80","60",,
"CA001108380","VANCOUVER SEA ISLAND CCG, BC CA","2021-09-10","0.00",,,"67","76","59",,
"CA001108380","VANCOUVER SEA ISLAND CCG, BC CA","2021-09-11","0.19",,,"61","63","58",,
"CA001108380","VANCOUVER SEA ISLAND CCG, BC CA","2021-09-12","0.02",,,"61","66","55",,
"CA001108380","VANCOUVER SEA ISLAND CCG, BC CA","2021-09-13","0.00",,,"58","66","50",,
"CA001108380","VANCOUVER SEA ISLAND CCG, BC CA","2021-09-14","0.42",,,"56","58","53",,
"CA001108380","VANCOUVER SEA ISLAND CCG, BC CA","2021-09-15","0.00",,,"58","62","53","   28","116.3"
"CA001108380","VANCOUVER SEA ISLAND CCG, BC CA","2021-09-16","0.00",,,"53","62","44",,
"CA001108380","VANCOUVER SEA ISLAND CCG, BC CA","2021-09-17","2.04",,,"55","58","52","   16","91.7"
"CA001108380","VANCOUVER SEA ISLAND CCG, BC CA","2021-09-18","0.38",,,"60","66","54","   17","80.5"
"CA001108380","VANCOUVER SEA ISLAND CCG, BC CA","2021-09-19","0.08",,,"57","61","54",,
"CA001108380","VANCOUVER SEA ISLAND CCG, BC CA","2021-09-20","0.00",,,"58","64","53",,
"CA001108380","VANCOUVER SEA ISLAND CCG, BC CA","2021-09-21","0.00",,,"56","65","48",,
"CA001108380","VANCOUVER SEA ISLAND CCG, BC CA","2021-09-22","0.04",,,"58","64","53",,
"CA001108380","VANCOUVER SEA ISLAND CCG, BC CA","2021-09-23","0.00",,,"59","65","53",,
"CA001108380","VANCOUVER SEA ISLAND CCG, BC CA","2021-09-24","0.00",,,"57","64","50",,
"CA001108380","VANCOUVER SEA ISLAND CCG, BC CA","2021-09-25","0.00",,,"62","73","51",,
"CA001108380","VANCOUVER SEA ISLAND CCG, BC CA","2021-09-26","0.83",,,"56","59","53",,
"CA001108380","VANCOUVER SEA ISLAND CCG, BC CA","2021-09-27","0.24",,,"58","62","53","   15","76.1"
"CA001108380","VANCOUVER SEA ISLAND CCG, BC CA","2021-09-28","0.25",,,"58","63","53","   15","76.1"
"CA001108380","VANCOUVER SEA ISLAND CCG, BC CA","2021-09-29","0.51",,,"53","55","50","    8","76.1"
"CA001108380","VANCOUVER SEA ISLAND CCG, BC CA","2021-09-30","0.66",,,"55","60","51","   15","85.0"
"CA001108380","VANCOUVER SEA ISLAND CCG, BC CA","2021-10-01","0.00",,,"53","59","47",,
"CA001108380","VANCOUVER SEA ISLAND CCG, BC CA","2021-10-02","0.00",,,"53","58","48",,
"CA001108380","VANCOUVER SEA ISLAND CCG, BC CA","2021-10-03","0.01",,,"54","58","50",,
"CA001108380","VANCOUVER SEA ISLAND CCG, BC CA","2021-10-04","0.00",,,"54","60","49",,
"CA001108380","VANCOUVER SEA ISLAND CCG, BC CA","2021-10-05","0.15",,,"52","58","46","   13","94.0"
"CA001108380","VANCOUVER SEA ISLAND CCG, BC CA","2021-10-06","0.00",,,"50","56","44",,
"CA001108380","VANCOUVER SEA ISLAND CCG, BC CA","2021-10-07","0.00",,,"49","57","40",,
"CA001108380","VANCOUVER SEA ISLAND CCG, BC CA","2021-10-08","0.00",,,"49","56","42",,
"CA001108380","VANCOUVER SEA ISLAND CCG, BC CA","2021-10-09","0.46",,,"47","53","42",,
"CA001108380","VANCOUVER SEA ISLAND CCG, BC CA","2021-10-10","0.00",,,"52","55","48","   28","120.8"
"CA001108380","VANCOUVER SEA ISLAND CCG, BC CA","2021-10-11","0.00",,,"47","53","40","   28","73.8"
"CA001108380","VANCOUVER SEA ISLAND CCG, BC CA","2021-10-12","0.07",,,"43","49","37","    7","78.3"
"CA001108380","VANCOUVER SEA ISLAND CCG, BC CA","2021-10-13","0.09",,,"46","52","40",,
"CA001108380","VANCOUVER SEA ISLAND CCG, BC CA","2021-10-14","0.03",,,"47","50","45",,
"CA001108380","VANCOUVER SEA ISLAND CCG, BC CA","2021-10-15","1.19",,,"51","53","49","   11","71.6"
"CA001108380","VANCOUVER SEA ISLAND CCG, BC CA","2021-10-16","1.68",,,"55","58","52","    8","71.6"
"CA001108380","VANCOUVER SEA ISLAND CCG, BC CA","2021-10-17","0.24",,,"52","55","49","   31","69.3"
"CA001108380","VANCOUVER SEA ISLAND CCG, BC CA","2021-10-18","0.00",,,"49","55","42",,
"CA001108380","VANCOUVER SEA ISLAND CCG, BC CA","2021-10-19","0.00",,,"49","59","38",,
"CA001108380","VANCOUVER SEA ISLAND CCG, BC CA","2021-10-20","0.30",,,"51","56","46",,
"CA001108380","VANCOUVER SEA ISLAND CCG, BC CA","2021-10-21","0.15",,,"58","64","51","   10","125.3"
"CA001108380","VANCOUVER SEA ISLAND CCG, BC CA","2021-10-22","0.17",,,"52","56","48","   11","91.7"
"CA001108380","VANCOUVER SEA ISLAND CCG, BC CA","2021-10-23","0.01",,,"51","53","48",,
"CA001108380","VANCOUVER SEA ISLAND CCG, BC CA","2021-10-24","0.15",,,"52","56","49","    9","105.1"
"CA001108380","VANCOUVER SEA ISLAND CCG, BC CA","2021-10-25","0.20",,,"54","56","52","   15","120.8"
"CA001108380","VANCOUVER SEA ISLAND CCG, BC CA","2021-10-26","0.16",,,"52","54","49","   16","89.5"
"CA001108380","VANCOUVER SEA ISLAND CCG, BC CA","2021-10-27","0.01",,,"51","55","46","   16","82.8"
"CA001108380","VANCOUVER SEA ISLAND CCG, BC CA","2021-10-28","0.70",,,"47","49","46",,
"CA001108380","VANCOUVER SEA ISLAND CCG, BC CA","2021-10-29","0.10",,,"46","51","41","   26","105.1"
"CA001108380","VANCOUVER SEA ISLAND CCG, BC CA","2021-10-30","0.01",,,"42","49","35","   30","69.3"
"CA001108380","VANCOUVER SEA ISLAND CCG, BC CA","2021-10-31","0.00",,,"41","51","31",,
"CA001108380","VANCOUVER SEA ISLAND CCG, BC CA","2021-11-01","0.24",,,"41","51","31",,
"CA001108380","VANCOUVER SEA ISLAND CCG, BC CA","2021-11-02","0.46",,,"47","52","42","    9","87.2"
"CA001108380","VANCOUVER SEA ISLAND CCG, BC CA","2021-11-03","0.38",,,"52","54","49","    8","71.6"
"CA001108380","VANCOUVER SEA ISLAND CCG, BC CA","2021-11-04","0.83",,,"51","56","47","   20","94.0"
"CA001108380","VANCOUVER SEA ISLAND CCG, BC CA","2021-11-05","0.33",,,"48","52","45","    9","85.0"
"CA001108380","VANCOUVER SEA ISLAND CCG, BC CA","2021-11-06","0.31",,,"44","47","41","   16","100.7"
"CA001108380","VANCOUVER SEA ISLAND CCG, BC CA","2021-11-07","0.47",,,"44","48","40","   16","105.1"
"CA001108380","VANCOUVER SEA ISLAND CCG, BC CA","2021-11-08","0.13",,,"45","52","40","    8","78.3"
"CA001108380","VANCOUVER SEA ISLAND CCG, BC CA","2021-11-09",,,,"49","54","43","    8","120.8"
"CA001108380","VANCOUVER SEA ISLAND CCG, BC CA","2021-11-10",,,,"44","49","40",,
"CA001108380","VANCOUVER SEA ISLAND CCG, BC CA","2021-11-11",,,,"46","49","43",,
"CA001108380","VANCOUVER SEA ISLAND CCG, BC CA","2021-11-12",,,,"50","55","44","   18","71.6"
"CA001108380","VANCOUVER SEA ISLAND CCG, BC CA","2021-11-13",,,,"44","48","39","    7","87.2"
"CA001108380","VANCOUVER SEA ISLAND CCG, BC CA","2021-11-14",,,,"48","54","42","    6","71.6"
"CA001108380","VANCOUVER SEA ISLAND CCG, BC CA","2021-11-15",,,,"48","54","42","   26","165.5"
"CA001108380","VANCOUVER SEA ISLAND CCG, BC CA","2021-11-17",,,,"38","45","31",,
"CA001108380","VANCOUVER SEA ISLAND CCG, BC CA","2021-11-19","0.00",,,"42","47","37","   30","85.0"
"CA001108380","VANCOUVER SEA ISLAND CCG, BC CA","2021-11-20","0.00",,,"40","45","35",,
"CA001108380","VANCOUVER SEA ISLAND CCG, BC CA","2021-11-21","0.00",,,"44","50","38",,
"CA001108380","VANCOUVER SEA ISLAND CCG, BC CA","2021-11-22","0.00",,,"40","47","33","   14","69.3"
"CA001108380","VANCOUVER SEA ISLAND CCG, BC CA","2021-11-23","0.00",,,"45","47","43","   28","105.1"
"CA001108380","VANCOUVER SEA ISLAND CCG, BC CA","2021-11-24","0.06",,,"41","46","35",,
"CA001108380","VANCOUVER SEA ISLAND CCG, BC CA","2021-11-25","1.11",,,"43","45","41","    8","85.0"
"CA001108380","VANCOUVER SEA ISLAND CCG, BC CA","2021-11-26","0.11",,,"48","53","43",,
"CA001108380","VANCOUVER SEA ISLAND CCG, BC CA","2021-11-27","0.79",,,"48","53","43",,
"CA001108380","VANCOUVER SEA ISLAND CCG, BC CA","2021-11-28","0.95",,,"51","54","47","   16","71.6"
"CA001108380","VANCOUVER SEA ISLAND CCG, BC CA","2021-11-29","0.09",,,"52","55","49",,
"CA001108380","VANCOUVER SEA ISLAND CCG, BC CA","2021-11-30","0.62",,,"51","52","49","   13","73.8"
"CA001108380","VANCOUVER SEA ISLAND CCG, BC CA","2021-12-01","0.03",,,"51","55","47","   18","100.7"
"CA001108380","VANCOUVER SEA ISLAND CCG, BC CA","2021-12-02","0.02",,,"43","50","35","   28","118.6"
"CA001108380","VANCOUVER SEA ISLAND CCG, BC CA","2021-12-03","0.00",,,"36","43","29","   28","69.3"
"CA001108380","VANCOUVER SEA ISLAND CCG, BC CA","2021-12-04","0.09",,,"39","42","36","   29","80.5"
"CA001108380","VANCOUVER SEA ISLAND CCG, BC CA","2021-12-05","0.00",,,"34","41","28","   29","71.6"
"CA001108380","VANCOUVER SEA ISLAND CCG, BC CA","2021-12-06","0.30",,,"36","39","32",,
"CA001108380","VANCOUVER SEA ISLAND CCG, BC CA","2021-12-07","0.11",,,"41","44","38",,
"CA001108380","VANCOUVER SEA ISLAND CCG, BC CA","2021-12-08","0.01",,,"40","47","33","   27","138.7"
"CA001108380","VANCOUVER SEA ISLAND CCG, BC CA","2021-12-09","0.02",,,"38","45","31",,
"CA001108380","VANCOUVER SEA ISLAND CCG, BC CA","2021-12-10","0.44",,,"37","44","31","   14","91.7"
"CA001108380","VANCOUVER SEA ISLAND CCG, BC CA","2021-12-11","0.25",,,"41","46","35","   24","109.6"
"CA001108380","VANCOUVER SEA ISLAND CCG, BC CA","2021-12-12","0.15",,,"39","42","36","   19","82.8"
"CA001108380","VANCOUVER SEA ISLAND CCG, BC CA","2021-12-13","0.34",,,"39","43","36","    9","91.7"
"CA001108380","VANCOUVER SEA ISLAND CCG, BC CA","2021-12-14","0.04",,,"36","41","33",,
"CA001108380","VANCOUVER SEA ISLAND CCG, BC CA","2021-12-15","0.01",,,"41","45","36","    7","87.2"
"CA001108380","VANCOUVER SEA ISLAND CCG, BC CA","2021-12-16","0.04",,,"38","44","32","   30","91.7"
"CA001108380","VANCOUVER SEA ISLAND CCG, BC CA","2021-12-17","0.08",,,"32","36","28",,
"CA001108380","VANCOUVER SEA ISLAND CCG, BC CA","2021-12-18","1.39",,,"40","46","33","   25","91.7"
"CA001108380","VANCOUVER SEA ISLAND CCG, BC CA","2021-12-19","0.00",,,"36","43","30",,
"CA001108380","VANCOUVER SEA ISLAND CCG, BC CA","2021-12-20","0.00",,,"31","37","24",,
"CA001108380","VANCOUVER SEA ISLAND CCG, BC CA","2021-12-21","0.28",,,"28","35","21",,
"CA001108380","VANCOUVER SEA ISLAND CCG, BC CA","2021-12-22","0.11",,,"41","48","33","   16","78.3"
"CA001108380","VANCOUVER SEA ISLAND CCG, BC CA","2021-12-23","0.09",,,"40","45","35","   26","89.5"
"CA001108380","VANCOUVER SEA ISLAND CCG, BC CA","2021-12-24","0.43",,,"35","38","32","    8","78.3"
"CA001108380","VANCOUVER SEA ISLAND CCG, BC CA","2021-12-25","0.09",,,"27","33","22","    9","78.3"
"CA001108380","VANCOUVER SEA ISLAND CCG, BC CA","2021-12-26","0.02",,,"19","22","16",,
"CA001108380","VANCOUVER SEA ISLAND CCG, BC CA","2021-12-27","0.00",,,"13","18","8",,
"CA001108380","VANCOUVER SEA ISLAND CCG, BC CA","2021-12-28","0.00",,,"18","27","9",,
"CA001108380","VANCOUVER SEA ISLAND CCG, BC CA","2021-12-29","0.00",,,"20","26","13",,
"CA001108380","VANCOUVER SEA ISLAND CCG, BC CA","2021-12-30","0.19",,,"26","33","18","    6","73.8"
"CA001108380","VANCOUVER SEA ISLAND CCG, BC CA","2021-12-31","0.00",,,"21","30","13",,
"CA001108380","VANCOUVER SEA ISLAND CCG, BC CA","2022-01-01","0.00",,,"25","34","15","    7","85.0"
"CA001108380","VANCOUVER SEA ISLAND CCG, BC CA","2022-01-02","0.42",,,"38","42","33","    9","118.6"
"CA001108380","VANCOUVER SEA ISLAND CCG, BC CA","2022-01-03","0.30",,,"38","42","35","   17","116.3"
"CA001108380","VANCOUVER SEA ISLAND CCG, BC CA","2022-01-04","0.30",,,"37","41","33","   21","89.5"
"CA001108380","VANCOUVER SEA ISLAND CCG, BC CA","2022-01-05","0.06",,,"30","35","26",,
"CA001108380","VANCOUVER SEA ISLAND CCG, BC CA","2022-01-06","0.75",,,"32","39","26",,
"CA001108380","VANCOUVER SEA ISLAND CCG, BC CA","2022-01-07","0.36",,,"38","40","36","   28","156.6"
"CA001108380","VANCOUVER SEA ISLAND CCG, BC CA","2022-01-08","0.16",,,"33","38","28",,
"CA001108380","VANCOUVER SEA ISLAND CCG, BC CA","2022-01-09","0.00",,,"37","43","30",,
"CA001108380","VANCOUVER SEA ISLAND CCG, BC CA","2022-01-10","0.20",,,"39","47","31",,
"CA001108380","VANCOUVER SEA ISLAND CCG, BC CA","2022-01-11","0.69",,,"47","50","44","   11","71.6"
"CA001108380","VANCOUVER SEA ISLAND CCG, BC CA","2022-01-12","1.15",,,"49","52","46",,
"CA001108380","VANCOUVER SEA ISLAND CCG, BC CA","2022-01-13","0.00",,,"46","51","40",,
"CA001108380","VANCOUVER SEA ISLAND CCG, BC CA","2022-01-14","0.00",,,"45","51","40",,
"CA001108380","VANCOUVER SEA ISLAND CCG, BC CA","2022-01-15","0.00",,,"42","45","39",,
"CA001108380","VANCOUVER SEA ISLAND CCG, BC CA","2022-01-16","0.00",,,"42","44","40",,
"CA001108380","VANCOUVER SEA ISLAND CCG, BC CA","2022-01-17","0.05",,,"43","45","40",,
"CA001108380","VANCOUVER SEA ISLAND CCG, BC CA","2022-01-18","0.06",,,"43","45","41",,
"CA001108380","VANCOUVER SEA ISLAND CCG, BC CA","2022-01-19","0.31",,,"46","49","44",,
"CA001108380","VANCOUVER SEA ISLAND CCG, BC CA","2022-01-20","0.44",,,"49","54","43","   26","96.2"
"CA001108380","VANCOUVER SEA ISLAND CCG, BC CA","2022-01-21","0.00",,,"42","46","37",,
"CA001108380","VANCOUVER SEA ISLAND CCG, BC CA","2022-01-22","0.00",,,"40","45","36",,
"CA001108380","VANCOUVER SEA ISLAND CCG, BC CA","2022-01-23","0.00",,,"38","40","36",,
"CA001108380","VANCOUVER SEA ISLAND CCG, BC CA","2022-01-24","0.00",,,"38","40","36",,
"CA001108380","VANCOUVER SEA ISLAND CCG, BC CA","2022-01-25","0.00",,,"36","38","35",,
"CA001108380","VANCOUVER SEA ISLAND CCG, BC CA","2022-01-26","0.00",,,"36","38","34",,
"CA001108380","VANCOUVER SEA ISLAND CCG, BC CA","2022-01-27","0.00",,,"37","41","34",,
"CA001108380","VANCOUVER SEA ISLAND CCG, BC CA","2022-01-28","0.00",,,"38","47","28",,
"CA001108380","VANCOUVER SEA ISLAND CCG, BC CA","2022-01-29","0.24",,,"38","45","31",,
"CA001108380","VANCOUVER SEA ISLAND CCG, BC CA","2022-01-30","0.57",,,"43","46","40","   28","118.6"
"CA001108380","VANCOUVER SEA ISLAND CCG, BC CA","2022-01-31","0.00",,,"42","45","40","   27","107.4"
"CA001108380","VANCOUVER SEA ISLAND CCG, BC CA","2022-02-01","0.00",,,"38","43","32","   28","91.7"
"CA001108380","VANCOUVER SEA ISLAND CCG, BC CA","2022-02-02","0.04",,,"33","35","30",,
"CA001108380","VANCOUVER SEA ISLAND CCG, BC CA","2022-02-03","0.31",,,"39","43","35",,
"CA001108380","VANCOUVER SEA ISLAND CCG, BC CA","2022-02-04","0.11",,,"44","48","40","   12","76.1"
"CA001108380","VANCOUVER SEA ISLAND CCG, BC CA","2022-02-05","0.00",,,"42","45","39",,
"CA001108380","VANCOUVER SEA ISLAND CCG, BC CA","2022-02-06","0.00",,,"38","45","32",,
"CA001108380","VANCOUVER SEA ISLAND CCG, BC CA","2022-02-07","0.00",,,"45","53","38",,
"CA001108380","VANCOUVER SEA ISLAND CCG, BC CA","2022-02-08","0.10",,,"42","46","38",,
"CA001108380","VANCOUVER SEA ISLAND CCG, BC CA","2022-02-09","0.03",,,"45","48","42",,
"CA001108380","VANCOUVER SEA ISLAND CCG, BC CA","2022-02-10","0.00",,,"42","44","40",,
"CA001108380","VANCOUVER SEA ISLAND CCG, BC CA","2022-02-11","0.00",,,"41","46","36","   31","73.8"
"CA001108380","VANCOUVER SEA ISLAND CCG, BC CA","2022-02-12","0.00",,,"39","46","32",,
"CA001108380","VANCOUVER SEA ISLAND CCG, BC CA","2022-02-13","0.00",,,"40","49","30",,
"CA001108380","VANCOUVER SEA ISLAND CCG, BC CA","2022-02-14","0.11",,,"42","48","37",,
"CA001108380","VANCOUVER SEA ISLAND CCG, BC CA","2022-02-15","0.00",,,"43","48","39",,
"CA001108380","VANCOUVER SEA ISLAND CCG, BC CA","2022-02-16","0.00",,,"43","49","36",,
"CA001108380","VANCOUVER SEA ISLAND CCG, BC CA","2022-02-19","0.10",,,"42","47","37","   27","69.3"
"CA001108380","VANCOUVER SEA ISLAND CCG, BC CA","2022-02-20","0.00",,,"43","46","39","   28","94.0"
"CA001108380","VANCOUVER SEA ISLAND CCG, BC CA","2022-02-21","0.03",,,"39","47","32","   27","76.1"
"CA001108380","VANCOUVER SEA ISLAND CCG, BC CA","2022-02-22","0.02",,,"31","38","25","    6","69.3"
"CA001108380","VANCOUVER SEA ISLAND CCG, BC CA","2022-02-23","0.00",,,"28","35","21",,
"CA001108380","VANCOUVER SEA ISLAND CCG, BC CA","2022-02-24","0.02",,,"31","39","24",,
"CA001108380","VANCOUVER SEA ISLAND CCG, BC CA","2022-02-25","0.00",,,"34","43","25",,
"CA001108380","VANCOUVER SEA ISLAND CCG, BC CA","2022-02-26","0.25",,,"39","51","28","   10","100.7"
"CA001108380","VANCOUVER SEA ISLAND CCG, BC CA","2022-02-27","0.72",,,"46","51","40","    7","73.8"
"CA001108380","VANCOUVER SEA ISLAND CCG, BC CA","2022-02-28","0.43",,,"45","47","43","    9","69.3"
"CA001108380","VANCOUVER SEA ISLAND CCG, BC CA","2022-03-01","0.09",,,"50","56","45",,
"CA001108380","VANCOUVER SEA ISLAND CCG, BC CA","2022-03-02","0.16",,,"48","53","43",,
"CA001108380","VANCOUVER SEA ISLAND CCG, BC CA","2022-03-03","0.00",,,"45","49","40",,
"CA001108380","VANCOUVER SEA ISLAND CCG, BC CA","2022-03-04","0.00",,,"44","48","41","   29","85.0"
"CA001108380","VANCOUVER SEA ISLAND CCG, BC CA","2022-03-05","0.00",,,"44","49","39","   30","80.5"
"CA001108380","VANCOUVER SEA ISLAND CCG, BC CA","2022-03-06","0.00",,,"40","49","32",,
"CA001108380","VANCOUVER SEA ISLAND CCG, BC CA","2022-03-07","0.00",,,"44","50","37",,
"CA001108380","VANCOUVER SEA ISLAND CCG, BC CA","2022-03-08","0.02",,,"44","50","38",,
"CA001108380","VANCOUVER SEA ISLAND CCG, BC CA","2022-03-09","0.04",,,"39","47","31",,
"CA001108380","VANCOUVER SEA ISLAND CCG, BC CA","2022-03-10","0.00",,,"36","45","28",,
"CA001108380","VANCOUVER SEA ISLAND CCG, BC CA","2022-03-11","0.13",,,"39","42","36",,
"CA001108380","VANCOUVER SEA ISLAND CCG, BC CA","2022-03-12","0.56",,,"45","52","38","   10","69.3"
"CA001108380","VANCOUVER SEA ISLAND CCG, BC CA","2022-03-13","0.29",,,"47","51","42",,
"CA001108380","VANCOUVER SEA ISLAND CCG, BC CA","2022-03-14","1.42",,,"45","47","43","   12","73.8"
"CA001108380","VANCOUVER SEA ISLAND CCG, BC CA","2022-03-15","0.13",,,"46","50","42","    7","73.8"
"CA001108380","VANCOUVER SEA ISLAND CCG, BC CA","2022-03-16","0.00",,,"44","52","36",,
"CA001108380","VANCOUVER SEA ISLAND CCG, BC CA","2022-03-17","0.66",,,"44","46","42",,
"CA001108380","VANCOUVER SEA ISLAND CCG, BC CA","2022-03-18","0.15",,,"46","50","42",,
"CA001108380","VANCOUVER SEA ISLAND CCG, BC CA","2022-03-19","0.08",,,"46","50","43","   27","94.0"
"CA001108380","VANCOUVER SEA ISLAND CCG, BC CA","2022-03-20","0.30",,,"40","45","34","   16","69.3"
"CA001108380","VANCOUVER SEA ISLAND CCG, BC CA","2022-03-21","0.80",,,"44","47","40",,
"CA001108380","VANCOUVER SEA ISLAND CCG, BC CA","2022-03-22","0.28",,,"50","55","45",,
"CA001108380","VANCOUVER SEA ISLAND CCG, BC CA","2022-03-23","0.15",,,"49","55","44","   29","94.0"
"CA001108380","VANCOUVER SEA ISLAND CCG, BC CA","2022-03-24","0.00",,,"43","49","36",,
"CA001108380","VANCOUVER SEA ISLAND CCG, BC CA","2022-03-25","0.01",,,"47","54","40",,
"CA001108380","VANCOUVER SEA ISLAND CCG, BC CA","2022-03-26","0.21",,,"50","55","45",,
"CA001108380","VANCOUVER SEA ISLAND CCG, BC CA","2022-03-27","0.06",,,"50","54","46",,
"CA001108380","VANCOUVER SEA ISLAND CCG, BC CA","2022-03-28","0.12",,,"48","52","44","   30","73.8"
"CA001108380","VANCOUVER SEA ISLAND CCG, BC CA","2022-03-29","0.05",,,"50","59","41",,
"CA001108380","VANCOUVER SEA ISLAND CCG, BC CA","2022-03-30","0.02",,,"47","53","42",,
"CA001108380","VANCOUVER SEA ISLAND CCG, BC CA","2022-03-31","0.00",,,"46","51","42","   28","76.1"
"CA001108380","VANCOUVER SEA ISLAND CCG, BC CA","2022-04-01","0.07",,,"46","50","42",,
"CA001108380","VANCOUVER SEA ISLAND CCG, BC CA","2022-04-02","0.02",,,"47","54","40",,
"CA001108380","VANCOUVER SEA ISLAND CCG, BC CA","2022-04-03","0.62",,,"46","49","43","   16","96.2"
"CA001108380","VANCOUVER SEA ISLAND CCG, BC CA","2022-04-04","0.21",,,"46","49","43","   16","123.0"
"CA001108380","VANCOUVER SEA ISLAND CCG, BC CA","2022-04-05","0.02",,,"47","51","42","   28","102.9"
"CA001108380","VANCOUVER SEA ISLAND CCG, BC CA","2022-04-06","0.00",,,"42","51","33",,
"CA001108380","VANCOUVER SEA ISLAND CCG, BC CA","2022-04-07","0.02",,,"50","55","44",,
"CA001108380","VANCOUVER SEA ISLAND CCG, BC CA","2022-04-08","0.13",,,"49","52","45","   30","105.1"
"CA001108380","VANCOUVER SEA ISLAND CCG, BC CA","2022-04-09","0.02",,,"45","48","42","   27","98.4"
"CA001108380","VANCOUVER SEA ISLAND CCG, BC CA","2022-04-10","0.06",,,"42","48","37",,
"CA001108380","VANCOUVER SEA ISLAND CCG, BC CA","2022-04-11","0.04",,,"45","56","35","   28","102.9"
"CA001108380","VANCOUVER SEA ISLAND CCG, BC CA","2022-04-12","0.35",,,"42","47","36","    5","96.2"
"CA001108380","VANCOUVER SEA ISLAND CCG, BC CA","2022-04-13","0.00",,,"41","49","33",,
"CA001108380","VANCOUVER SEA ISLAND CCG, BC CA","2022-04-14","0.02",,,"42","52","33",,
"CA001108380","VANCOUVER SEA ISLAND CCG, BC CA","2022-04-15","0.14",,,"42","48","36",,
"CA001108380","VANCOUVER SEA ISLAND CCG, BC CA","2022-04-16","0.00",,,"41","51","30","   29","69.3"
"CA001108380","VANCOUVER SEA ISLAND CCG, BC CA","2022-04-17","0.01",,,"45","55","36",,
"CA001108380","VANCOUVER SEA ISLAND CCG, BC CA","2022-04-18","0.75",,,"48","54","42","   11","125.3"
"CA001108380","VANCOUVER SEA ISLAND CCG, BC CA","2022-04-19","0.00",,,"46","53","40","   19","71.6"
"CA001108380","VANCOUVER SEA ISLAND CCG, BC CA","2022-04-20","0.19",,,"47","57","36","   15","89.5"
"CA001108380","VANCOUVER SEA ISLAND CCG, BC CA","2022-04-21","0.30",,,"48","56","40",,
"CA001108380","VANCOUVER SEA ISLAND CCG, BC CA","2022-04-22","0.00",,,"48","55","41",,
"CA001108380","VANCOUVER SEA ISLAND CCG, BC CA","2022-04-23","0.01",,,"50","60","40",,
"CA001108380","VANCOUVER SEA ISLAND CCG, BC CA","2022-04-24","0.03",,,"52","63","42","   27","76.1"
"CA001108380","VANCOUVER SEA ISLAND CCG, BC CA","2022-04-25","0.21",,,"51","57","44","   19","71.6"
"CA001108380","VANCOUVER SEA ISLAND CCG, BC CA","2022-04-26","0.04",,,"47","54","40","   21","69.3"
"CA001108380","VANCOUVER SEA ISLAND CCG, BC CA","2022-04-27","0.00",,,"46","53","38",,
"CA001108380","VANCOUVER SEA ISLAND CCG, BC CA","2022-04-28","0.00",,,"46","54","38",,
"CA001108380","VANCOUVER SEA ISLAND CCG, BC CA","2022-04-29","0.01",,,"50","60","40",,
"CA001108380","VANCOUVER SEA ISLAND CCG, BC CA","2022-04-30","0.31",,,"53","59","47",,
"CA001108380","VANCOUVER SEA ISLAND CCG, BC CA","2022-05-01","0.00",,,"51","61","41",,
"CA001108380","VANCOUVER SEA ISLAND CCG, BC CA","2022-05-02","0.07",,,"53","59","47",,
"CA001108380","VANCOUVER SEA ISLAND CCG, BC CA","2022-05-03","0.06",,,"52","57","47",,
"CA001108380","VANCOUVER SEA ISLAND CCG, BC CA","2022-05-04","0.06",,,"50","54","46",,
"CA001108380","VANCOUVER SEA ISLAND CCG, BC CA","2022-05-05","0.37",,,"49","51","47",,
"CA001108380","VANCOUVER SEA ISLAND CCG, BC CA","2022-05-06","0.00",,,"49","56","43",,
"CA001108380","VANCOUVER SEA ISLAND CCG, BC CA","2022-05-07","0.00",,,"50","58","42","   23","85.0"
"CA001108380","VANCOUVER SEA ISLAND CCG, BC CA","2022-05-08","0.08",,,"48","53","42",,
"CA001108380","VANCOUVER SEA ISLAND CCG, BC CA","2022-05-09","0.14",,,"51","57","45",,
"CA001108380","VANCOUVER SEA ISLAND CCG, BC CA","2022-05-10","0.00",,,"52","59","45",,
"CA001108380","VANCOUVER SEA ISLAND CCG, BC CA","2022-05-11","0.02",,,"52","58","46",,
"CA001108380","VANCOUVER SEA ISLAND CCG, BC CA","2022-05-12","0.24",,,"48","52","45","   17","116.3"
"CA001108380","VANCOUVER SEA ISLAND CCG, BC CA","2022-05-13","0.06",,,"49","56","42","   27","87.2"
"CA001108380","VANCOUVER SEA ISLAND CCG, BC CA","2022-05-14","0.10",,,"51","58","45",,
"CA001108380","VANCOUVER SEA ISLAND CCG, BC CA","2022-05-15","0.89",,,"54","57","51","   26","78.3"
"CA001108380","VANCOUVER SEA ISLAND CCG, BC CA","2022-05-16","0.04",,,"55","60","49",,
"CA001108380","VANCOUVER SEA ISLAND CCG, BC CA","2022-05-17","0.01",,,"51","59","44","   19","76.1"
"CA001108380","VANCOUVER SEA ISLAND CCG, BC CA","2022-05-18","0.22",,,"53","59","47","   22","116.3"
"CA001108380","VANCOUVER SEA ISLAND CCG, BC CA","2022-05-19","0.00",,,"53","58","48","   28","102.9"
"CA001108380","VANCOUVER SEA ISLAND CCG, BC CA","2022-05-20","0.00",,,"50","59","42",,
"CA001108380","VANCOUVER SEA ISLAND CCG, BC CA","2022-05-21","0.00",,,"53","63","44",,
"CA001108380","VANCOUVER SEA ISLAND CCG, BC CA","2022-05-22","0.00",,,"56","68","45",,
"CA001108380","VANCOUVER SEA ISLAND CCG, BC CA","2022-05-23","0.00",,,"58","63","52",,
"CA001108380","VANCOUVER SEA ISLAND CCG, BC CA","2022-05-24","0.00",,,"55","60","50",,
"CA001108380","VANCOUVER SEA ISLAND CCG, BC CA","2022-05-25","0.02",,,"58","66","51",,
"CA001108380","VANCOUVER SEA ISLAND CCG, BC CA","2022-05-26","0.30",,,"56","61","50",,
"CA001108380","VANCOUVER SEA ISLAND CCG, BC CA","2022-05-27","0.30",,,"56","61","52","   19","87.2"
"CA001108380","VANCOUVER SEA ISLAND CCG, BC CA","2022-05-28","0.00",,,"52","59","46",,
"CA001108380","VANCOUVER SEA ISLAND CCG, BC CA","2022-05-29","0.00",,,"57","62","51",,
"CA001108380","VANCOUVER SEA ISLAND CCG, BC CA","2022-05-30","0.17",,,"54","59","49",,
"CA001108380","VANCOUVER SEA ISLAND CCG, BC CA","2022-05-31","0.00",,,"58","64","52",,
"CA001108380","VANCOUVER SEA ISLAND CCG, BC CA","2022-06-01","0.00",,,"58","65","51",,
"CA001108380","VANCOUVER SEA ISLAND CCG, BC CA","2022-06-02","0.00",,,"61","67","55",,
"CA001108380","VANCOUVER SEA ISLAND CCG, BC CA","2022-06-03","0.60",,,"60","63","56",,
"CA001108380","VANCOUVER SEA ISLAND CCG, BC CA","2022-06-04","0.17",,,"62","69","55",,
"CA001108380","VANCOUVER SEA ISLAND CCG, BC CA","2022-06-05","0.26",,,"61","68","54",,
"CA001108380","VANCOUVER SEA ISLAND CCG, BC CA","2022-06-06","0.00",,,"56","63","48",,
"CA001108380","VANCOUVER SEA ISLAND CCG, BC CA","2022-06-07","0.02",,,"55","63","47",,
"CA001108380","VANCOUVER SEA ISLAND CCG, BC CA","2022-06-08","0.01",,,"62","69","54",,
"CA001108380","VANCOUVER SEA ISLAND CCG, BC CA","2022-06-09","0.99",,,"56","58","54",,
"CA001108380","VANCOUVER SEA ISLAND CCG, BC CA","2022-06-10","0.01",,,"62","70","54",,
"CA001108380","VANCOUVER SEA ISLAND CCG, BC CA","2022-06-11","0.00",,,"60","68","53",,
"CA001108380","VANCOUVER SEA ISLAND CCG, BC CA","2022-06-12","0.11",,,"59","63","54",,
"CA001108380","VANCOUVER SEA ISLAND CCG, BC CA","2022-06-13","0.00",,,"59","63","55","   27","98.4"
"CA001108380","VANCOUVER SEA ISLAND CCG, BC CA","2022-06-14","0.00",,,"59","64","54","   27","87.2"
"CA001108380","VANCOUVER SEA ISLAND CCG, BC CA","2022-06-15","0.01",,,"57","61","54",,
"CA001108380","VANCOUVER SEA ISLAND CCG, BC CA","2022-06-16","0.02",,,"59","65","53",,
"CA001108380","VANCOUVER SEA ISLAND CCG, BC CA","2022-06-17","0.01",,,"58","66","51","   29","85.0"
"CA001108380","VANCOUVER SEA ISLAND CCG, BC CA","2022-06-18","0.15",,,"60","66","53",,
"CA001108380","VANCOUVER SEA ISLAND CCG, BC CA","2022-06-19","0.01",,,"59","65","54",,
"CA001108380","VANCOUVER SEA ISLAND CCG, BC CA","2022-06-20","0.00",,,"60","67","52",,
"CA001108380","VANCOUVER SEA ISLAND CCG, BC CA","2022-06-21","0.00",,,"60","65","56",,
"CA001108380","VANCOUVER SEA ISLAND CCG, BC CA","2022-06-22","0.00",,,"60","65","56","   28","78.3"
"CA001108380","VANCOUVER SEA ISLAND CCG, BC CA","2022-06-23","0.01",,,"59","66","52","   28","105.1"
"CA001108380","VANCOUVER SEA ISLAND CCG, BC CA","2022-06-24","0.00",,,"57","67","47",,
"CA001108380","VANCOUVER SEA ISLAND CCG, BC CA","2022-06-25","0.01",,,"64","75","53",,
"CA001108380","VANCOUVER SEA ISLAND CCG, BC CA","2022-06-26","0.00",,,"66","76","56",,
"CA001108380","VANCOUVER SEA ISLAND CCG, BC CA","2022-06-27","0.02",,,"67","78","57",,
"CA001108380","VANCOUVER SEA ISLAND CCG, BC CA","2022-06-28","0.05",,,"64","71","57",,
"CA001108380","VANCOUVER SEA ISLAND CCG, BC CA","2022-06-29","0.00",,,"63","71","55",,
"CA001108380","VANCOUVER SEA ISLAND CCG, BC CA","2022-06-30","0.00",,,"61","69","54",,
"CA001108380","VANCOUVER SEA ISLAND CCG, BC CA","2022-07-01","0.00",,,"65","76","54",,
"CA001108380","VANCOUVER SEA ISLAND CCG, BC CA","2022-07-02","0.00",,,"62","70","55",,
"CA001108380","VANCOUVER SEA ISLAND CCG, BC CA","2022-07-03","0.38",,,"58","60","55",,
"CA001108380","VANCOUVER SEA ISLAND CCG, BC CA","2022-07-04","0.09",,,"60","65","55",,
"CA001108380","VANCOUVER SEA ISLAND CCG, BC CA","2022-07-05","0.00",,,"63","70","56",,
"CA001108380","VANCOUVER SEA ISLAND CCG, BC CA","2022-07-06","0.04",,,"65","71","60",,
"CA001108380","VANCOUVER SEA ISLAND CCG, BC CA","2022-07-07","0.34",,,"67","74","59",,
"CA001108380","VANCOUVER SEA ISLAND CCG, BC CA","2022-07-08","0.00",,,"65","71","59",,
"CA001108380","VANCOUVER SEA ISLAND CCG, BC CA","2022-07-09","0.00",,,"64","71","57",,
"CA001108380","VANCOUVER SEA ISLAND CCG, BC CA","2022-07-10","0.00",,,"67","75","58",,
"CA001108380","VANCOUVER SEA ISLAND CCG, BC CA","2022-07-11","0.00",,,"65","74","56",,
"CA001108380","VANCOUVER SEA ISLAND CCG, BC CA","2022-07-12","0.00",,,"66","74","58","   29","73.8"
"CA001108380","VANCOUVER SEA ISLAND CCG, BC CA","2022-07-13","0.00",,,"65","71","59","   27","89.5"
"CA001108380","VANCOUVER SEA ISLAND CCG, BC CA","2022-07-14","0.00",,,"67","78","55",,
"CA001108380","VANCOUVER SEA ISLAND CCG, BC CA","2022-07-15","0.03",,,"64","70","59",,
"CA001108380","VANCOUVER SEA ISLAND CCG, BC CA","2022-07-16","0.00",,,"67","74","59",,
"CA001108380","VANCOUVER SEA ISLAND CCG, BC CA","2022-07-17","0.05",,,"61","67","56",,
"CA001108380","VANCOUVER SEA ISLAND CCG, BC CA","2022-07-18","0.00",,,"63","70","57",,
"CA001108380","VANCOUVER SEA ISLAND CCG, BC CA","2022-07-19","0.00",,,"63","73","54",,
"CA001108380","VANCOUVER SEA ISLAND CCG, BC CA","2022-07-20","0.00",,,"65","72","57",,
"CA001108380","VANCOUVER SEA ISLAND CCG, BC CA","2022-07-21","0.00",,,"66","75","58",,
"CA001108380","VANCOUVER SEA ISLAND CCG, BC CA","2022-07-22","0.00",,,"65","73","57",,
"CA001108380","VANCOUVER SEA ISLAND CCG, BC CA","2022-07-23","0.00",,,"63","71","54",,
"CA001108380","VANCOUVER SEA ISLAND CCG, BC CA","2022-07-24","0.00",,,"65","74","57",,
"CA001108380","VANCOUVER SEA ISLAND CCG, BC CA","2022-07-25","0.00",,,"70","76","63","   30","78.3"
"CA001108380","VANCOUVER SEA ISLAND CCG, BC CA","2022-07-26","0.00",,,"74","82","65",,
"CA001108380","VANCOUVER SEA ISLAND CCG, BC CA","2022-07-27","0.01",,,"77","89","65",,
"CA001108380","VANCOUVER SEA ISLAND CCG, BC CA","2022-07-28","0.00",,,"73","83","63",,
"CA001108380","VANCOUVER SEA ISLAND CCG, BC CA","2022-07-29","0.00",,,"73","82","64",,
"CA001108380","VANCOUVER SEA ISLAND CCG, BC CA","2022-07-30","0.00",,,"73","82","63",,
"CA001108380","VANCOUVER SEA ISLAND CCG, BC CA","2022-07-31","0.00",,,"73","80","67",,
"CA001108380","VANCOUVER SEA ISLAND CCG, BC CA","2022-08-01","0.00",,,"69","78","61",,
"CA001108380","VANCOUVER SEA ISLAND CCG, BC CA","2022-08-02","0.00",,,"68","74","62",,
"CA001108380","VANCOUVER SEA ISLAND CCG, BC CA","2022-08-03","0.22",,,"65","72","59",,
"CA001108380","VANCOUVER SEA ISLAND CCG, BC CA","2022-08-04","0.00",,,"65","71","59","   28","69.3"
"CA001108380","VANCOUVER SEA ISLAND CCG, BC CA","2022-08-05","0.00",,,"63","72","54","   29","85.0"
"CA001108380","VANCOUVER SEA ISLAND CCG, BC CA","2022-08-06","0.00",,,"67","76","58",,
"CA001108380","VANCOUVER SEA ISLAND CCG, BC CA","2022-08-07","0.00",,,"68","77","60",,
"CA001108380","VANCOUVER SEA ISLAND CCG, BC CA","2022-08-08","0.00",,,"69","78","60",,
"CA001108380","VANCOUVER SEA ISLAND CCG, BC CA","2022-08-09","0.00",,,"69","76","62",,
"CA001108380","VANCOUVER SEA ISLAND CCG, BC CA","2022-08-10","0.02",,,"67","71","62",,
"CA001108380","VANCOUVER SEA ISLAND CCG, BC CA","2022-08-11","0.00",,,"67","75","59",,
"CA001108380","VANCOUVER SEA ISLAND CCG, BC CA","2022-08-12","0.00",,,"68","78","58",,
"CA001108380","VANCOUVER SEA ISLAND CCG, BC CA","2022-08-13","0.00",,,"69","78","60",,
"CA001108380","VANCOUVER SEA ISLAND CCG, BC CA","2022-08-14","0.00",,,"67","78","57",,
"CA001108380","VANCOUVER SEA ISLAND CCG, BC CA","2022-08-15","0.00",,,"69","81","57",,
"CA001108380","VANCOUVER SEA ISLAND CCG, BC CA","2022-08-16","0.00",,,"71","81","61",,
"CA001108380","VANCOUVER SEA ISLAND CCG, BC CA","2022-08-17","0.00",,,"70","81","59",,
"CA001108380","VANCOUVER SEA ISLAND CCG, BC CA","2022-08-18","0.00",,,"74","82","65",,
"CA001108380","VANCOUVER SEA ISLAND CCG, BC CA","2022-08-19","0.00",,,"73","81","65","   22","71.6"
"CA001108380","VANCOUVER SEA ISLAND CCG, BC CA","2022-08-20","0.00",,,"71","79","63",,
"CA001108380","VANCOUVER SEA ISLAND CCG, BC CA","2022-08-21","0.00",,,"71","78","64",,
"CA001108380","VANCOUVER SEA ISLAND CCG, BC CA","2022-08-22","0.00",,,"69","78","59",,
"CA001108380","VANCOUVER SEA ISLAND CCG, BC CA","2022-08-23","0.00",,,"67","76","57",,
"CA001108380","VANCOUVER SEA ISLAND CCG, BC CA","2022-08-24","0.00",,,"69","79","59",,
"CA001108380","VANCOUVER SEA ISLAND CCG, BC CA","2022-08-25","0.00",,,"71","80","63",,
"CA001108380","VANCOUVER SEA ISLAND CCG, BC CA","2022-08-26","0.00",,,"65","70","60",,
"CA001108380","VANCOUVER SEA ISLAND CCG, BC CA","2022-08-27","0.01",,,"65","72","58","   27","114.1"
"CA001108380","VANCOUVER SEA ISLAND CCG, BC CA","2022-08-28","0.00",,,"65","75","54",,
"CA001108380","VANCOUVER SEA ISLAND CCG, BC CA","2022-08-29","0.00",,,"68","78","59",,
"CA001108380","VANCOUVER SEA ISLAND CCG, BC CA","2022-08-30","0.00",,,"72","81","63",,
"CA001108380","VANCOUVER SEA ISLAND CCG, BC CA","2022-08-31","0.00",,,"72","83","61",,
"CA001108380","VANCOUVER SEA ISLAND CCG, BC CA","2022-09-01","0.00",,,"70","79","61",,
"CA001108380","VANCOUVER SEA ISLAND CCG, BC CA","2022-09-02","0.00",,,"67","76","58",,
"CA001108380","VANCOUVER SEA ISLAND CCG, BC CA","2022-09-03","0.00",,,"67","75","58",,
"CA001108380","VANCOUVER SEA ISLAND CCG, BC CA","2022-09-04","0.19",,,"64","69","58",,
"CA001108380","VANCOUVER SEA ISLAND CCG, BC CA","2022-09-05","0.00",,,"61","70","53",,
"CA001108380","VANCOUVER SEA ISLAND CCG, BC CA","2022-09-06","0.00",,,"62","71","53",,
"CA001108380","VANCOUVER SEA ISLAND CCG, BC CA","2022-09-07","0.02",,,"61","69","54","   29","120.8"
"CA001108380","VANCOUVER SEA ISLAND CCG, BC CA","2022-09-08","0.00",,,"59","68","51","   30","94.0"
"CA001108380","VANCOUVER SEA ISLAND CCG, BC CA","2022-09-09","0.00",,,"63","69","56","   32","78.3"
"CA001108380","VANCOUVER SEA ISLAND CCG, BC CA","2022-09-10","0.00",,,"65","76","53",,
"CA001108380","VANCOUVER SEA ISLAND CCG, BC CA","2022-09-11","0.00",,,"67","80","54",,
"CA001108380","VANCOUVER SEA ISLAND CCG, BC CA","2022-09-12","0.00",,,"67","75","58",,
"CA001108380","VANCOUVER SEA ISLAND CCG, BC CA","2022-09-13","0.00",,,"61","67","54",,
"CA001108380","VANCOUVER SEA ISLAND CCG, BC CA","2022-09-14","0.00",,,"64","73","55",,
"CA001108380","VANCOUVER SEA ISLAND CCG, BC CA","2022-09-15","0.01",,,"61","65","57",,
"CA001108380","VANCOUVER SEA ISLAND CCG, BC CA","2022-09-16","0.04",,,"59","65","53",,
"CA001108380","VANCOUVER SEA ISLAND CCG, BC CA","2022-09-17","0.00",,,"57","64","50","   29","71.6"
"CA001108380","VANCOUVER SEA ISLAND CCG, BC CA","2022-09-18","0.00",,,"60","68","51","   30","71.6"
"CA001108380","VANCOUVER SEA ISLAND CCG, BC CA","2022-09-19","0.00",,,"56","68","45",,
"CA001108380","VANCOUVER SEA ISLAND CCG, BC CA","2022-09-20","0.01",,,"60","72","48","   31","73.8"
"CA001108380","VANCOUVER SEA ISLAND CCG, BC CA","2022-09-21","0.00",,,"58","70","47",,
"CA001108380","VANCOUVER SEA ISLAND CCG, BC CA","2022-09-22","0.00",,,"60","71","50",,
"CA001108380","VANCOUVER SEA ISLAND CCG, BC CA","2022-09-23","0.00",,,"60","65","55",,
"CA001108380","VANCOUVER SEA ISLAND CCG, BC CA","2022-09-24","0.00",,,"61","68","53",,
"CA001108380","VANCOUVER SEA ISLAND CCG, BC CA","2022-09-25","0.00",,,"61","70","52",,
"CA001108380","VANCOUVER SEA ISLAND CCG, BC CA","2022-09-26","0.00",,,"63","73","53",,
"CA001108380","VANCOUVER SEA ISLAND CCG, BC CA","2022-09-27","0.00",,,"62","71","53",,
"CA001108380","VANCOUVER SEA ISLAND CCG, BC CA","2022-09-28","0.00",,,"62","69","54",,
"CA001108380","VANCOUVER SEA ISLAND CCG, BC CA","2022-09-29","0.00",,,"61","69","53",,
"CA001108380","VANCOUVER SEA ISLAND CCG, BC CA","2022-09-30","0.00",,,"58","67","50",,
"CA001108380","VANCOUVER SEA ISLAND CCG, BC CA","2022-10-01","0.00",,,"59","67","51",,
"CA001108380","VANCOUVER SEA ISLAND CCG, BC CA","2022-10-02","0.00",,,"60","69","52",,
"CA001108380","VANCOUVER SEA ISLAND CCG, BC CA","2022-10-03","0.00",,,"61","71","51",,
"CA001108380","VANCOUVER SEA ISLAND CCG, BC CA","2022-10-04","0.00",,,"60","68","51",,
"CA001108380","VANCOUVER SEA ISLAND CCG, BC CA","2022-10-05","0.00",,,"59","65","53",,
"CA001108380","VANCOUVER SEA ISLAND CCG, BC CA","2022-10-06","0.00",,,"59","69","50",,
"CA001108380","VANCOUVER SEA ISLAND CCG, BC CA","2022-10-07","0.00",,,"59","67","50",,
"CA001108380","VANCOUVER SEA ISLAND CCG, BC CA","2022-10-08","0.00",,,"60","69","50",,
"CA001108380","VANCOUVER SEA ISLAND CCG, BC CA","2022-10-09","0.00",,,"59","66","52",,
"CA001108380","VANCOUVER SEA ISLAND CCG, BC CA","2022-10-10","0.01",,,"58","68","49","   29","114.1"
"CA001108380","VANCOUVER SEA ISLAND CCG, BC CA","2022-10-11","0.00",,,"55","62","47","   28","100.7"
"CA001108380","VANCOUVER SEA ISLAND CCG, BC CA","2022-10-12","0.00",,,"54","62","45",,
"CA001108380","VANCOUVER SEA ISLAND CCG, BC CA","2022-10-13","0.00",,,"55","63","46",,
"CA001108380","VANCOUVER SEA ISLAND CCG, BC CA","2022-10-14","0.00",,,"55","65","45",,
"CA001108380","VANCOUVER SEA ISLAND CCG, BC CA","2022-10-15","0.00",,,"56","65","46",,
"CA001108380","VANCOUVER SEA ISLAND CCG, BC CA","2022-10-16","0.00",,,"55","65","45",,
"CA001108380","VANCOUVER SEA ISLAND CCG, BC CA","2022-10-17","0.00",,,"58","65","50",,
"CA001108380","VANCOUVER SEA ISLAND CCG, BC CA","2022-10-18","0.00",,,"54","62","46",,
"CA001108380","VANCOUVER SEA ISLAND CCG, BC CA","2022-10-19","0.00",,,"51","57","44",,
"CA001108380","VANCOUVER SEA ISLAND CCG, BC CA","2022-10-20","0.00",,,"56","64","48","   27","73.8"
"CA001108380","VANCOUVER SEA ISLAND CCG, BC CA","2022-10-21","0.04",,,"51","56","46","   29","89.5"
"CA001108380","VANCOUVER SEA ISLAND CCG, BC CA","2022-10-22","0.00",,,"49","54","43",,
"CA001108380","VANCOUVER SEA ISLAND CCG, BC CA","2022-10-23","0.23",,,"47","55","39",,
"CA001108380","VANCOUVER SEA ISLAND CCG, BC CA","2022-10-24","0.46",,,"51","58","45","   27","91.7"
"CA001108380","VANCOUVER SEA ISLAND CCG, BC CA","2022-10-25","0.61",,,"48","51","45","   12","87.2"
"CA001108380","VANCOUVER SEA ISLAND CCG, BC CA","2022-10-26","0.15",,,"46","51","41","   28","71.6"
"CA001108380","VANCOUVER SEA ISLAND CCG, BC CA","2022-10-27","0.66",,,"51","54","47","   13","91.7"
"CA001108380","VANCOUVER SEA ISLAND CCG, BC CA","2022-10-28","0.07",,,"52","59","45",,
"CA001108380","VANCOUVER SEA ISLAND CCG, BC CA","2022-10-29","0.00",,,"50","55","45","   16","73.8"
"CA001108380","VANCOUVER SEA ISLAND CCG, BC CA","2022-10-30","0.93",,,"52","54","50",,
"CA001108380","VANCOUVER SEA ISLAND CCG, BC CA","2022-10-31","0.06",,,"47","54","41",,
"CA001108380","VANCOUVER SEA ISLAND CCG, BC CA","2022-11-01","0.00",,,"44","52","36",,
"CA001108380","VANCOUVER SEA ISLAND CCG, BC CA","2022-11-02","0.00",,,"42","49","35",,
"CA001108380","VANCOUVER SEA ISLAND CCG, BC CA","2022-11-03","0.98",,,"39","43","36",,
"CA001108380","VANCOUVER SEA ISLAND CCG, BC CA","2022-11-04","1.51",,,"46","54","38","   25","165.5"
"CA001108380","VANCOUVER SEA ISLAND CCG, BC CA","2022-11-05","0.34",,,"43","49","36","   31","127.5"
"CA001108380","VANCOUVER SEA ISLAND CCG, BC CA","2022-11-06","0.73",,,"39","42","36","    8","105.1"
"CA001108380","VANCOUVER SEA ISLAND CCG, BC CA","2022-11-07","0.07",,,"37","41","33","   31","78.3"
"CA001108380","VANCOUVER SEA ISLAND CCG, BC CA","2022-11-08","0.11",,,"37","44","30","   33","85.0"
"CA001108380","VANCOUVER SEA ISLAND CCG, BC CA","2022-11-09","0.00",,,"34","43","25",,
"CA001108380","VANCOUVER SEA ISLAND CCG, BC CA","2022-11-10","0.00",,,"39","42","36",,
"CA001108380","VANCOUVER SEA ISLAND CCG, BC CA","2022-11-11","0.01",,,"40","46","35",,
"CA001108380","VANCOUVER SEA ISLAND CCG, BC CA","2022-11-12","0.00",,,"38","46","30",,
"CA001108380","VANCOUVER SEA ISLAND CCG, BC CA","2022-11-13","0.03",,,"41","47","35",,
"CA001108380","VANCOUVER SEA ISLAND CCG, BC CA","2022-11-14","0.00",,,"38","48","29",,
"CA001108380","VANCOUVER SEA ISLAND CCG, BC CA","2022-11-15","0.00",,,"37","46","29",,
"CA001108380","VANCOUVER SEA ISLAND CCG, BC CA","2022-11-16","0.00",,,"40","43","36",,
"CA001108380","VANCOUVER SEA ISLAND CCG, BC CA","2022-11-17","0.00",,,"44","55","33",,
"CA001108380","VANCOUVER SEA ISLAND CCG, BC CA","2022-11-18","0.00",,,"36","47","26",,
"CA001108380","VANCOUVER SEA ISLAND CCG, BC CA","2022-11-19","0.00",,,"34","44","24",,
"CA001108380","VANCOUVER SEA ISLAND CCG, BC CA","2022-11-20","0.00",,,"37","46","29",,
"CA001108380","VANCOUVER SEA ISLAND CCG, BC CA","2022-11-21","0.02",,,"42","48","36",,
"CA001108380","VANCOUVER SEA ISLAND CCG, BC CA","2022-11-22","0.74",,,"46","47","44","   27","91.7"
"CA001108380","VANCOUVER SEA ISLAND CCG, BC CA","2022-11-23","0.00",,,"45","49","40",,
"CA001108380","VANCOUVER SEA ISLAND CCG, BC CA","2022-11-24","0.00",,,"47","54","41",,
"CA001108380","VANCOUVER SEA ISLAND CCG, BC CA","2022-11-25","0.65",,,"45","51","39","   26","102.9"
"CA001108380","VANCOUVER SEA ISLAND CCG, BC CA","2022-11-26","0.18",,,"41","48","34","   17","107.4"
"CA001108380","VANCOUVER SEA ISLAND CCG, BC CA","2022-11-27","0.67",,,"42","48","35","   27","127.5"
"CA001108380","VANCOUVER SEA ISLAND CCG, BC CA","2022-11-28","0.00",,,"35","43","27",,
"CA001108380","VANCOUVER SEA ISLAND CCG, BC CA","2022-11-29","0.46",,,"30","34","26","    8","100.7"
"CA001108380","VANCOUVER SEA ISLAND CCG, BC CA","2022-11-30","0.20",,,"35","41","28","   25","80.5"
"CA001108380","VANCOUVER SEA ISLAND CCG, BC CA","2022-12-01","0.00",,,"28","31","24",,
"CA001108380","VANCOUVER SEA ISLAND CCG, BC CA","2022-12-02","0.01",,,"29","36","22",,
"CA001108380","VANCOUVER SEA ISLAND CCG, BC CA","2022-12-03","0.00",,,"34","41","27",,
"CA001108380","VANCOUVER SEA ISLAND CCG, BC CA","2022-12-04","0.00",,,"31","40","22",,
"CA001108380","VANCOUVER SEA ISLAND CCG, BC CA","2022-12-05","0.00",,,"29","35","23",,
"CA001108380","VANCOUVER SEA ISLAND CCG, BC CA","2022-12-06","0.00",,,"35","37","33",,
"CA001108380","VANCOUVER SEA ISLAND CCG, BC CA","2022-12-07","0.07",,,"39","42","35","    8","73.8"
"CA001108380","VANCOUVER SEA ISLAND CCG, BC CA","2022-12-08","0.26",,,"39","44","34","    8","80.5"
"CA001108380","VANCOUVER SEA ISLAND CCG, BC CA","2022-12-09","0.31",,,"38","41","34","    6","100.7"
"CA001108380","VANCOUVER SEA ISLAND CCG, BC CA","2022-12-10","0.53",,,"42","46","38","    8","91.7"
"CA001108380","VANCOUVER SEA ISLAND CCG, BC CA","2022-12-11","0.02",,,"43","45","41",,
"CA001108380","VANCOUVER SEA ISLAND CCG, BC CA","2022-12-12","0.00",,,"38","44","33",,
"CA001108380","VANCOUVER SEA ISLAND CCG, BC CA","2022-12-13","0.01",,,"36","39","33",,
"CA001108380","VANCOUVER SEA ISLAND CCG, BC CA","2022-12-14","0.01",,,"36","43","29",,
"CA001108380","VANCOUVER SEA ISLAND CCG, BC CA","2022-12-15","0.00",,,"35","41","28",,
"CA001108380","VANCOUVER SEA ISLAND CCG, BC CA","2022-12-16","0.00",,,"35","40","29",,
"CA001108380","VANCOUVER SEA ISLAND CCG, BC CA","2022-12-17","0.07",,,"37","39","34",,
"CA001108380","VANCOUVER SEA ISLAND CCG, BC CA","2022-12-18","0.23",,,"29","38","21",,
"CA001108380","VANCOUVER SEA ISLAND CCG, BC CA","2022-12-19","0.07",,,"19","21","18",,
"CA001108380","VANCOUVER SEA ISLAND CCG, BC CA","2022-12-20","0.13",,,"18","20","17",,
"CA001108380","VANCOUVER SEA ISLAND CCG, BC CA","2022-12-21","0.00",,,"15","21","9",,
"CA001108380","VANCOUVER SEA ISLAND CCG, BC CA","2022-12-22","0.17",,,"13","20","7",,
"CA001108380","VANCOUVER SEA ISLAND CCG, BC CA","2022-12-23","0.64",,,"26","34","17",,
"CA001108380","VANCOUVER SEA ISLAND CCG, BC CA","2022-12-24","1.34",,,"40","46","34",,
"CA001108380","VANCOUVER SEA ISLAND CCG, BC CA","2022-12-25","0.70",,,"43","47","38",,
"CA001108380","VANCOUVER SEA ISLAND CCG, BC CA","2022-12-26","0.79",,,"49","54","44","   16","96.2"
"CA001108380","VANCOUVER SEA ISLAND CCG, BC CA","2022-12-27","1.04",,,"46","49","42","   25","80.5"
"CA001108380","VANCOUVER SEA ISLAND CCG, BC CA","2022-12-28","0.12",,,"44","48","39","   25","71.6"
"CA001108380","VANCOUVER SEA ISLAND CCG, BC CA","2022-12-29","0.11",,,"40","43","38",,
"CA001108380","VANCOUVER SEA ISLAND CCG, BC CA","2022-12-30","0.48",,,"46","51","41","   15","71.6"
"CA001108380","VANCOUVER SEA ISLAND CCG, BC CA","2022-12-31","0.15",,,"44","50","38",,
